site_no,station_nm,lat,lon,alt,huc_cd,begin_date,end_date,obs_count,ref,order,drainage_area,aggregion,region1,region2,region3,precip,dam_count,dam_storage,storage_precip_ratio,dist_index,wr_comments,screen_comments,days_missing,type,region
01054200,"Wild River at Gilead, Maine",44.39055556,-70.9797222,682.57,01040002,1964-07-10,2025-12-07,22428,Ref,3,180.981,NorthEast,5,5.3,58,1362.225,0,0,0,4,NA,"HBN, roadless",3,headwater,nf
01055000,"Swift River near Roxbury, Maine",44.64277778,-70.58888889,615.27,01040002,1929-06-16,2025-12-07,35239,Ref,3,250.641,NorthEast,5,5.3,58,1351.456,0,0,0,3,NA,minimal disturbance,0,headwater,nf
01055500,"Nezinscot River at Turner Center, Maine",44.26944444,-70.22972222,275.08,010400020704,1941-08-31,2025-09-30,28947,Non-ref,3,439.5051,NorthEast,5,5.3,58,1134.067,5,40.37011174614357,0.03559764259619896,13,NA,upstrm RoR dam,1765,headwater,nf
01073000,"OYSTER RIVER NEAR DURHAM, NH",43.1486955,-70.9650603,64.58,01060003,1934-12-15,2025-12-07,33230,Ref,3,31.2984,NorthEast,8,8.1,59,1121.979,0,0,0,10,NA,"mostly forested, lt development",1,headwater,ef
01094400,"NORTH NASHUA RIVER AT FITCHBURG, MA",42.57620079,-71.7881285,394.13,01070004,1972-10-01,2025-12-07,19426,Non-ref,3,166.1607,NorthEast,5,5.3,58,1239.201,27,140.41863689789463,0.11331385053586517,13,Flow regulated by mills and reservoirs upstream. Flow affected by diversions for municipal use.,proximal urban,0,headwater,nf
01097300,"NASHOBA BROOK NEAR ACTON, MA",42.51259289,-71.40422829,154.19,01070005,1963-07-26,2025-12-07,22781,Non-ref,3,30.8718,NorthEast,8,8.1,59,1173.347,1,2.7957553495423006,0.002382718283289,13,Occasional regulation since 1967 by pond upstream.,"prox urban, regulated ponds",0,headwater,ef
01100600,"SHAWSHEEN RIVER NEAR WILMINGTON, MA",42.5681488,-71.2147792,79.61,01070002,1963-11-21,2025-12-07,22663,Non-ref,3,96.4215,NorthEast,8,8.1,59,1193.967,4,2.7109721379567837,0.00227055868207143,17,Diversion upstream at times each year since 1973 for municipal supply of Burlington.,prox suburban,0,headwater,ef
01101000,"PARKER RIVER AT BYFIELD, MA",42.75286948,-70.9456096,22.68,01090001,1945-10-26,2025-12-07,29211,Non-ref,2,55.4778,NorthEast,8,8.1,59,1196.913,3,29.55939132409721,0.02469635748303945,15,Occasional regulation by mill and ponds upstream.,proximal millpond,52,headwater,ef
01102500,"ABERJONA RIVER AT WINCHESTER, MA",42.4474568,-71.1380816,-0.8,01090001,1939-04-16,2025-12-07,31642,Non-ref,3,59.74671,NorthEast,8,8.1,59,1212.691,3,49.90055519375042,0.04114861509960115,17,Flow affected by diversions for industrial use and for municipal,urban basin,6,headwater,ef
01105000,"NEPONSET RIVER AT NORWOOD, MA",42.1775987,-71.2008863,43.25,01090001,1939-10-01,2025-12-07,31472,Non-ref,3,84.8778,NorthEast,8,8.1,59,1220.845,11,62.23266861299422,0.05097507760034583,21,Flow regulated by mills and reservoirs upstream. Flow affected by several diversions upstream for municipal and industrial use.,urban basin,8,headwater,ef
01105600,"OLD SWAMP RIVER NEAR SOUTH WEYMOUTH, MA",42.1903779,-70.9447679,69.21,01090001,1966-05-20,2025-12-07,21752,Non-ref,2,12.6603,NorthEast,8,8.1,59,1188.954,0,0,0,14,NA,dense proximal urban,0,headwater,ef
01105730,"INDIAN HEAD RIVER AT HANOVER, MA",42.100529,-70.8225115,2.35,01090002,1966-07-08,2025-12-07,21703,Non-ref,3,79.5672,NorthEast,8,8.1,59,1191.827,7,31.070152022441412,0.02606934733182031,21,"Some regulation by mills and by Wampatuck, Indian Head, Maquan, and other ponds upstream.",much urban,0,headwater,ef
01105870,"JONES RIVER AT KINGSTON, MA",41.99080729,-70.7336207,3.94,01090002,1966-08-01,2025-12-07,21679,Non-ref,3,55.1439,NorthEast,8,8.1,59,1256.612,12,104.7998237339035,0.08339871315402328,16,Flow regulated by pond upstream. Flow affected by diversion of water from Silver Lake,proximal regulated ponds,0,headwater,ef
01109000,"WADING RIVER NEAR NORTON, MA",41.94760015,-71.1767155,54.35,01090004,1925-06-01,2025-12-07,36715,Non-ref,3,112.7429,NorthEast,8,8.1,59,1248.292,16,38.68200126127676,0.03098794293424676,20,Diversion upstream for municipal supply of Attleboro and small diversions to and from basin for other municipal supplies.,suburban & regulated pond,0,headwater,ef
01109070,"SEGREGANSET RIVER NEAR DIGHTON, MA",41.840379,-71.142824,29.18,01090004,1966-07-01,2025-12-07,21552,Non-ref,2,27.1674,NorthEast,8,8.1,59,1237.932,2,1.7246405618498644,0.00139316259847056,11,Occasional regulation by ponds upstream. Diversion upstream for Dighton Water District.,upstrm RoR dams,158,headwater,ef
01110000,"QUINSIGAMOND RIVER AT NORTH GRAFTON, MA",42.230372,-71.7109023,334.32,01090003,1939-10-01,2025-12-07,31480,Non-ref,2,66.08279,NorthEast,8,8.1,59,1226.755,7,56.255115741935235,0.04585684651127179,18,Some regulation by Lake Quinsigamond 2.3 mi upstream and by ponds upstream.,proximal regulated lake,0,headwater,ef
01111300,"NIPMUC RIVER NEAR HARRISVILLE, RI",41.9812093,-71.68590049,333.5,01090003,1964-03-01,2025-12-07,21831,Non-ref,3,41.0625,NorthEast,8,8.1,59,1251.734,1,1.8016438356164384,0.00143931844594493,12,NA,"upstrm development, possible dam",731,headwater,ef
01114000,"MOSHASSUCK RIVER AT PROVIDENCE, RI",41.833989,-71.41061208,7.1,01090004,1963-06-01,2025-12-07,22632,Non-ref,2,60.42774,NorthEast,8,8.1,59,1248.184,11,59.76488612680203,0.04788147110265957,17,Occasional regulation at low flow.,prox hvy urban,204,headwater,ef
01114500,"WOONASQUATUCKET RIVER AT CENTERDALE, RI",41.8589884,-71.4872823,93.4,01090004,1941-07-09,2025-12-07,30830,Non-ref,3,98.8735,NorthEast,8,8.1,59,1264.4840000000002,14,157.88874673193524,0.1248641712603206,21,Some regulation by reservoirs upstream,urban & regulated lakes,3,headwater,ef
01117000,"HUNT RIVER NEAR EAST GREENWICH, RI",41.6412122,-71.4445016,4.51,01090004,1940-08-24,2025-12-07,31152,Non-ref,3,59.6844,NorthEast,8,8.1,59,1232.626,1,1.404789191145425,0.00113967188031521,17,"Flow affected by diversions for municipal supply of East Greenwich, North Kingstown, Warwick, and Quonset Point (",upstrm urban,0,headwater,ef
01117468,"BEAVER RIVER NEAR USQUEPAUG, RI",41.49260037,-71.6281194,106.78,01090005,1974-12-04,2025-12-07,18632,Ref,2,25.3413,NorthEast,8,8.1,59,1276.609,1,5.157509677877615,0.00404000729892834,9,NA,"mostly forested, NEoA",0,headwater,ef
01118300,"PENDLETON HILL BROOK NEAR CLARKS FALLS, CT",41.47482222,-71.83423611,151.98,011000070301,1958-10-01,2025-12-07,24540,Ref,2,10.3644,NorthEast,8,8.1,59,1271.063,0,0,0,9,NA,lt development & forested,0,headwater,ef
01121000,"MOUNT HOPE RIVER NEAR WARRENVILLE, CT",41.84359288,-72.16894625,334.84,011000020205,1940-10-01,2025-12-07,31114,Ref,2,70.25372,NorthEast,8,8.1,59,1284.395,5,40.3489950425401,0.03141478676150257,12,Occasional regulation from ponds upstream.,"some small dams on tribs, state forest",0,headwater,ef
01123000,"LITTLE RIVER NEAR HANOVER, CT",41.67164947,-72.05227712,220.32,011000020302,1951-10-01,2025-12-07,27097,Ref,2,77.85271,NorthEast,8,8.1,59,1296.578,2,6.620116371029345,0.00510583734339881,9,NA,"lt development & small ponds, NEoA",0,headwater,ef
01127500,"YANTIC RIVER AT YANTIC, CT",41.55859526,-72.1214469,93.52,011000030103,1930-10-01,2025-12-07,34767,Non-ref,3,230.7345,NorthEast,8,8.1,59,1310.358,11,94.71893019899495,0.07228477271020207,15,Low flow regulated by mills upstream.,"Upstrm ponds, reservoirs, & prox. Urban",0,headwater,ef
01134500,"MOOSE RIVER AT VICTORY, VT",44.5117231,-71.8373143,1103.46,01080102,1947-01-01,2025-12-07,28829,Ref,3,195.1299,NorthEast,5,5.3,58,1193.264,1,0.9604678729400262,8.049081116500843e-4,3,NA,mostly roadless,2,headwater,nf
01137500,"AMMONOOSUC RIVER AT BETHLEHEM JUNCTION, NH",44.2686741,-71.6303617,1180.48,01080101,1939-08-02,2025-12-07,31540,Ref,3,228.5543,NorthEast,5,5.3,58,1391.986,2,0.13486948178179103,9.688997000098496e-5,6,NA,drains Mt. Washington-natural,0,headwater,nf
01139000,"WELLS RIVER AT WELLS RIVER, VT",44.1503413,-72.0650915,505.2,01080103,1940-08-02,2025-12-07,31172,Ref,3,246.3333,NorthEast,5,5.3,58,1096.005,3,31.77436424551614,0.02899107599464979,14,Some diurnal fluctuation at low flow prior to 1958 and since June 1984 caused by small power plant upstream.,"forested uplands, lt ag & developed valley, NEoA",2,headwater,nf
01139800,"EAST ORANGE BRANCH AT EAST ORANGE, VT",44.0928419,-72.33565327,1177.59,01080103,1958-06-01,2025-12-07,24662,Ref,2,22.7997,NorthEast,5,5.3,58,1161.598,0,0,0,5,Occasional diurnal fluctuation at low flow caused by mill upstream,"mostly roadless, NEoA",0,headwater,nf
01142500,"AYERS BROOK AT RANDOLPH, VT",43.93450969,-72.6578821,630.13,01080105,1939-07-15,2025-12-07,31314,Ref,3,82.16668,NorthEast,5,5.3,58,1081.627,0,0,0,8,NA,"some  small off-channel ponds, NEoA",244,headwater,nf
01162500,"PRIEST BROOK NEAR WINCHENDON, MA",42.6825859,-72.1150812,848.95,01080202,1916-05-25,2025-12-04,39320,Ref,3,49.70559,NorthEast,5,5.3,58,1208.81,2,27.857208816956003,0.02304515086486379,8,"Prior to 1962, occasional diurnal fluctuation at low flow by mill upstream; prior to 1953, regulation at low flow by mill and ponds.","mostly undeveloped, NEoA",686,headwater,nf
01163200,"OTTER RIVER AT OTTER RIVER, MA",42.58842124,-72.04091198,899.33,01080202,1964-12-01,2025-12-07,22285,Non-ref,3,88.44967,NorthEast,5,5.3,58,1201.134,17,76.79618250695566,0.06393639885887474,28,NA,upstrm suburban,2,headwater,nf
01169900,"SOUTH RIVER NEAR CONWAY, MA",42.5419228,-72.6936802,453.2,01080203,1966-06-15,2025-12-07,21724,Non-ref,3,62.30875,NorthEast,5,5.3,58,1310.721,1,9.69639095632636,0.00739775356946776,9,Diurnal fluctuation by small powerplant upstream since April 1982.,upstrm regulated lake,2,headwater,nf
01170100,"GREEN RIVER NEAR COLRAIN, MA",42.70341695,-72.67064738,434.51,01080203,1967-10-01,2025-12-07,21253,Ref,3,106.9924,NorthEast,5,5.3,58,1307.803,1,1.4981437933909325,0.00114554240462128,11,NA,NAWQA Reference Site,0,headwater,nf
01174500,"EAST BRANCH SWIFT RIVER NEAR HARDWICK, MA",42.3934237,-72.2384148,504.06,01080204,1937-01-01,2025-12-07,32483,Non-ref,3,113.0355,NorthEast,5,5.3,58,1201.141,4,5.432222620327242,0.0045225519904218,11,On spillway,prox regulating dam,0,headwater,nf
01175670,"SEVENMILE RIVER NEAR SPENCER, MA",42.26481407,-72.0042418,629.4,01080204,1960-12-01,2025-12-07,23747,Non-ref,2,23.9517,NorthEast,8,8.1,59,1224.849,3,18.53229624619547,0.01513027013631514,14,Occasional regulation by ponds upstream since 1971,several upstrm regulated ponds,1,headwater,ef
01181000,"WEST BRANCH WESTFIELD RIVER AT HUNTINGTON, MA",42.23731169,-72.895654,382.94,01080206,1935-09-01,2025-12-07,32971,Ref,3,243.495,NorthEast,5,5.3,58,1435.082,12,50.16159674736648,0.03495381918759101,12,NA,"mostly forest,lt development",0,headwater,nf
01184100,"STONY BROOK NEAR WEST SUFFIELD, CT",41.96083889,-72.71048611,148.24,010802050104,1981-05-07,2025-12-07,16286,Non-ref,3,24.64571,NorthEast,8,8.1,59,1205.283,1,6.003478901601942,0.00498097036264673,11,NA,"lt urban in hw, small ponds",0,headwater,ef
01187300,"HUBBARD RIVER NEAR WEST HARTLAND, CT",42.0375,-72.93932778,594.57,010802070301,1938-10-01,2025-12-07,31479,Ref,3,53.919,NorthEast,5,5.3,58,1348.062,1,5.648305792021366,0.00418994511529986,8,NA,"mostly roadless, NEoA",366,headwater,nf
01188000,"BUNNELL BROOK NEAR BURLINGTON, CT",41.78609674,-72.96480593,713.87,010802070405,1931-10-01,2025-12-07,34402,Ref,1,10.6235,NorthEast,8,8.1,59,1356.77,0,0,0,12,Occasional regulation at low flow.,"mostly forested, NEoA",0,headwater,ef
01192883,"COGINCHAUG RIVER AT MIDDLEFIELD, CT",41.52023333,-72.70653056,134.17,010802050602,1980-12-02,2025-12-07,16442,Non-ref,3,77.8588,NorthEast,8,8.1,59,1320.0030000000002,2,41.80799087579054,0.03167264837715561,17,Infrequent regulation from Beseck Lake.,"lt urban & small ponds,",0,headwater,ef
01197000,"EAST BRANCH HOUSATONIC RIVER AT COLTSVILLE, MA",42.4695833,-73.1973333,993,01100005,1936-03-08,2025-12-07,32782,Non-ref,3,149.5539,NorthEast,5,5.3,58,1285.335,11,112.84273429178376,0.08779246989445068,23,"Flow regulated by powerplants upstream and, since 1949, by Cleveland Brook Reservoir for municipal water supply of Pittsfield",proximal urban,0,headwater,nf
01199050,"SALMON CREEK AT LIME ROCK, CT",41.94220823,-73.39092984,619.63,011000050305,1961-10-01,2025-12-07,23444,Non-ref,3,76.0986,NorthEast,5,5.3,58,1250.918,5,186.84911417555645,0.1493695943103836,19,NA,upstrm regulated lake,0,headwater,nf
01208873,"ROOSTER RIVER AT FAIRFIELD, CT",41.1797146,-73.21898519,4.54,011000060303,1977-10-01,2025-12-08,16756,Non-ref,2,26.03027,NorthEast,8,8.1,59,1260.157,2,104.20944538800406,0.0826956049032018,19,"Prior to June 22, 1988, stage sometimes affected by tide.",urban basin,845,headwater,ef
01208950,"SASCO BROOK NEAR SOUTHPORT, CT",41.15277077,-73.30593264,51.18,011000060303,1964-10-01,2025-12-07,22340,Ref,3,19.2393,NorthEast,8,8.1,59,1276.189,0,0,0,14,NA,"lt suburban, small ponds, NEoA",8,headwater,ef
01208990,"SAUGATUCK RIVER NEAR REDDING, CT",41.29443639,-73.395101210000007,284.48,011000060102,1964-10-01,2025-12-07,22348,Ref,3,53.77249,NorthEast,8,8.1,59,1334.03,3,10.547772662192138,0.00790669824681014,12,NA,small ponds & lt urban,0,headwater,ef
01303500,COLD SPRING BROOK AT COLD SPRING HARBOR NY,40.85716667,-73.4635556,5.38,02030201,1950-07-01,2025-12-07,27553,Non-ref,1,19.0377,SECstPlain,8,8.5,84,1237.655,0,0,0,16,"Flow occasionally regulated at outlet of pond 40 ft above station. Diversion from this pond by Cold Spring Harbor Fish Hatchery bypasses station, except during the 1979 water year.",proximal urban & ponds,1,headwater,ef
01304500,PECONIC RIVER AT RIVERHEAD NY,40.91369444,-72.6869444,6.54,02030202,1942-06-21,2025-12-07,30486,Non-ref,3,192.3507,SECstPlain,8,8.5,84,1206.924,2,3.224313714480894,0.00267151346272084,17,Flow regulated by ponds above station.,"urban in basin, upstrm ponds",0,headwater,ef
01305000,CARMANS RIVER AT YAPHANK NY,40.83016667,-72.90613889,17.95,02030202,1942-06-21,2025-12-07,30486,Non-ref,1,190.2237,SECstPlain,8,8.5,84,1220.122,2,1.4519326456167134,0.00118998972694264,14,Some regulation by two lakes above station.,"upstrm millponds, urban in basin",0,headwater,ef
01305500,SWAN RIVER AT EAST PATCHOGUE NY,40.76725,-72.9938333,2.84,02030202,1946-10-01,2025-12-07,28923,Non-ref,1,21.29928,SECstPlain,8,8.5,84,1249.873,0,0,0,15,Flow regulated at outlet of Swan Lake.,proximal hvy urban & pond,0,headwater,ef
01306460,CONNETQUOT BK NR CENTRAL ISLIP NY,40.77227778,-73.1586667,15.1,02030202,1977-11-10,2025-12-07,17560,Non-ref,1,55.7127,SECstPlain,8,8.5,84,1224.339,0,0,0,16,NA,urban in basin,0,headwater,ef
01306500,CONNETQUOT RIVER NEAR OAKDALE NY,40.7475833,-73.15038889,NA,02030202,1943-10-01,2025-12-07,29666,Non-ref,2,72.1854,SECstPlain,8,8.5,84,1225.789,0,0,0,15,Flow at both gages occasionally regulated by cleaning operations at outlets of ponds above stations.,proximal urban & regulated lake,353,headwater,ef
01308000,SAMPAWAMS CREEK AT BABYLON NY,40.7043611,-73.313638889999993,6.36,02030202,1944-10-01,2023-09-30,28489,Non-ref,1,58.2192,SECstPlain,8,8.5,84,1230.023,0,0,0,16,"Flow regulated slightly by pumping operations at railroad and occasionally by ponds above station. Indeterminate effect caused by ground-water pumpage for water-supply purposes at Smith Street substation 0.2 mi northwest of gage. Prior to November 1950, s",proximal hvy urban,365,headwater,ef
01308500,CARLLS RIVER AT BABYLON NY,40.7089722,-73.3288056,10.63,02030202,1944-10-01,2025-12-07,29653,Non-ref,2,94.33336,SECstPlain,8,8.5,84,1233.221,1,1.0195120792898718,8.267067129815919e-4,17,Occasional regulation at outlet of Southards Pond.,"urban in basin, upstrm ponds",0,headwater,ef
01311500,VALLEY STREAM AT VALLEY STREAM NY,40.66380556,-73.70452778,6.3,02030202,1954-07-01,2025-12-07,26093,Non-ref,1,18.0594,SECstPlain,8,8.5,84,1241.269,0,0,0,22,Flow regulated occasionally by cleaning operations at outlet of Valley Stream Pond above station.,urban in basin,0,headwater,ef
01331500,"HOOSIC RIVER AT ADAMS, MA",42.61109077,-73.12397168,827.8,02020003,1931-10-01,2025-12-07,34402,Non-ref,3,121.0464,NorthEast,5,5.3,58,1246.111,2,0.20372353081132527,1.6348746685594244e-4,8,Diversion upstream for municipal water supply of Adams. Flow regulated by Cheshire Reservoir 5.1 mi upstream.,upstrm reservoir. Proximal urban,0,headwater,nf
01333000,"GREEN RIVER AT WILLIAMSTOWN, MA",42.70886815,-73.1967511,610.6,02020003,1949-09-20,2025-12-07,27834,Ref,3,112.1643,NorthEast,5,5.3,58,1227.237,0,0,0,7,Slight diurnal fluctuation at times caused by mill upstream.,prox. Mod. Ag & suburban,4,headwater,nf
01334000,"WALLOOMSAC RIVER NEAR NORTH BENNINGTON, VT",42.91285604,-73.2564981,525.44,02020003,1931-06-27,2025-12-07,34498,Non-ref,3,299.5632,NorthEast,5,5.3,58,1261.301,6,5.387834687304716,0.00427164862891943,18,Occasional diurnal fluctuation at low flow caused by mills upstream; diurnal fluctuation greater prior to 1960.,"proximal urban, forested hw",0,headwater,nf
01350000,SCHOHARIE CREEK AT PRATTSVILLE NY,42.31944444,-74.4366667,1131.13,02020005,1902-11-09,2025-12-07,44742,Ref,3,612.5148,NorthEast,5,5.3,58,1190.389,14,19.407454317838525,0.01630345569207925,17,Seasonal diversion for snowmaking by Hunter Mountain ski area near Tannersville and Ski Windham ski area at Windham.,"forested uplands, lt ag & developed valley, NEoA",213,headwater,nf
01350120,PLATTER KILL AT GILBOA NY,42.4067222,-74.44813889,1044.69,02020005,1975-01-28,2025-12-07,18577,Non-ref,2,29.4678,NorthEast,5,5.3,58,1032.751,0,0,0,12,NA,proximal reservoir--Schoharrie Res,0,headwater,nf
01350140,MINE KILL NEAR NORTH BLENHEIM NY,42.42888889,-74.4730556,1060.13,02020005,1974-12-13,2025-12-07,18618,Ref,1,43.7598,NorthEast,5,5.3,58,1052.512,2,17.469458269918967,0.01659787087455436,15,NA,upstrm mainstem small reservoir,5,headwater,nf
01350180,SCHOHARIE CREEK AT NORTH BLENHEIM NY,42.4658333,-74.4622222,793.92,02020005,1970-10-01,2025-12-07,20020,Non-ref,3,928.5067,NorthEast,5,5.3,58,1133.221,22,187.16233927014204,0.1651596107644864,20,"Regulation of flow by Blenheim-Gilboa Pumped Storage Project immediately upstream from gage. Entire flow, runoff from 315 mi², except for periods of spill, diverted from Schoharie Reservoir through Shandaken Tunnel into Esopus Creek upstream from Ashokan",proximal reservoir--,137,headwater,nf
01362200,ESOPUS CREEK AT ALLABEN NY,42.11694444,-74.38027778,996.98,02020006,1963-10-01,2025-12-07,22714,Ref,2,169.1902,NorthEast,5,5.3,58,1306.125,2,1.8292016913509177,0.00140047980962841,15,Occasional slight regulation when filling or draining swimming pools or small ponds upstream from station.,"HBN, NAWQA Reference Site",0,headwater,nf
01362500,ESOPUS CREEK AT COLDBROOK NY,42.0144722,-74.2701944,621.17,02020006,1931-10-01,2025-12-07,34400,Non-ref,3,493.1622,NorthEast,5,5.3,58,1372.501,6,0.7250555699524417,5.282732544110655e-4,13,"Since 1924, water diverted from Schoharie Reservoir through Shandaken Tunnel enters Escopus creek 10.5 mi upstream from station.  Slight diversion from Beaver Kill into Cooper Lake for water supply of Kingston.",mostly roadless hw,2,headwater,nf
01365000,RONDOUT CREEK NEAR LOWES CORNERS NY,41.86638889,-74.4872222,874.68,02020007,1937-02-04,2025-12-07,32449,Ref,2,99.5688,NorthEast,5,5.3,58,1379.844,0,0,0,8,NA,"mostly roadless, NEoA",0,headwater,nf
01377500,Pascack Brook at Westwood NJ,40.99277778,-74.0211111,28.62,02030103,1934-10-01,2025-12-07,33306,Non-ref,3,73.6038,NorthEast,8,8.1,59,1275.578,5,55.16385023599325,0.04324615996512424,23,Flow regulated by Woodcliff Lake 3.0 mi above station (see 01377450). Water diverted for municipal supply by,urban basin,0,headwater,ef
01379530,Canoe Brook near Summit NJ,40.74444444,-74.3536111,159.64,02030103,1965-10-01,2025-12-07,20318,Non-ref,2,29.9142,SEPlains,8,8.3,64,1310.8359999999998,2,130.24851074071844,0.09936293383819064,17,"Diversion above weir by New Jersey-American Water Company for municipal supply. During extreme backwater conditions from the Passaic River, reverse flow may occur during periods of high flow, due to pumping from the gage pool for municipal supply by New J",urban,1665,headwater,ef
01381500,Whippany River at Morristown NJ,40.80722222,-74.45694444,259.4,020301030303,1921-10-01,2025-12-07,38054,Non-ref,3,76.87424,NorthEast,5,5.3,58,1342.6509999999998,8,11.66048600935762,0.00868467383509014,21,"Flow occasionally regulated by Pocahontas Dam, 2.5 miles upstream and Speedwell Lake 3.4 mi upstream. Storm sewers entering can cause sharp rises in stage.","prox. POTW, hvy urban",0,headwater,nf
01383500,Wanaque River at Awosting NJ,41.16027778,-74.3336111,601.32,02030103,1919-05-13,2025-12-07,38926,Non-ref,3,75.3111,NorthEast,5,5.3,58,1336.317,5,231.46858829574927,0.1732138319693226,21,Flow completely regulated by Greenwood Lake,outlet of regulated lake,0,headwater,nf
01390500,Saddle River at Ridgewood NJ,40.985,-74.0905556,71.74,02030103,1954-10-01,2025-12-07,24965,Non-ref,3,57.50443,NorthEast,8,8.1,59,1291.7420000000002,2,1.758229757255224,0.00136113074999127,18,The flow past this station is affected by pumpage from wells by United Water New Jersey and others.,urban basin,1036,headwater,ef
01391500,Saddle River at Lodi NJ,40.89027778,-74.0805556,25,02030103,1923-10-01,2025-12-07,37321,Non-ref,3,146.4624,NorthEast,8,8.1,59,1279.565,5,2.3235178448530136,0.00181586542680755,22,Diurnal fluctuations at low flow due to patterns of sewage effluent entering river upstream. Diversion upstream from station at Paramus,urban basin,3,headwater,ef
01393450,Elizabeth River at Ursino Lake at Elizabeth NJ,40.675,-74.2219444,0,02030104,1921-10-01,2025-12-07,37561,Non-ref,2,45.5382,SEPlains,8,8.3,64,1245.318,1,18.411794932606032,0.01478481394519795,21,Diversion by pumpage from Hammock Well Field in Union Township for municipal supply by Elizabethtown Water Company probably reduces the flow past the station.,urban basin,493,headwater,ef
01394500,Rahway River near Springfield NJ,40.6875,-74.3116667,66.17,02030104,1938-10-01,2025-12-08,31845,Non-ref,3,67.09879,SEPlains,8,8.3,64,1289.05,4,6.560192814207232,0.00508916862356559,20,Water for municipal supply diverted from river by,urban basin,1,headwater,ef
01395000,Rahway River at Rahway NJ,40.61888889,-74.28333333,7.62,020301040104,1921-10-01,2025-12-07,38054,Non-ref,3,107.8884,SEPlains,8,8.3,64,1280.215,8,9.737061630351365,0.00760580186168054,20,"The flow past this station is affected by diversions by pumpage from wells by Orange, South Orange, New Jersey-American Water Co.",urban basin,0,headwater,ef
01396500,South Branch Raritan River near High Bridge NJ,40.67777778,-74.8791667,282.1,02030105,1918-10-01,2025-12-07,39150,Non-ref,3,162.5247,NorthEast,5,5.3,58,1353.127,3,1.8207693968978256,0.00134560126056004,15,Occasional regulation from unknown source.,mod-hvy ag & urban,0,headwater,nf
01396582,Spruce Run at Main Street at Glen Gardner NJ,40.69138889,-74.9369444,379.1,02030105,1978-03-24,2025-12-07,16291,Non-ref,1,32.0868,NorthEast,5,5.3,58,1324.64,1,2.344048019746438,0.00176957363490943,16,There is indication of regulation from unknown source upstream.,"forest, ag, suburban",1135,headwater,nf
01396660,Mulhockaway Creek at Van Syckel NJ,40.6475,-74.96888889,279.37,020301050103,1977-07-29,2025-12-07,17664,Non-ref,3,30.44061,SEPlains,8,8.3,64,1275.82,0,0,0,14,NA,upstrm suburban,0,headwater,ef
01398000,Neshanic River at Reaville NJ,40.47333333,-74.82777778,108.64,020301050106,1930-10-01,2025-12-07,34765,Non-ref,3,65.97871,SEPlains,8,8.3,64,1243.96,0,0,0,15,Occasional regulation possibly due to irrigation pumpage,"ag-suburban, urban on 1 trib",2,headwater,ef
01398500,North Branch Raritan River near Far Hills NJ,40.70833333,-74.63611111,223.72,020301050204,1921-10-01,2025-12-07,37354,Non-ref,3,68.9211,NorthEast,5,5.3,58,1342.87,7,40.413559853223475,0.03009491600320468,21,Flow regulated by gates on dam,mod. Develop,700,headwater,nf
01399500,Lamington (Black) River near Pottersville NJ,40.7275,-74.73027778,284.14,02030105,1921-10-01,2025-12-07,38054,Non-ref,2,83.48874,NorthEast,5,5.3,58,1346.123,0,0,0,17,Flow regulated occasionally by ponds above station,hvy urban hdwaters,0,headwater,nf
01401000,Stony Brook at Princeton NJ,40.33305556,-74.68194444,61.35,020301050302,1953-10-01,2025-12-07,26366,Non-ref,3,115.1827,SEPlains,8,8.3,64,1239.358,7,12.535241837532894,0.01011430259661284,25,Since July 1959 some regulation by several small reservoirs,"prox suburban, several small reservoirs on tribs",0,headwater,ef
01401650,Pike Run at Belle Mead NJ,40.46805556,-74.64888889,57.87,020301050308,1980-07-01,2025-12-07,16596,Non-ref,2,13.2858,SEPlains,8,8.3,64,1231.4,0,0,0,14,"Some regulation during summer months, possibly from irrigation.","mod-hvy ag & some prox urban, forested hw",0,headwater,ef
01403150,West Branch Middle Brook near Martinsville NJ,40.6122222,-74.5908333,240.48,02030105,1979-06-21,2025-12-07,16970,Non-ref,1,5.0409,SEPlains,8,8.3,64,1241.123,0,0,0,16,NA,urban basin,2,headwater,ef
01403400,Green Brook at Seeley Mills NJ,40.66611111,-74.40388889,183.55,020301050504,1979-06-27,2025-12-06,16377,Non-ref,2,16.3035,SEPlains,8,8.3,64,1286.3480000000002,2,13.008004416229646,0.01011235250198985,15,NA,proximal urban & large mining operation,588,headwater,ef
01403540,Stony Brook at Watchung NJ,40.63638889,-74.45138889,160.98,020301050504,1974-10-01,2025-12-07,18696,Non-ref,2,14.1219,SEPlains,8,8.3,64,1271.26,1,15.279459562806704,0.01201914601482521,16,Occasional regulation from Watchung and Best Lake directly upstream,urban basin,0,headwater,ef
01405400,Manalapan Brook at Spotswood NJ,40.38944444,-74.39055556,-1.19,020301050401,1957-01-01,2025-12-07,25146,Non-ref,3,100.7847,SECstPlain,8,8.5,84,1221.34,5,20.94460766366324,0.01714887554953022,15,"Some regulation by Lake Manalapan, Helmetta Pond, and DeVoe Lake.",outlet of regulated pond,32,headwater,ef
01407705,Shark River near Neptune City NJ,40.19861111,-74.07,5.61,02030104,1966-10-01,2025-12-07,21618,Non-ref,2,24.9957,SECstPlain,8,8.5,84,1218.492,1,213.59233788211577,0.17529235963971512,26,Diversion above station,urban,0,headwater,ef
01407760,Jumping Brook near Neptune City NJ,40.20333333,-74.06583333,12.41,02030104,1966-10-01,2025-12-07,21616,Non-ref,2,16.254,SECstPlain,8,8.5,84,1227.128,1,9.861572535991142,0.00803630308817918,16,Diversion above station by New Jersey-American Water Co. for municipal,urban in basin,2,headwater,ef
01408000,Manasquan River at Squankum NJ,40.16138889,-74.15472222,17.37,020403010102,1931-10-01,2025-12-07,34402,Non-ref,3,114.1338,SECstPlain,8,8.5,84,1213.19,1,199.5334423282148,0.16447006843793208,24,NA,mod-hvy ag & urban,0,headwater,ef
01410000,Oswego River at Harrisville NJ,39.66394444,-74.52344444,3.53,020403010502,1930-10-01,2025-12-07,34767,Non-ref,3,185.2785,SECstPlain,8,8.5,84,1172.748,3,18.673499623539698,0.01592285778661715,12,Regulation through dams and diversions,"some develop, small impoundments",0,headwater,ef
01410150,East Branch Bass River near New Gretna NJ,39.62305556,-74.44138889,1.1,02040301,1978-01-01,2025-12-07,17493,Non-ref,2,35.2665,SECstPlain,8,8.5,84,1153.237,0,0,0,14,Occasional regulation by Lake Absegami,prox regulated lake,15,headwater,ef
01411000,Great Egg Harbor River at Folsom NJ,39.59472222,-74.85166667,52.06,020403020106,1925-09-08,2025-12-07,36616,Non-ref,3,145.1837,SECstPlain,8,8.5,84,1170.123,3,3.2611925443420997,0.00278705105731799,17,NA,urban in basin,0,headwater,ef
01411300,Tuckahoe River at Head of River NJ,39.30694444,-74.8205556,0,02040302,1969-12-16,2025-12-07,20148,Ref,3,79.3179,SECstPlain,8,8.5,84,1124.986,1,0.23317561357524597,2.072697914242897e-4,11,Occasional regulation by ponds above station.,"small regulated pond on main trib & prox trib, NEoA",298,headwater,ef
01413500,EAST BRANCH DELAWARE RIVER AT MARGARETVILLE NY,42.1447222,-74.6536111,1301.67,02040102,1937-02-01,2025-12-07,32452,Ref,3,424.1025,NorthEast,5,5.3,58,1147.521,4,1.3170141652077034,0.00114770375897931,11,NA,sml reservoir upstream,0,headwater,nf
01414500,MILL BROOK NEAR DUNRAVEN NY,42.1061111,-74.7305556,1297.18,02040102,1937-02-01,2025-12-07,32449,Ref,1,64.4517,NorthEast,5,5.3,58,1174.579,0,0,0,9,NA,forest reserve headwaters,3,headwater,nf
01415000,TREMPER KILL NEAR ANDES NY,42.11972222,-74.8205,1279.2,020401020402,1937-02-01,2025-12-07,32419,Ref,2,85.6287,NorthEast,5,5.3,58,1128.618,2,8.078050933857458,0.00715747129131155,15,NA,"forested uplands, lt ag & developed valley, NEoA",33,headwater,nf
01435000,NEVERSINK RIVER NEAR CLARYVILLE NY,41.88994444,-74.5898056,1521.83,02040104,1937-11-01,2025-12-07,31397,Ref,3,172.458,NorthEast,5,5.3,58,1520.154,2,1.8588873812754412,0.00122282833270539,13,NA,"mostly roadless, HBN",782,headwater,nf
01440000,Flat Brook near Flatbrookville NJ,41.10611111,-74.9525,346.98,020401041003,1923-10-01,2025-12-07,37324,Ref,3,167.7204,NorthEast,5,5.3,62,1200.857,9,13.725289231363623,0.01142957840222743,11,Flow occasionally regulated by ponds,"mostly forested & lt ag, NEoA",0,headwater,nf
01440400,"Brodhead Creek near Analomink, PA",41.0848148,-75.2146251,585.78,02040104,1957-10-01,2025-12-07,24904,Ref,3,175.2084,NorthEast,5,5.3,62,1300.592,10,51.32327559637552,0.03946147261891163,17,NA,"lt. development, mostly forested",1,headwater,nf
01447680,"Tunkhannock Creek near Long Pond, PA",41.06527778,-75.52138889,1804.23,02040106,1965-04-01,2025-12-07,22166,Non-ref,2,51.7338,NorthEast,5,5.3,62,1392.725,0,0,0,9,Diversion upstream to Wild Creek Basin since October 1969,proximal regulated (?) lake,0,headwater,nf
01449360,"Pohopoco Creek at Kresgeville, PA",40.8975919,-75.5024077,659.09,02040106,1966-10-01,2025-12-07,21618,Non-ref,3,129.4857,NorthEast,5,5.3,62,1301.792,3,2.14251457882994,0.0016458194387659,14,NA,mod urban & ag,0,headwater,nf
01450500,"Aquashicola Creek at Palmerton, PA",40.8062047,-75.5979643,388.2,02040106,1939-10-01,2025-12-07,31480,Non-ref,3,198.1143,EastHghlnds,8,8.4,67,1259.045,1,0.28006559849541407,2.224428821014452e-4,20,Occasional diversion from Pohopoco Creek into Aquashicola Creek,"upstrm ski resort, lt urban, ag",0,headwater,ap
01451500,"Little Lehigh Creek near Allentown, PA",40.5823197,-75.48296088,252.71,02040106,1945-10-01,2025-12-07,29288,Non-ref,3,212.0562,EastHghlnds,8,8.4,67,1199.833,1,0.29653931363478175,2.471504898054827e-4,15,Occasional regulation at low flow by fish hatchery upstream,prox urban,0,headwater,ap
01451800,"Jordan Creek near Schnecksville, PA",40.66176219,-75.626854,380.48,02040106,1966-02-01,2025-12-07,21860,Ref,3,135.8448,EastHghlnds,8,8.4,67,1243.227,0,0,0,14,NA,"mod ag, NEoA",0,headwater,ap
01452000,"Jordan Creek at Allentown, PA",40.623062,-75.48239529,257.2,02040106,1944-10-01,2025-12-07,29650,Non-ref,3,196.5627,EastHghlnds,8,8.4,67,1229.04,0,0,0,20,NA,prox urban,3,headwater,ap
01452500,"Monocacy Creek at Bethlehem, PA",40.6412091,-75.37934709,246.54,02040106,1948-10-01,2025-12-07,28192,Non-ref,3,112.041,EastHghlnds,8,8.4,67,1191.963,1,0.5502449995983614,4.616292616451697e-4,21,Some regulation at low flow since April 1954 by mill upstream,urban,0,headwater,ap
01464000,Assunpink Creek at Trenton NJ,40.22416667,-74.7491667,24.76,02040105,1923-10-01,2025-12-07,37324,Non-ref,3,233.0451,SECstPlain,8,8.5,84,1212.588,15,181.7767505088071,0.1499080895644746,39,Flow regulated by several flood-control reservoirs,urban basin,0,headwater,ef
01464500,Crosswicks Creek at Extonville NJ,40.13722222,-74.6,23.97,020402010103,1940-08-10,2025-12-07,30800,Non-ref,3,200.8458,SECstPlain,8,8.5,84,1205.536,8,8.465733413394755,0.00702238125895431,18,Flow occasionally regulated by lakes upstream,"upstrm. Sml town, sml reservoir",366,headwater,ef
01465798,"Poquessing Creek at Grant Ave. at Philadelphia, PA",40.0569557,-74.9851603,1.9,02040202,1965-07-01,2025-12-07,22064,Non-ref,3,54.4905,SEPlains,8,8.3,64,1241.399,1,1.742340407961021,0.00140352973376087,23,Flow occasionally affected by tide.,urban basin,11,headwater,ef
01466500,McDonalds Branch in Byrne State Forest NJ,39.885,-74.50527778,112.7,020402020102,1953-10-01,2025-12-07,26366,Ref,1,5.376711,SECstPlain,8,8.5,84,1184.312,0,0,0,12,NA,"State Forest, some roads, HBN",0,headwater,ef
01467048,"Pennypack Cr at Lower Rhawn St Bdg, Phila., PA",40.0500115,-75.0326619,21.2,02040202,1965-06-01,2025-12-07,22100,Non-ref,3,129.4524,SEPlains,8,8.3,64,1232.4160000000002,4,1.200116799688534,9.737919660962968e-4,21,NA,urban basin,5,headwater,ef
01467081,South Branch Pennsauken Creek at Cherry Hill NJ,39.94166667,-75.00111111,6.82,020402020401,1967-10-01,2025-12-07,21049,Non-ref,1,23.1327,SECstPlain,8,8.5,84,1204.135,0,0,0,23,Diurnal fluctuations apparently due to a sewage treatment plant,hvy urban basin,204,headwater,ef
01467150,Cooper River at Haddonfield NJ,39.90305556,-75.02138889,7.62,020402020404,1963-10-01,2025-12-07,22714,Non-ref,2,46.98304,SECstPlain,8,8.5,84,1191.155,3,7.794323228126575,0.00654350040769385,17,Occasional regulation at low flow from small lakes and wastewater treatment plants,hvy urban basin,0,headwater,ef
01472157,"French Creek near Phoenixville, PA",40.15149064,-75.601305,160,02040203,1968-10-01,2025-12-07,20886,Non-ref,3,152.29,SEPlains,8,8.3,64,1184.005,3,11.488784555781734,0.0097033243573986,16,NA,"ag & lt suburban, ponds on some tribs, NEoA",1,headwater,ef
01472198,"Perkiomen Creek at East Greenville, PA",40.393898,-75.5154532,287.5,02040203,1981-08-24,2025-12-07,16177,Non-ref,3,97.51591,NorthEast,5,5.3,58,1209.991,1,0.5689840765470988,4.7023827164590384e-4,13,NA,proximal urban,0,headwater,nf
01472199,"West Branch Perkiomen Creek at Hillegass, PA",40.3739879,-75.5224034,290,02040203,1981-10-01,2025-12-07,16139,Non-ref,2,60.7572,NorthEast,5,5.3,58,1219.837,0,0,0,13,NA,"hvy ag, upstrm mainstem impoundment",0,headwater,nf
01474000,"Wissahickon Creek at Mouth, Philadelphia, PA",40.0152903,-75.2068343,25.27,02040203,1965-10-01,2025-12-07,21983,Non-ref,3,164.988,SEPlains,8,8.3,64,1215.683,2,0.4558695177831115,3.749904521023256e-4,23,NA,urban basin,0,headwater,ef
01475850,"Crum Creek near Newtown Square, PA",39.97649897,-75.4365864,207.75,02040202,1981-10-01,2025-12-07,16139,Non-ref,3,40.9815,SEPlains,8,8.3,64,1193.527,1,0.6619084220928957,5.545818587203269e-4,18,NA,mod urban in basin,0,headwater,ef
01477120,Raccoon Creek near Swedesboro NJ,39.74055556,-75.25916667,-1.36,020402020606,1966-04-01,2025-12-07,21789,Non-ref,3,67.43215,SECstPlain,8,8.5,84,1163.446,5,8.1002756103728,0.00696231334361268,16,Occasional regulation from irrigation upstream.,upstrm regulated pond on mainstem,12,headwater,ef
01477800,"SHELLPOT CREEK AT WILMINGTON, DE",39.7609722,-75.5186944,14.04,02040205,1945-12-01,2025-12-07,29223,Non-ref,2,18.9459,SEPlains,8,8.3,64,1199.518,1,6.508004370338702,0.00542551622429901,24,Occasional regulation at low flow from unknown source upstream from station,urban basin,4,headwater,ef
01478000,"CHRISTINA RIVER AT COOCHS BRIDGE, DE",39.63738889,-75.72788889,24.43,02040205,1943-04-01,2025-12-07,30194,Non-ref,3,54.01347,SEPlains,8,8.3,64,1171.215,0,0,0,17,Low and medium flow regulated by mill upstream,"prox urban, POTW",8,headwater,ef
01480300,"West Branch Brandywine Creek near Honey Brook, PA",40.07287916,-75.8607744,591.2,02040205,1960-06-01,2025-12-07,23931,Non-ref,3,47.6586,SEPlains,8,8.3,64,1168.429,0,0,0,15,Some regulation at low flow by pumpage from Wastewater Treatment plant.,POTW,0,headwater,ef
01480617,"West Branch Brandywine Creek at Modena, PA",39.9617734,-75.8013341,262.52,02040205,1970-01-01,2025-12-07,20430,Non-ref,3,143.4861,SEPlains,8,8.3,64,1204.242,2,39.09890923232286,0.03246765121323028,31,Slight regulation from Rock Run Reservoir,upstrm urban & reservoirs on tribs,0,headwater,ef
01480675,"Marsh Creek near Glenmoore, PA",40.09779108,-75.7415732,445.4,02040205,1966-08-01,2025-12-07,21679,Non-ref,2,22.1463,SEPlains,8,8.3,64,1201.969,0,0,0,15,NA,"prox hwy, upstrm suburban",0,headwater,ef
01483200,"BLACKBIRD CREEK AT BLACKBIRD, DE",39.36627778,-75.66938889,17.1,02040205,1956-10-01,2025-12-07,25270,Non-ref,2,10.7901,SECstPlain,8,8.5,63,1117.337,0,0,0,14,Occasional regulation at low and medium flow by Blackbird Lake Dam upstream from station,upstrm reservoir,0,headwater,ef
01483700,"ST JONES RIVER AT DOVER, DE",39.1637222,-75.5190833,-0.78,02040207,1958-01-01,2025-12-07,24813,Non-ref,3,80.9622,SECstPlain,8,8.5,63,1139.639,1,27.945819160052473,0.02452164164270657,13,Flow affected by Silver Lake.,proximal regulated lake,0,headwater,ef
01484100,"BEAVERDAM BRANCH AT HOUSTON, DE",38.90577778,-75.51275,34.87,02040207,1958-05-01,2025-12-07,24693,Ref,1,9.004751,SECstPlain,8,8.5,63,1156.809,0,0,0,9,Diversion for irrigation of about 150 acres upstream from station during some years.,"forested riparian, NEoA",0,headwater,ef
01485000,"POCOMOKE RIVER NEAR WILLARDS, MD",38.38888889,-75.3244444,13.15,02080111,1949-12-01,2025-12-07,27034,Ref,3,137.9454,SECstPlain,8,8.5,63,1146.929,0,0,0,15,NA,"hvy ag but extensive forested riparian, some channelization, NEoA",732,headwater,ef
01485500,"NASSAWANGO CREEK NEAR SNOW HILL, MD",38.22891667,-75.4714444,11.49,02080111,1949-12-01,2025-12-07,27766,Ref,2,141.5394,SECstPlain,8,8.5,63,1163.787,0,0,0,9,NA,"mixed ag & forest, lt development, NEoA",0,headwater,ef
01486000,"MANOKIN BRANCH NEAR PRINCESS ANNE, MD",38.21388889,-75.67138889,6.2,02080110,1951-05-01,2025-12-07,26153,Ref,2,11.1807,SECstPlain,8,8.5,63,1126.274,0,0,0,7,NA,"channelized, irrigated ag",1097,headwater,ef
01493000,"UNICORN BRANCH NEAR MILLINGTON, MD",39.24994444,-75.8615,2.78,02060002,1948-01-01,2025-12-07,28100,Non-ref,2,50.922,SECstPlain,8,8.5,63,1134.797,1,13.05107811947685,0.01150080421386102,13,Occasional regulation at low and medium flow by Unicorn Lake Dam upstream from station.,proximal regulated pond,366,headwater,ef
01493500,"MORGAN CREEK NEAR KENNEDYVILLE, MD",39.28002778,-76.0145556,0.97,02060002,1951-05-31,2025-12-07,26854,Ref,3,33.02334,SECstPlain,8,8.5,63,1136.424,0,0,0,10,"Water-discharge records good except those for estimated daily discharges (tidal effect, backwater from beaver dams), which are fair.",hvy ag but forested riparian,366,headwater,ef
01495000,"BIG ELK CREEK AT ELK MILLS, MD",39.6675833,-75.8255833,83.39,02060002,1932-04-01,2025-12-07,34219,Non-ref,3,138.1707,SEPlains,8,8.3,64,1183.927,0,0,0,15,Slight diurnal fluctuation caused by mills upstream,"forested riparian, mixed forest, ag, lt suburban",0,headwater,ef
01516500,"Corey Creek near Mainesburg, PA",41.79090746,-77.0146877,1337.05,02050104,1954-05-01,2025-12-07,26149,Ref,2,31.4838,NorthEast,8,8.1,60,938.1938,0,0,0,9,NA,"proxi intensive ag, forested hw",5,headwater,ef
01521500,CANISTEO RIVER AT ARKPORT NY,42.39588889,-77.71136111,1202.66,020501040402,1937-01-30,2025-12-07,32454,Non-ref,2,79.7373,NorthEast,8,8.1,60,946.2505,1,167.00339740623272,0.17648962659066783,12,"Since March 1940, flows above 500 ft³/s controlled by detention in Arkport Reservoir.",proximal dam-diversion,0,headwater,ef
01523500,CANACADEA CREEK NEAR HORNELL NY,42.3348611,-77.6826667,1185.09,02050104,1940-10-01,2025-12-07,30475,Non-ref,3,151.6824,NorthEast,8,8.1,60,954.1309,2,184.24799449375803,0.1931055733482251,19,"Since October 1948, floodflows regulated by detention in Almond Lake. Occasional regulation at low flows to clear debris from gates at Almond Lake.",proximal reservoir--,639,headwater,ef
01534300,"Lackawanna River near Forest City, PA",41.67971819,-75.4718332,1550.7,02050107,1958-10-01,2025-12-07,24539,Non-ref,3,98.5212,NorthEast,8,8.1,60,1246.836,7,235.3834910658823,0.1887846445449781,18,Flow regulated since December 1959 by Stillwater Dam,proximal reservoir--,1,headwater,ef
01538000,"Wapwallopen Creek near Wapwallopen, PA",41.0594483,-76.0938016,752.2,02050107,1919-10-01,2025-12-07,38785,Non-ref,3,103.0518,EastHghlnds,8,8.4,67,1180.465,1,111.71586522506158,0.09463716859463142,21,NA,"some small ponds, mod ag, forested hw, NEoA",0,headwater,ap
01542810,"Waldy Run near Emporium, PA",41.578894150000004,-78.2924824,1263.08,02050202,1964-09-01,2025-12-07,22378,Ref,2,13.6242,NorthEast,5,5.3,62,1099.238,0,0,0,4,NA,mostly roadless,0,headwater,nf
01545600,"Young Womans Creek near Renovo, PA",41.3894498,-77.6907967,779.81,02050203,1964-12-01,2025-12-07,22287,Ref,3,119.9975,NorthEast,5,5.3,62,1056.592,0,0,0,5,NA,"HBN, State Forest, some roads",0,headwater,nf
01547700,"Marsh Creek at Blanchard, PA",41.05945278,-77.6057955,585.45,02050204,1955-10-01,2025-12-07,25635,Ref,3,113.5386,EastHghlnds,8,8.4,67,1048.541,0,0,0,8,NA,"mod ag in valley, forested hw, NEoA",1,headwater,ap
01549500,"Blockhouse Creek near English Center, PA",41.4736144,-77.2307812,1041.23,02050205,1940-10-01,2025-12-07,31113,Ref,3,97.4853,NorthEast,5,5.3,62,1027.028,0,0,0,7,NA,"small town, some ag, NEoA",1,headwater,nf
01552500,"Muncy Creek near Sonestown, PA",41.35694679,-76.5346477,1024.5,02050206,1940-10-01,2025-12-07,31114,Ref,3,60.6384,NorthEast,5,5.3,62,1228.454,0,0,0,6,NA,"mostly roadless, NEoA",0,headwater,nf
01557500,"Bald Eagle Creek at Tyrone, PA",40.6836733,-78.23362439,921.8,02050302,1944-10-01,2025-12-07,29653,Ref,3,115.2963,EastHghlnds,8,8.4,67,1080.953,0,0,0,7,"Prior to Nov. 30, 1952, daily discharges were affected by Pulp and Paper Company diversion.","proximal urban, forested HW, NEoA",0,headwater,ap
01567500,"Bixler Run near Loysville, PA",40.37091615,-77.402209,601.22,02050305,1954-02-01,2025-12-07,26241,Ref,2,38.7729,EastHghlnds,8,8.4,67,1078.419,0,0,0,9,NA,"mod ag in valley, forested uplands, NEoA",2,headwater,ap
01580000,"DEER CREEK AT ROCKS, MD",39.6299722,-76.4033056,249.59,02050306,1926-10-01,2025-12-07,36228,Ref,3,244.3698,SEPlains,8,8.3,64,1146.149,7,7.401941647453982,0.00645809719980035,20,"Prior to 1965, some regulation at low flow by mills upstream from station.","mixed mod ag & forested riparian, recent suburban in hw of some tribs",0,headwater,ef
01581700,"WINTERS RUN NEAR BENSON, MD",39.51994444,-76.37297222,187.66,020600030101,1967-08-01,2025-12-07,21309,Non-ref,3,90.0522,SEPlains,8,8.3,64,1198.721,0,0,0,19,NA,"hvy ag, forested riparian, NEW urban",5,headwater,ef
01584050,"LONG GREEN CREEK AT GLEN ARM, MD",39.45469444,-76.47888889,243.34,02060003,1975-10-01,2025-12-07,18331,Non-ref,3,24.0714,SEPlains,8,8.3,64,1202.902,0,0,0,15,NA,"suburban-ag, hvy channelization",0,headwater,ef
01585100,"WHITEMARSH RUN AT WHITE MARSH, MD",39.37077778,-76.4460556,33.68,02060003,1959-02-01,2025-12-07,23528,Non-ref,3,19.7199,SEPlains,8,8.3,65,1202.671,0,0,0,19,Low flow affected by operations of sand and gravel plant in vicinity of gage.,urban basin,889,headwater,ef
01585500,"CRANBERRY BRANCH NEAR WESTMINSTER, MD",39.59269444,-76.96825,666.59,02060003,1949-10-01,2025-12-07,27826,Non-ref,1,8.415,SEPlains,8,8.3,64,1111.792,1,64.03101604278076,0.05759262167993723,16,Beginning October l972 occasional large diversions past the gaging station from the reservoir through a 30-inch pipe,proximal mainstem pond,1,headwater,ef
01586000,"NORTH BRANCH PATAPSCO RIVER AT CEDARHURST, MD",39.503,-76.88438889,419.91,020600030805,1945-09-22,2025-12-07,29297,Non-ref,3,144.5121,SEPlains,8,8.3,64,1115.038,4,5.716545534941365,0.00512677194404259,18,Slight diurnal fluctuation at low and medium flow by mill upstream. Low flow affected slightly by Cranberry Reservoir since August 1957,"prox urban & POTW, upstrm suburban & hvy ag",0,headwater,ef
01591000,"PATUXENT RIVER NEAR UNITY, MD",39.23825,-77.0557222,364.04,02060006,1944-07-20,2025-12-07,29726,Non-ref,3,88.9722,SEPlains,8,8.3,64,1147.243,1,0.6929130672277408,6.039810809285747e-4,15,NA,"forested riparian, mod-hvy ag, some suburban in hw",0,headwater,ef
01591400,"CATTAIL CREEK NEAR GLENWOOD, MD",39.25597222,-77.05105556,374.27,020600060102,1978-06-06,2025-12-07,17352,Ref,3,59.094,SEPlains,8,8.3,64,1143.265,1,2.0865062442887603,0.0018250416520131,13,NA,"mod-hvy ag, small ponds, lt suburban, NEoA",0,headwater,ef
01591700,"HAWLINGS RIVER NEAR SANDY SPRING, MD",39.17452778,-77.02141667,302.73,020600060104,1978-06-07,2025-12-07,17351,Non-ref,3,70.27831,SEPlains,8,8.3,64,1131.622,3,9.035433549839205,0.0079844979594239,21,NA,hvy suburban,0,headwater,ef
01593500,"LITTLE PATUXENT RIVER AT GUILFORD, MD",39.16775,-76.85125,257.6,020600060202,1932-04-01,2025-12-07,34216,Non-ref,3,98.0064,SEPlains,8,8.3,64,1144.393,4,37.16371583896562,0.03247460954319506,24,Low flow affected by regulation from unknown source.,urban basin,3,headwater,ef
01596500,"SAVAGE RIVER NEAR BARTON, MD",39.57005556,-79.1019444,1603.44,02070002,1948-09-18,2025-12-07,28205,Ref,3,124.6505,EastHghlnds,8,8.4,67,1127.016,2,1.6815817024400226,0.00149206550966447,9,NA,"ag & lt development, NEoA",0,headwater,ap
01613050,"Tonoloway Creek near Needmore, PA",39.89842119,-78.132229,688.94,02070004,1965-10-01,2025-12-07,21959,Ref,2,27.8982,EastHghlnds,8,8.4,67,1018.42,0,0,0,7,NA,"mixed pasture, NEoA",24,headwater,ap
01615000,"OPEQUON CREEK NEAR BERRYVILLE, VA",39.1747222,-78.0783333,502.48,02070004,1943-10-01,2025-12-07,28212,Non-ref,3,149.4738,EastHghlnds,8,8.4,67,991.7393,5,3.9759877650799,0.00400910578524003,17,"Some diurnal fluctuation caused by mills upstream. Records from July 18, 1988 to Sept. 30, 1997 affected by water discharged from treatment plant, which was diverted from another drainage basin. Present location of the gage is upstream from treatment plan",suburban development,1807,headwater,ap
01617800,"MARSH RUN AT GRIMES, MD",39.51455556,-77.77722222,354.08,020700041104,1963-10-01,2025-12-07,22714,Non-ref,2,48.39819,EastHghlnds,8,8.4,67,1020.556,0,0,0,15,NA,"prox mainstem ponds, urban hw",0,headwater,ap
01620500,"NORTH RIVER NEAR STOKESVILLE, VA",38.335,-79.2391667,2050.67,02070005,1946-10-01,2025-12-07,28921,Ref,2,44.74026,EastHghlnds,8,8.4,67,1151.403,0,0,0,5,NA,"mostly forested basin, some road disturbance",2,headwater,ap
01632900,"SMITH CREEK NEAR NEW MARKET, VA",38.69345016,-78.6427935,880.84,02070006,1960-08-01,2025-12-07,23870,Ref,3,245.0484,EastHghlnds,8,8.4,67,1008.469,0,0,0,10,"Maximum discharge, 12,400  ft3/s, from rating curve extended above 2,300  ft3/s on basis of contracted-opening measurement at gage height 16.38 ft.","mod ag, some small ponds, NEoA",0,headwater,ap
01635500,"PASSAGE CREEK NEAR BUCKTON, VA",38.95816564,-78.2666685,524.6,02070006,1932-04-01,2025-12-07,34219,Non-ref,3,224.1522,EastHghlnds,8,8.4,67,1051.563,2,1.3146736904656748,0.00125020915576686,8,Occasional diurnal fluctuation during low flow caused by State Fish Hatchery.,reservoir/diversion in HW,0,headwater,ap
01648000,"ROCK CREEK AT SHERRILL DRIVE WASHINGTON, DC",38.9725,-77.04,148.15,020700100102,1929-10-01,2025-12-07,35132,Non-ref,3,136.8279,SEPlains,8,8.3,64,1104.158,3,136.86392906709816,0.12395321056143972,31,Flow affected by two upstream reservoirs which control flow from about 25 mi²,"suburban basin, upstrm small reservoirs",0,headwater,ef
01651000,"NORTHWEST BR ANACOSTIA RIVER NR HYATTSVILLE, MD",38.95255556,-76.96513889,16.35,02070010,1938-07-01,2023-11-13,31182,Non-ref,3,127.8054,SEPlains,8,8.3,64,1112.3909999999998,3,3.58886244243201,0.00322625986944519,21,"Prior to June 1961, low flow regulated by storage at Burnt Mills Dam, 7.0 mi upstream from station",urban basin,0,headwater,ef
01653600,"PISCATAWAY CREEK AT PISCATAWAY, MD",38.70577778,-76.9661944,7.61,02070010,1965-10-01,2025-12-07,21615,Non-ref,3,102.7305,SEPlains,8,8.3,65,1106.837,2,4.572867843532349,0.00413147359867112,15,NA,much suburban in basin,368,headwater,ef
01654000,"ACCOTINK CREEK NEAR ANNANDALE, VA",38.81289066,-77.2283158,190.6,02070010,1947-10-01,2025-12-07,28558,Non-ref,3,60.70827,SEPlains,8,8.3,45,1121.931,1,0.4874459443499214,4.3447051944363904e-4,22,NA,urban basin,0,headwater,ef
01658500,"S F QUANTICO CREEK NEAR INDEPENDENT HILL, VA",38.5873427,-77.4285958,237.83,02070011,1951-05-01,2025-12-07,27250,Ref,2,19.34224,SEPlains,8,8.3,45,1099.48,0,0,0,9,NA,"lt develop in hw, but NEoA",0,headwater,ef
01660400,"AQUIA CREEK NEAR GARRISONVILLE, VA",38.49040138,-77.4335942,119.68,02070011,1971-09-01,2025-12-07,19073,Non-ref,3,90.6984,SEPlains,8,8.3,45,1098.921,3,7.164304993252362,0.00651939947753511,13,NA,prox urban & rock mining,749,headwater,ef
01661050,"ST CLEMENTS CREEK NEAR CLEMENTS, MD",38.33330556,-76.725,5.34,020700110701,1968-10-01,2025-12-07,20521,Ref,2,47.85433,SEPlains,8,8.3,65,1155.525,0,0,0,10,Occasional regulation from unknown source,"lt suburban, mix of hvy ag & forested riparian",366,headwater,ef
01661500,"ST MARYS RIVER AT GREAT MILLS, MD",38.24175,-76.5036667,6.86,02070011,1946-06-21,2025-12-07,28659,Non-ref,3,65.3904,SEPlains,8,8.3,65,1127.346,1,181.01739704910815,0.1605695119768981,21,Occasional regulation from upstream reservoir,reservoir on proximal trib,366,headwater,ef
01662800,"BATTLE RUN NEAR LAUREL MILLS, VA",38.65567564,-78.0738869,373.5,02080103,1958-05-01,2025-12-07,23880,Ref,2,66.6531,SEPlains,8,8.3,64,1086.929,0,0,0,8,NA,"mixed pasture & forest, NEoA",813,headwater,ef
01665500,"RAPIDAN RIVER NEAR RUCKERSVILLE, VA",38.28068606,-78.340007,438.9,02080103,1942-10-01,2025-12-06,29140,Ref,3,296.5932,EastHghlnds,8,8.4,66,1272.689,4,2.377923701554857,0.00186842480885342,9,Diversion 0.4 mi upstream from station since 1973.,"prox mod ag, mostly forested hw",1243,headwater,ap
01669000,"PISCATAWAY CREEK NEAR TAPPAHANNOCK, VA",37.8770819,-76.900521,-0.6,02080104,1951-10-01,2025-12-07,27097,Ref,3,71.84071,SEPlains,8,8.3,65,1126.281,2,4.016135141203366,0.00356583760287474,6,NA,small reservoirs on tribs,0,headwater,ef
01673550,"TOTOPOTOMOY CREEK NEAR STUDLEY, VA",37.6626434,-77.2577548,37.3,02080106,1977-10-01,2025-12-07,17598,Non-ref,3,65.34,SEPlains,8,8.3,65,1124.977,6,13.681129476584022,0.01216125260923914,15,NA,urban hw,2,headwater,ef
02011400,"JACKSON RIVER NEAR BACOVA, VA",38.04234707,-79.8814439,1639.07,02080201,1974-10-01,2025-12-07,18694,Ref,3,407.7162,EastHghlnds,8,8.4,67,1083.976,1,0.18749806850941908,1.7297252753697417e-4,7,NA,"mod ag in valley, forested hw, NEoA",2,headwater,ap
02011460,"BACK CREEK NEAR SUNRISE, VA",38.24540129,-79.76866328,2199.81,02080201,1974-07-01,2025-12-07,18788,Ref,2,156.3408,EastHghlnds,8,8.4,67,1124.244,0,0,0,6,NA,"mostly forested, NEoA",0,headwater,ap
02011500,"BACK CREEK NEAR MOUNTAIN GROVE, VA",38.0695688,-79.8970003,1701.33,02080201,1951-10-01,2025-12-07,27097,Non-ref,2,348.0309,EastHghlnds,8,8.4,67,1105.218,2,240.9096433678734,0.21797477363549397,14,Flow regulated since October 1984 by Back Creek Lake 11.3 mi upstream,upstrm reservoir,0,headwater,ap
02015700,"BULLPASTURE RIVER AT WILLIAMSVILLE, VA",38.19540308,-79.57032338,1610,02080201,1960-08-01,2025-12-07,23863,Ref,2,285.4062,EastHghlnds,8,8.4,67,1055.474,0,0,0,6,NA,"ag in valley, forested HW, NEoA",7,headwater,ap
02020500,"CALFPASTURE RIVER ABOVE MILL CREEK AT GOSHEN, VA",37.98790619,-79.49365288,1382.3,02080202,1938-10-01,2025-12-07,31115,Non-ref,3,365.6097,EastHghlnds,8,8.4,67,1136.416,1,0.2023469289791819,1.7805709263085166e-4,7,"No flow Sept. 5, 6, 1957, Sept. 28, 1959, result of diversion.","ag in valley, forested HW, NEoA",730,headwater,ap
02036500,"FINE CREEK AT FINE CREEK MILLS, VA",37.59792515,-77.819718,155.7,02080205,1944-10-01,2025-12-07,29644,Non-ref,3,58.1571,SEPlains,8,8.3,45,1100.19,7,34.32473421130008,0.03119891492496758,12,NA,"mixed forest & lt development, small dams on tribs",9,headwater,ef
02038850,"HOLIDAY CREEK NEAR ANDERSONVILLE, VA",37.41542434,-78.6358392,472.1,02080207,1966-04-27,2025-12-07,21775,Ref,2,22.00359,SEPlains,8,8.3,45,1154.721,0,0,0,7,NA,"HBN, state forest, few roads",0,headwater,ef
02053500,"AHOSKIE CREEK AT AHOSKIE, NC",36.28027778,-76.9994444,16.3,03010203,1950-02-01,2025-12-07,27704,Non-ref,3,165.8835,SECstPlain,8,8.5,63,1205.353,0,0,0,9,Entire basin above station canalized since July 1964.,mainstem channelization,0,headwater,ef
02056650,"BACK CREEK NEAR DUNDEE, VA",37.22763879,-79.8680915,822.1,03010101,1974-07-01,2025-12-04,18780,Non-ref,3,144.7011,EastHghlnds,8,8.4,66,1115.571,1,0.28119343944171815,2.5206234246114153e-4,12,NA,urban in hw of several tribs,5,headwater,ap
02077200,"HYCO CREEK NEAR LEASBURG, NC",36.39777778,-79.1966667,399.3,03010104,1964-08-01,2025-12-07,22406,Ref,3,121.6944,SEPlains,8,8.3,45,1179.977,6,1.438735060939534,0.00121929076663319,12,NA,"lt ag & forested, many off-channel ponds",3,headwater,ef
02093800,"REEDY FORK NEAR OAK RIDGE, NC",36.1725,-79.9527778,770.7,03030002,1955-10-01,2025-12-07,25552,Non-ref,3,53.3151,SEPlains,8,8.3,45,1144.942,7,15.379226523067574,0.01343231929920255,16,Some diurnal fluctuation at medium and low flows caused by upstream mill. Maximum,"many small off-channel impoundments, urban hw",84,headwater,ef
02099000,"EAST FORK DEEP RIVER NEAR HIGH POINT, NC",36.0372222,-79.9455556,759.1,03030003,1928-10-01,2025-12-07,34214,Non-ref,3,37.6119,SEPlains,8,8.3,45,1141.814,12,24.81610873154507,0.0217339327872535,19,NA,mostly urban basin,1283,headwater,ef
02102908,"FLAT CREEK NEAR INVERNESS, NC",35.18277778,-79.1775,190.4,03030004,1968-06-01,2025-12-07,21009,Ref,2,19.7253,SEPlains,8,8.3,65,1214.807,0,0,0,7,Some diurnal fluctuation at low flow during growing season,"mostly forested, NEOoA, Ft Bragg",0,headwater,ef
02111000,"YADKIN RIVER AT PATTERSON, NC",35.9908333,-81.5583333,1211.3,03040101,1939-10-01,2025-12-07,31480,Non-ref,3,74.0736,EastHghlnds,8,8.4,66,1318.245,2,0.8655715396578538,6.566090064122025e-4,8,dam 1 mi upstream at gage,possible small diversions upstrm,0,headwater,ap
02142000,"LOWER LITTLE RIVER NR ALL HEALING SPRINGS, NC",35.94555556,-81.2369444,1072.89,03050101,1953-01-01,2025-12-07,25908,Ref,3,72.45631,EastHghlnds,8,8.4,66,1312.997,0,0,0,9,NA,"mod ag, forested uplands, NEoA",731,headwater,ap
02142900,"LONG CREEK NEAR PAW CREEK, NC",35.3286111,-80.9097222,647.69,03050101,1965-06-01,2025-12-07,22075,Non-ref,2,42.6231,SEPlains,8,8.3,45,1157.798,4,3.6449249350704194,0.00314815273050257,21,Frequent diversions during summer months for irrigation by upstream golf course.,suburban,30,headwater,ef
02143040,"JACOB FORK AT RAMSEY, NC",35.59055556,-81.5669444,1102.62,03050102,1961-10-01,2025-12-07,23444,Ref,3,66.48413,EastHghlnds,8,8.4,66,1364.819,0,0,0,7,NA,forested uplands & mod ag valleys,0,headwater,ap
02143500,"INDIAN CREEK NEAR LABORATORY, NC",35.42055556,-81.2652778,741.62,03050102,1951-09-01,2025-12-07,27120,Non-ref,2,181.2447,SEPlains,8,8.3,45,1246.1799999999998,5,2.3062026089590484,0.00185061757447483,24,NA,"mod-hvy ag, riparian forest, some suburban, NEoA",7,headwater,ef
02144000,"LONG CREEK NEAR BESSEMER CITY, NC",35.30638889,-81.2347222,705.86,03050102,1953-01-01,2025-12-07,26637,Non-ref,2,81.8424,SEPlains,8,8.3,45,1218.753,11,21.558788598574825,0.01768921889716359,28,City diverts water upstream f,urban in hw of prox trib,2,headwater,ef
02146300,"IRWIN CREEK NEAR CHARLOTTE, NC",35.19777778,-80.9044444,590.84,03050103,1962-05-01,2025-12-07,23231,Non-ref,3,78.13889,SEPlains,8,8.3,45,1151.829,7,32.34816875438082,0.028084176344215,31,NA,urban basin,1,headwater,ef
02146507,"LITTLE SUGAR C AT ARCHDALE DR AT CHARLOTTE, NC",35.14805556,-80.8577778,563.69,03050103,1977-10-01,2025-12-07,17600,Non-ref,3,111.1383,SEPlains,8,8.3,45,1172.55,8,2.7624770218727477,0.0023559566942755,33,A daily average of 20.9 ft³/s of treated sewage effluent,urban basin,0,headwater,ef
02146600,"MCALPINE CR AT SARDIS ROAD NEAR CHARLOTTE, NC",35.13777778,-80.7675,552.36,03050103,1962-04-01,2025-12-07,23262,Non-ref,3,100.2357,SEPlains,8,8.3,45,1195.521,11,5.695366022285474,0.00476391968211806,23,NA,urban basin,0,headwater,ef
02146700,"MCMULLEN CR AT SHARON VIEW RD NEAR CHARLOTTE, NC",35.1408333,-80.82,592.31,03050103,1962-04-01,2025-12-07,23261,Non-ref,2,18.3393,SEPlains,8,8.3,45,1183.803,1,0.06723266427835305,5.679379447285827e-5,24,NA,urban basin,1,headwater,ef
02146750,"MCALPINE CR BELOW MCMULLEN CR NR PINEVILLE, NC",35.0664972,-80.86985,515.31,03050103,1974-04-01,2025-12-07,18879,Non-ref,3,238.3524,SEPlains,8,8.3,45,1196.825,41,11.608240571523512,0.00969919626639108,24,NA,urban basin,0,headwater,ef
02162093,"SMITH BRANCH AT NORTH MAIN ST AT COLUMBIA, SC",34.02737615,-81.0417588,199.38,03050106,1976-07-12,2025-12-01,16890,Non-ref,1,14.3703,SEPlains,8,8.3,65,1214.4499999999998,0,0,0,22,NA,urban basin,1150,headwater,ef
02234324,"HOWELL CREEK NEAR SLAVIA, FL",28.64777587,-81.2645109,NA,03080101,1972-02-01,2025-12-07,19159,Non-ref,1,85.1463,SECstPlain,8,8.5,75,1308.5480000000002,0,0,0,22,Some regulation by retention ponds in urban areas upstream from station.,prox hvy urban,510,headwater,ef
02234990,"LITTLE WEKIVA RIVER NEAR ALTAMONTE SPRINGS, FL",28.6872192,-81.3970138,NA,03080101,1972-02-01,2025-12-07,18572,Non-ref,2,110.3107,SECstPlain,8,8.5,75,1307.55,0,0,0,27,Flow includes occasional pumpage from Cranes Roost basin.,urban basin,1097,headwater,ef
02235000,"WEKIVA RIVER NEAR SANFORD, FL",28.81426389,-81.4193056,4.96,03080101,1935-10-01,2025-12-07,32941,Non-ref,3,449.0403,SECstPlain,8,8.5,75,1309.984,0,0,0,21,NA,"proximal urban, spring fed",0,headwater,ef
02237293,"PALATLAKAHA R AT STRUCTURE M-1, NR OKAHUMPKA, FL",28.7444364,-81.8725798,NA,03080102,1970-01-01,2025-12-07,19967,Non-ref,1,552.1627,SECstPlain,8,8.5,75,1293.396,3,10.385857284456195,0.00802991294580793,20,Flow regulated by manipulation of gates in spillway.,diversion structure on prox lake,463,headwater,ef
02247510,"TOMOKA RIVER NEAR HOLLY HILL, FL",29.21748099,-81.1086687,NA,03080201,1964-10-01,2025-12-07,22347,Non-ref,1,144.9765,SECstPlain,8,8.5,75,1279.772,0,0,0,19,NA,proximal development,1,headwater,ef
02248000,"SPRUCE CREEK NEAR SAMSULA, FL",29.05081845,-81.0464455,6.25,03080201,1951-05-01,2025-12-07,27250,Non-ref,1,93.5172,SECstPlain,8,8.5,75,1293.878,0,0,0,17,Some diversions for irrigation above station.,channelization,0,headwater,ef
02263800,"SHINGLE CREEK AT AIRPORT NEAR KISSIMMEE, FL",28.3041775,-81.450905,60.66,03090101,1958-10-01,2025-12-07,24539,Non-ref,3,274.7514,SECstPlain,8,8.5,75,1288.994,0,0,0,24,NA,much local urban,1,headwater,ef
02263869,"SOUTH LAKE OUTLET AT S-15, NEAR VINELAND, FL",28.41278456,-81.5378509,NA,03090101,1972-06-16,2025-12-07,18071,Non-ref,1,8.5248,SECstPlain,8,8.5,75,1297.723,0,0,0,12,Flow regulated by automatic gates in control structure 15.,lake outlet,1462,headwater,ef
02264100,"BONNET CREEK NEAR VINELAND, FL",28.32528785,-81.5206284,NA,03090101,1966-05-03,2025-12-07,21767,Non-ref,2,112.9824,SECstPlain,8,8.5,75,1295.255,0,0,0,25,"Since October 1968, flow regulated by automatic gates upstream and since December 1970, by control structure S-11. Natural flow of stream affected by canals and control structures above station which divert an undetermined amount of water into the Reedy C",prox hvy urban,2,headwater,ef
02266200,"WHITTENHORSE CREEK NEAR VINELAND, FL",28.38500749,-81.6164632,7.23,03090101,1966-05-04,2025-12-07,21529,Ref,1,26.0874,SECstPlain,8,8.5,75,1294.091,0,0,0,12,NA,"prox orchards & ponds, NEoA",239,headwater,ef
02266300,"REEDY CREEK NEAR VINELAND, FL",28.33278738,-81.579796,66.37,03090101,1966-05-03,2025-12-07,21767,Non-ref,3,257.8464,SECstPlain,8,8.5,75,1294.801,0,0,0,18,"Natural flow of stream affected by several canals, levees, and control structures.",urban in basin,2,headwater,ef
02266480,"DAVENPORT CREEK NEAR LOUGHMAN, FL",28.271123,-81.5909074,77.69,03090101,1969-02-01,2025-12-07,20741,Non-ref,1,43.6077,SECstPlain,8,8.5,75,1289.984,0,0,0,13,NA,prox gravel mining,23,headwater,ef
02271500,JOSEPHINE CREEK NEAR DE SOTO CITY FL,27.3742078,-81.3934062,52.99,03090101,1946-10-01,2025-12-07,27826,Non-ref,3,307.6326,SECstPlain,8,8.5,75,1288.7710000000002,2,186.8783022345486,0.1450050491782858,30,Some regulation by gate manipulations at structure G-90 located on Lake June-in-Winter outflow canal. Discharge affected by pumpage,upstrm regulation,1097,headwater,ef
02301900,"FOX BRANCH NEAR SOCRUM, FL",28.18194444,-82.0125,110,03100205,1964-01-01,2025-12-07,22622,Non-ref,3,22.3596,SECstPlain,8,8.5,75,1315.072,0,0,0,16,Some diversion at times by pumpage for irrigation.,urban in basin,0,headwater,ef
02303400,CYPRESS CREEK NEAR SAN ANTONIO FL,28.32388889,-82.3836111,-0.86,03100205,1963-01-01,2025-12-07,22723,Non-ref,3,120.3696,SECstPlain,8,8.5,75,1394.9250000000002,0,0,0,16,NA,extensive channelization,264,headwater,ef
02303420,"CYPRESS CREEK AT SR 54 AT WORTHINGTON GARDENS, FL",28.1872222,-82.4022222,39.06,03100205,1974-06-01,2025-12-07,18817,Non-ref,3,292.1625,SECstPlain,8,8.5,75,1377.833,1,2.747385444743935,0.00199399016045045,18,NA,prox suburban,1,headwater,ef
02303800,CYPRESS CREEK NEAR SULPHUR SPRINGS FL,28.08888889,-82.40916667,0,031002050404,1964-03-01,2025-12-07,22562,Non-ref,3,407.8359,SECstPlain,8,8.5,75,1362.381,1,1.968151896387739,0.00144464132749042,20,NA,urban in basin,0,headwater,ef
02306500,SWEETWATER CREEK NEAR SULPHUR SPRINGS FL,28.04307328,-82.5117623,26,03100206,1951-10-01,2025-12-07,27007,Non-ref,1,13.5585,SECstPlain,8,8.5,75,1248.613,0,0,0,18,Flow affected by regulation of control structures upstream from station.,urban in basin,90,headwater,ef
02307000,ROCKY CREEK NEAR SULPHUR SPRINGS FL,28.036275,-82.57657222,0,031002060202,1953-01-01,2025-12-07,26639,Non-ref,3,112.179,SECstPlain,8,8.5,75,1271.622,1,22.15858583157275,0.01742545019791475,27,NA,urban basin,0,headwater,ef
02307359,BROOKER CREEK NEAR TARPON SPRINGS FL,28.09643229,-82.6871441,0,03100206,1950-09-01,2025-12-07,27486,Non-ref,2,80.02354,SECstPlain,8,8.5,75,1302.456,0,0,0,19,NA,suburban,6,headwater,ef
02310000,"ANCLOTE RIVER AT LITTLE RD NEAR ELFERS, FL",28.21417784,-82.6664882,0,03100207,1946-06-01,2025-12-07,29044,Non-ref,3,177.6188,SECstPlain,8,8.5,75,1318.591,0,0,0,18,NA,"some proximal urban, forested hw",1,headwater,ef
02312200,"LITTLE WITHLACOOCHEE RIVER AT RERDELL, FL",28.57277286,-82.155363,59.02,03100208,1958-08-01,2025-12-07,24595,Ref,2,413.4789,SECstPlain,8,8.5,75,1299.205,2,5.302021457443174,0.00408097371657527,17,NA,"state forest, NEoA",6,headwater,ef
02312700,"OUTLET RIVER AT PANACOOCHEE RETREATS, FL",28.8002651,-82.1528658,-0.68,03100208,1962-10-01,2025-12-07,22189,Non-ref,3,940.1255,SECstPlain,8,8.5,75,1287.845,0,0,0,18,"Flow affected at times by backwater from Withlacoochee River. Prior to 1962, flow partially controlled by small rock dams and at times during 1962-64 by a temporary sheet piling dam about 400 ft downstream from bridge on County Road 470. Flow partially controlled by sandbag dam June 6-10, 1992.",lake outlet,890,headwater,ef
02324400,"FENHOLLOWAY RIVER NEAR FOLEY, FLA.",30.09827057,-83.4718112,53.59,03110102,1955-10-01,2025-12-07,25635,Ref,2,176.2654,SECstPlain,8,8.5,75,1422.115,0,0,0,16,NA,"mostly forested wetlands, NEoA",1,headwater,ef
02325000,"FENHOLLOWAY RIVER NEAR PERRY, FLA",30.0713236,-83.6623725,0,03110102,1977-08-10,2025-07-01,16938,Non-ref,2,419.5886,SECstPlain,8,8.5,75,1435.779,1,0.7522797330528047,5.239523165144529e-4,21,Natural flow of stream affected by large ground-water withdrawals by cellulose plant about 10 mi upstream. Flow affected by backwater from Spring Creek at times.,upstrm industrial,555,headwater,ef
02326000,"ECONFINA RIVER NEAR PERRY, FLA.",30.17076448,-83.823767900000007,14.35,03110102,1950-02-01,2025-12-07,27700,Ref,2,556.4121,SECstPlain,8,8.5,75,1426.0030000000002,0,0,0,12,NA,"mostly undeveloped, NEoA",4,headwater,ef
02327100,"SOPCHOPPY RIVER NR SOPCHOPPY, FLA.",30.12936856,-84.4943482,0,03120003,1964-06-01,2025-12-07,22470,Ref,2,271.1182,SECstPlain,8,8.5,75,1623.849,0,0,0,6,NA,"HBN, wilderness",0,headwater,ef
02330450,"CHATTAHOOCHEE RIVER AT HELEN, GA",34.7009722,-83.72925,1404.04,03130001,1981-05-05,2025-12-07,16288,Non-ref,3,116.6112,EastHghlnds,8,8.4,66,1900.762,1,24.594189923437888,0.01293912121740538,15,Some regulation at low-flow on Smith Creek by Unicoi Lake at Unicoi State Park.,"mostly forested, small reservoir on proximal trib",0,headwater,ap
02337500,"SNAKE CREEK NEAR WHITESBURG, GA",33.52930556,-84.9287222,832.9,03130002,1954-09-15,2025-12-07,26017,Non-ref,3,92.3145,SEPlains,8,8.3,45,1362.324,7,17.470321563784672,0.01282391087860499,12,"Flow regulated by earthen dam upstream of gage since September, 2001.",proximal reservoir--,0,headwater,ef
02349900,"TURKEY CREEK AT BYROMVILLE, GA",32.19555556,-83.9022222,284.18,03130006,1958-06-20,2025-12-07,24643,Ref,3,122.8673,SEPlains,8,8.3,65,1204.408,3,4.826939307692121,0.00400772770331326,12,NA,"hvy ag & forested riprian,  a few ponds on tribs, NEoA",0,headwater,ef
02381600,"FAUSETT CREEK NEAR TALKING ROCK, GA",34.57044444,-84.46888889,1311.74,03150102,1974-10-01,2025-12-07,18694,Ref,2,10.3248,EastHghlnds,8,8.4,66,1599.074,0,0,0,9,NA,"forested upands, mod ag & lt devlopment in basin, NEoA",2,headwater,ap
02430085,"RED BUD CREEK NR MOORES MILL, MS",34.46666667,-88.2836111,360.36,03160101,1975-06-10,2025-12-07,18443,Ref,3,40.5621,SEPlains,8,8.3,65,1519.726,0,0,0,7,NA,"small town in hw of 1 trib, NEoA",1,headwater,ef
02430880,"CUMMINGS CREEK NR FULTON, MS",34.30444444,-88.3711111,291.61,03160101,1975-07-22,2025-12-07,18392,Ref,3,47.6676,SEPlains,8,8.3,65,1505.197,1,1.2933313193867533,8.592438859410118e-4,9,NA,"mostly forested uplands, lt ag valleys, small reservoir on prox trib",10,headwater,ef
02465493,ELLIOTTS CREEK AT MOUNDVILLE AL,32.99734636,-87.6222295,147.92,03160113,1976-10-01,2025-12-07,17964,Ref,3,83.4174,SEPlains,8,8.3,65,1441.342,1,3.5474613210193557,0.00246122108494677,7,NA,"National Forest HW, NEoA",1,headwater,ef
02479155,"CYPRESS CREEK NR JANICE, MS",31.02527778,-89.0166667,103,03170007,1966-10-01,2025-12-07,21617,Ref,3,137.2806,SEPlains,8,8.3,65,1621.1619999999998,0,0,0,6,NA,HBN,1,headwater,ef
03011800,"Kinzua Creek near Guffey, PA",41.76645099,-78.71863999,1540,05010001,1965-10-01,2025-12-07,21979,Ref,3,100.0953,NorthEast,5,5.3,62,1204.581,0,0,0,8,NA,"oil fields, some roads, NEoA",4,headwater,nf
03014500,CHADAKOIN RIVER AT FALCONER NY,42.11263889,-79.20363889,1255.88,05010002,1934-10-28,2025-12-07,33278,Non-ref,3,499.3146,NorthEast,8,8.1,61,1180.181,3,289.3674769373858,0.2451890658614109,31,Flow regulated by Chautauqua Lake. Diurnal fluctuation caused by mills upstream from station.,lake outlet,1,headwater,ef
03021350,"French Creek near Wattsburg, PA",42.015332,-79.7825507,1304.7,05010004,1974-10-01,2025-12-07,18693,Ref,3,239.6691,NorthEast,8,8.1,61,1192.698,1,0.2726634347106073,2.2861062457605133e-4,13,NA,"mod ag, NEoA",3,headwater,ef
03026500,"Sevenmile Run near Rasselas, PA",41.63117349,-78.5766898,1690.6,05010005,1951-11-01,2025-12-07,27061,Ref,2,20.3058,NorthEast,5,5.3,62,1212.006,0,0,0,5,NA,"mostly forested, NEoA",5,headwater,nf
03049800,"Little Pine Creek near Etna, PA",40.5203462,-79.93810799,774,05010009,1962-10-01,2025-12-07,23079,Ref,2,14.8878,EastHghlnds,8,8.4,70,1010.347,0,0,0,16,NA,"lt urban in valley, NEoA",0,headwater,ap
03052500,"SAND RUN NEAR BUCKHANNON, WV",38.96398938,-80.1525806,1530,05020001,1946-10-01,2025-12-07,28922,Non-ref,3,37.323,EastHghlnds,8,8.4,69,1320.676,1,6.0786110441282855,0.004602651251426,12,NA,"some strip mine in basin, NEoA",1,headwater,ap
03076600,"BEAR CREEK AT FRIENDSVILLE, MD",39.65613889,-79.39411111,1550.86,050200060302,1964-10-01,2025-12-07,22348,Ref,3,127.3991,EastHghlnds,8,8.4,69,1244.71,0,0,0,8,NA,"ag uplands, forested valleys, remnant mines, NEoA",0,headwater,ap
03078000,"CASSELMAN RIVER AT GRANTSVILLE, MD",39.70219444,-79.13638889,2088.66,050200060402,1947-07-25,2025-12-07,28626,Ref,3,161.4825,EastHghlnds,8,8.4,69,1205.8719999999998,1,2.061585620732897,0.00170962226565746,9,NA,"mod ag, lt development, forested uplands, NEoA",0,headwater,ap
03118000,Middle Branch Nimishillen Creek at Canton OH,40.84144709,-81.3537229,1046.12,05040001,1941-10-01,2025-12-07,30747,Non-ref,3,116.2062,NorthEast,8,8.1,61,992.2353,0,0,0,20,At times low flow regulated by small pools above station.,urban in basin,2,headwater,ef
03140000,Mill Creek near Coshocton OH,40.36284598,-81.8623563,781.16,05040003,1936-11-01,2025-12-07,32544,Ref,3,70.3458,EastHghlnds,8,8.4,70,982.0421,0,0,0,13,NA,"mixed mod ag & forest, NEoA",0,headwater,ap
03157000,Clear Creek near Rockbridge OH,39.5883982,-82.5784946,755.97,05030204,1939-10-01,2025-12-07,31480,Non-ref,3,228.8763,CntlPlains,8,8.2,55,1005.509,6,9.71310266724864,0.00965988635332815,17,NA,"small reservoirs on prox trib, ag hw, forested lowland",0,headwater,cp
03165000,"CHESTNUT CREEK AT GALAX, VA",36.6459613,-80.9192444,2344.8,05050001,1944-10-01,2025-12-07,29652,Ref,3,101.9961,EastHghlnds,8,8.4,66,1268.159,0,0,0,10,NA,"mod ag, NEoA",1,headwater,ap
03206600,"EAST FORK TWELVEPOLE CREEK NEAR DUNLOW, WV",38.0118333,-82.3059722,717.5,05090102,1964-10-01,2025-12-07,21925,Non-ref,2,99.585,EastHghlnds,8,8.4,69,1189.5,0,0,0,6,NA,"mostly forested, NEoA",423,headwater,ap
03210000,"JOHNS CREEK NEAR META, KY",37.5670444,-82.45792659,714.52,05070203,1941-04-01,2025-12-07,30567,Ref,3,146.1393,EastHghlnds,8,8.4,69,1189.39,3,163.92549437420325,0.13782316513019555,17,NA,"some mining & valley developemnt, NEoA",365,headwater,ap
03237280,Upper Twin Creek at McGaw OH,38.64368745,-83.21573648,541.88,05090201,1963-07-01,2025-12-07,22805,Ref,3,32.9542,EastHghlnds,8,8.4,70,1127.885,0,0,0,8,NA,"HBN, mostly roadless, proximal ag",1,headwater,ap
03274650,"WHITEWATER RIVER NEAR ECONOMY, IN",40.0041988,-85.1154894,1065.58,05080003,1970-10-01,2025-12-07,20157,Non-ref,1,26.7885,CntlPlains,8,8.2,55,1009.94,1,5.201075088190828,0.00514988522901442,13,NA,"channelization, pond on prox trib",0,headwater,cp
03291780,"INDIAN-KENTUCK CREEK NEAR CANAAN, IN",38.87810218,-85.2571616,588.4,05140101,1969-10-01,2025-12-07,20522,Ref,2,71.4105,CntlPlains,8,8.2,55,1145.977,1,2.2964269960299957,0.00200390321623383,16,NA,"ag uplands, forested lowlands",0,headwater,cp
03293000,"M FK BEARGRASS CR AT OLD CANNONS LN AT LOUISVILLE,",38.237293,-85.6646834,475.76,05140101,1944-08-04,2025-12-07,29346,Non-ref,2,48.7755,SEPlains,8,8.3,71,1202.209,1,0,0,22,NA,urban basin,365,headwater,ef
03302000,"POND CREEK NEAR LOUISVILLE, KY",38.1197916,-85.7957955,429.76,05140102,1944-08-01,2025-12-07,29711,Non-ref,3,166.7052,SEPlains,8,8.3,71,1170.943,7,1.2351804262854431,0.00105485956727649,27,NA,"urban basin, local channelization",3,headwater,ef
03302220,"BUCK CREEK NEAR NEW MIDDLETOWN, IN",38.12033579,-86.08802209,501.68,05140104,1969-10-01,2025-12-07,20521,Non-ref,3,169.2783,SEPlains,8,8.3,71,1183.561,1,27.445596984374255,0.02318900080720322,19,can be affected by regulation of Spring Hills Lake during periods of low flow.,reservoir on proximal trib,1,headwater,ef
03302680,"WEST FORK BLUE RIVER AT SALEM, IN",38.60532859,-86.094411,712.54,05140104,1970-06-27,2025-12-07,20253,Ref,3,49.5567,SEPlains,8,8.3,71,1160.057,0,0,0,11,NA,"hvy ag, forested riparian, lt suburban, NEoA",0,headwater,ef
03326500,"MISSISSINEWA RIVER AT MARION, IN",40.57641667,-85.6595278,774.21,05120103,1923-10-01,2025-12-07,37141,Non-ref,3,1769.698,CntlPlains,8,8.2,55,978.6094,14,1.015830949687461,0.00103803514424392,22,Flow periodically regulated by dam 0.1 mile above station,hvy. Ag & prox. Urban,183,headwater,cp
03337000,"BONEYARD CREEK AT URBANA, IL",40.11130556,-88.2265556,693.88,05120109,1948-07-15,2025-12-07,28270,Non-ref,1,10.9719,CntlPlains,8,8.2,54,1017.448,0,0,0,18,storm runoff from 0.88 mi² at headwaters has been diverted to Saline Branch...a retention basin 1.0 mi upstream temporarily detains water during periods of heavy runoff,hvy urban,0,headwater,cp
03340800,"BIG RACCOON CREEK NEAR FINCASTLE, IN",39.81253498,-86.95388289,685.68,05120108,1957-08-01,2025-12-07,24966,Ref,3,357.6537,CntlPlains,8,8.2,55,1051.868,0,0,0,15,NA,"remnant riparian, small towns upstrm, NEoA",0,headwater,cp
03350700,"STONY CREEK NEAR NOBLESVILLE, IN",40.0289211,-85.9955181,748.69,05120201,1967-06-27,2025-12-07,21335,Non-ref,2,132.6105,CntlPlains,8,8.2,55,1018.566,1,2.47324306898775,0.00242816181669891,23,NA,"hvy channelization, prox suburban",14,headwater,cp
03351310,"CROOKED CREEK AT INDIANAPOLIS, IN",39.82975688,-86.20608069,710.34,05120201,1969-06-01,2025-12-07,20644,Non-ref,2,46.1358,CntlPlains,8,8.2,55,1019.614,1,5.879598923178963,0.00576649489236021,24,NA,urban,0,headwater,cp
03351500,"FALL CREEK NEAR FORTVILLE, IN",39.95475528,-85.8674584,786.35,05120201,1941-07-01,2025-12-07,30841,Non-ref,2,413.6364,CntlPlains,8,8.2,55,1023.833,0,0,0,18,NA,upstrm urban,0,headwater,cp
03352500,"FALL CREEK AT MILLERSVILLE, IN",39.8519788,-86.08746569,721.73,05120201,1929-10-01,2025-12-07,35130,Non-ref,3,772.2104,CntlPlains,8,8.2,55,1033.59,2,97.1217921954949,0.09396549134133932,21,Flow regulated by Geist Reservoir.,"urban, upstrm mainstem reservoir",2,headwater,cp
03353120,"PLEASANT RUN AT ARLINGTON AV AT INDIANAPOLIS, IN",39.7758686,-86.0638538,779.45,05120201,1960-01-01,2025-12-07,24083,Non-ref,1,21.2616,CntlPlains,8,8.2,55,1031.278,0,0,0,23,NA,hvy urban,0,headwater,cp
03353600,"LITTLE EAGLE CREEK AT SPEEDWAY, IN",39.78753517,-86.2280259,707.39,05120201,1959-10-01,2025-12-07,24175,Non-ref,2,63.5409,CntlPlains,8,8.2,55,1013.825,0,0,0,21,NA,urban,0,headwater,cp
03353620,"LICK CREEK AT INDIANAPOLIS, IN",39.70586947,-86.1035774,740.09,05120201,1970-10-01,2025-12-07,20157,Non-ref,2,38.8503,CntlPlains,8,8.2,55,1026.918,0,0,0,22,NA,urban,0,headwater,cp
03353800,"WHITE LICK CREEK AT MOORESVILLE, IN",39.60876944,-86.3820278,644.05,05120201,1957-09-01,2025-12-07,24935,Non-ref,3,549.6057,CntlPlains,8,8.2,55,1044.666,17,5.144176998164321,0.00492423128364886,28,Pumpage from a well field above gage affects low flows.,upstrm urban,0,headwater,cp
03357350,"PLUM CREEK NEAR BAINBRIDGE, IN",39.76170225,-86.7294311,828.2,05120203,1969-07-01,2025-12-07,20613,Ref,1,7.7535,CntlPlains,8,8.2,55,1070.987,0,0,0,13,NA,"remnent riparian, NEoA",1,headwater,cp
03358000,"MILL CREEK NEAR CATARACT, IN",39.43355556,-86.76338889,706.02,05120203,1949-10-01,2025-12-02,27822,Non-ref,3,633.5784,CntlPlains,8,8.2,55,1098.061,10,5.64171221746196,0.00513788598034349,21,NA,"small ponds on prox tribs, channelized mainstem",0,headwater,cp
03361650,"SUGAR CREEK AT NEW PALESTINE, IN",39.7142026,-85.8855147,785.61,05120204,1967-10-01,2025-12-07,21253,Non-ref,2,243.2359,CntlPlains,8,8.2,55,1048.961,1,3.8728329165226025,0.00369206568835505,20,All is good,upstrm suburban,0,headwater,cp
03361850,"BUCK CREEK AT ACTON, IN",39.6569811,-85.9574616,756.76,05120204,1967-10-01,2025-12-07,21253,Non-ref,3,203.9679,CntlPlains,8,8.2,55,1044.074,0,0,0,21,Low flow is affected by regulation.,upstrm urban,0,headwater,cp
03362000,"YOUNGS CREEK NEAR EDINBURGH, IN",39.4189286,-86.0049632,669.73,05120204,1942-12-01,2025-12-07,30323,Non-ref,2,260.4294,CntlPlains,8,8.2,55,1058.719,4,1.7233538148918672,0.00162777263361842,25,NA,upstrm cities,0,headwater,cp
03363500,"FLATROCK RIVER AT ST. PAUL, IN",39.41753959,-85.6341179,764.3,05120205,1930-10-01,2025-12-07,34767,Non-ref,3,772.065,CntlPlains,8,8.2,55,1065.056,1,1.1977618464766568,0.00112459987688596,19,NA,upstrm city,0,headwater,cp
03364500,"CLIFTY CREEK AT HARTSVILLE, IN",39.2747637,-85.7016201,676.88,05120206,1948-04-01,2025-12-07,28375,Ref,3,237.0879,CntlPlains,8,8.2,55,1096.219,3,8.092137979205182,0.00738186254681334,14,NA,"upstrm small towns, mostly forested riparian",0,headwater,cp
03368000,"BRUSH CREEK NEAR NEBRASKA, IN",39.07032188,-85.4860578,716.64,05120207,1955-06-01,2025-12-07,25714,Ref,1,29.7216,CntlPlains,8,8.2,55,1147.696,0,0,0,8,NA,forested riparian,44,headwater,cp
03369500,"VERNON FORK MUSCATATUCK RIVER AT VERNON, IN",38.9764343,-85.6196733,584.5,05120207,1939-10-01,2025-12-07,31480,Non-ref,3,512.2854,CntlPlains,8,8.2,55,1144.244,6,38.50015635815505,0.03364680641380251,22,Diversion above station for municipal water supply,upstrm reservoirs,0,headwater,cp
03378550,"BIG CREEK NEAR WADESVILLE, IN",38.083111100000004,-87.76963889,369.7,05120113,1965-07-01,2025-12-07,22071,Non-ref,3,269.7336,SEPlains,8,8.3,72,1169.179,3,1.3073565918372794,0.00111818343627218,20,NA,hvy channelization,4,headwater,ef
03431700,"RICHLAND CREEK AT CHARLOTTE AVE, AT NASHVILLE, TN",36.15125855,-86.8542634,409.44,05130202,1964-08-01,2025-12-07,21382,Non-ref,2,63.9675,SEPlains,8,8.3,71,1328.364,0,0,0,17,Diversions above station used for irrigation of golf courses.,prox urban,1027,headwater,ef
03478400,"BEAVER CREEK AT BRISTOL, VA",36.63177439,-82.1337425,1780.6,06010102,1957-10-01,2025-12-07,24904,Non-ref,3,68.1156,EastHghlnds,8,8.4,67,1212.828,2,142.00689709846202,0.11708741643370868,24,"Since September 1965, some regulation at high flow by flood-control reservoirs",proximal urban,1,headwater,ap
03611260,"MASSAC CREEK NEAR PADUCAH, KY",37.04144404,-88.7108852,344.78,05140206,1971-10-01,2025-12-07,19792,Non-ref,3,34.4331,SEPlains,8,8.3,74,1253.452,0,0,0,18,NA,prox suburban drainage,0,headwater,ef
04025500,"BOIS BRULE RIVER AT BRULE, WI",46.53777778,-91.5952778,948.71,04010301,1942-10-01,2025-12-07,29562,Non-ref,3,302.7636,MxWdShld,5,5.2,50,833.0775,0,0,0,6,NA,"mostly undeveloped, NEoA",822,headwater,nf
04037500,"CISCO BRANCH ONTONAGON R AT CISCO LAKE OUTLET, MI",46.25330556,-89.4524722,1672.65,04020102,1944-10-01,2025-12-07,29653,Non-ref,3,132.3,MxWdShld,5,5.2,50,811.2099000000001,1,97.85714285714286,0.12063110035656968,13,Flow regulated by Cisco Lake,natural lake outlet,0,headwater,nf
04043050,"TRAP ROCK RIVER NEAR LAKE LINDEN, MI",47.22853637,-88.3853928,621.71,04020103,1966-10-01,2025-12-07,21618,Ref,3,76.6224,MxWdShld,5,5.2,50,848.9294,2,7.370090208607405,0.00868162913029918,10,NA,"small towns on 1 trib, NEoA",0,headwater,nf
04057510,"STURGEON RIVER NEAR NAHMA JUNCTION, MI",45.9430235,-86.7056997,611.01,04030112,1966-10-01,2025-12-02,20764,Ref,3,473.5728,MxWdShld,5,5.2,50,827.6085,0,0,0,6,NA,"mostly forested, NEoA",849,headwater,nf
04057800,"MIDDLE BRANCH ESCANABA RIVER AT HUMBOLDT, MI",46.49910267,-87.8865238,1521.37,04030110,1959-06-24,2025-12-07,24221,Ref,3,115.8705,MxWdShld,5,5.2,50,844.7204,0,0,0,7,"From July 1960 to June 1972, some diversion 100 ft upstream",roadless state forest,53,headwater,nf
04087030,"MENOMONEE RIVER AT MENOMONEE FALLS, WI",43.17277778,-88.10388889,755.58,04040003,1974-11-01,2025-12-07,18015,Non-ref,3,87.85307,CntlPlains,8,8.2,53,848.2836,1,0.561391878508059,6.617973971299918e-4,15,Occasional regulation caused by dam in Menomonee Falls,hvy proximal urban,650,headwater,cp
04087088,"UNDERWOOD CREEK AT WAUWATOSA, WI",43.0547222,-88.0461111,680.14,04040003,1974-11-01,2025-12-07,18452,Non-ref,2,46.6749,CntlPlains,8,8.2,53,856.9687999999999,0,0,0,20,NA,prox hvy urban,213,headwater,cp
04087204,"OAK CREEK AT SOUTH MILWAUKEE, WI",42.925,-87.87,631.13,04040002,1963-10-01,2025-12-07,22713,Non-ref,2,66.79314,CntlPlains,8,8.2,53,873.9513,0,0,0,19,Low flows may occasionally be affected by construction and activity at gravel pit upstream,prox urban,1,headwater,cp
04087220,"ROOT RIVER NEAR FRANKLIN, WI",42.8736111,-87.9958333,674.2,04040002,1963-10-01,2025-12-07,22714,Non-ref,3,128.0809,CntlPlains,8,8.2,53,870.1324,0,0,0,21,Flow affected by urbanization,urban in basin,0,headwater,cp
04087257,"PIKE RIVER NEAR RACINE, WI",42.64694444,-87.8605556,619.83,04040002,1971-10-01,2025-12-07,19784,Non-ref,3,98.0937,CntlPlains,8,8.2,54,880.4005999999999,0,0,0,14,Low flows considerably affected by effluent dischargeLow flows considerably affected by effluent discharge,upstrm cities,8,headwater,cp
04094000,"LITTLE CALUMET RIVER AT PORTER, IN",41.62223849,-87.0874428,603.35,04040001,1945-10-01,2025-12-07,29288,Non-ref,3,172.6497,CntlPlains,8,8.1,56,997.6944,4,4.6206335719089004,0.00463131152375807,28,NA,Modified channel and flows,0,headwater,ef
04096515,"SOUTH BRANCH HOG CREEK NEAR ALLEN, MI",41.94865859,-84.8277403,1004.29,04050001,1969-10-01,2025-12-07,20522,Non-ref,3,126.6021,CntlPlains,8,8.1,56,932.6328,0,0,0,10,NA,upstrm series of lakes,0,headwater,ef
04099510,"PIGEON CREEK NR ANGOLA, IN",41.6344947,-85.109691,939.42,04050001,1945-10-01,2025-12-07,29288,Non-ref,3,273.0069,CntlPlains,8,8.1,56,941.9321,3,1.7117039898991566,0.00181722651760053,23,NA,upstrm series of lakes,0,headwater,ef
04105700,"AUGUSTA CREEK NEAR AUGUSTA, MI",42.3533734,-85.3538894,811.78,04050003,1964-10-01,2025-12-07,22348,Ref,3,98.0415,CntlPlains,8,8.1,56,939.79,1,1.5091568366457062,0.0016058447489819,10,NA,"many small lakes in system, NEoA",0,headwater,ef
04106400,"WEST FORK PORTAGE CREEK AT KALAMAZOO, MI",42.2444854,-85.6144495,857.66,04050003,1959-09-10,2025-12-07,24196,Non-ref,1,65.7432,CntlPlains,8,8.1,56,955.3054,0,0,0,14,"At times, flow is affected by ground-water withdrawals.",much urban in basin,0,headwater,ef
04112000,"SLOAN CREEK NEAR WILLIAMSTON, MI",42.67586828,-84.3638605,861.54,04050004,1954-06-01,2025-12-07,26123,Non-ref,2,25.6194,CntlPlains,8,8.1,56,831.5524,0,0,0,14,"At times, low flow is affected by pumpage for irrigation",hvy ag,0,headwater,ef
04121300,"CLAM RIVER AT VOGEL CENTER, MI",44.2005692,-85.0528147,1123.08,04060102,1966-06-01,2025-12-07,21740,Non-ref,3,560.2203,MxWdShld,5,5.2,50,822.2444,3,0.9001762342421367,0.00109477940408245,11,Some regulation at low flow by dams upstream from station,upstrm regulated lakes,0,headwater,nf
04122100,"BEAR CREEK NEAR MUSKEGON, MI",43.2886254,-86.2228378,589.56,04060102,1965-10-01,2025-12-07,21983,Non-ref,2,40.8942,CntlPlains,8,8.1,56,884.3009000000001,0,0,0,13,Some regulation during low flow by dams and irrigation upstream,"lt urban, ag & ag drains in hw",0,headwater,ef
04127800,"JORDAN RIVER NEAR EAST JORDAN, MI",45.10111787,-85.0972788,596.12,04060105,1966-10-01,2025-12-07,21618,Non-ref,3,173.5164,MxWdShld,5,5.2,50,833.8911,0,0,0,5,Some regulation at low flow by fish hatchery upstream from station,"state forest, NEoA",0,headwater,nf
04128990,"PIGEON RIVER NEAR VANDERBILT, MI",45.156124,-84.4675226,908.73,04070004,1950-10-01,2025-12-07,27462,Non-ref,3,150.9579,MxWdShld,5,5.2,50,859.3219999999999,1,4.614829697551437,0.00537031485002296,9,"since Apr. 22, 1958, regulation by Lansing Club Dam 1.0 mi upstream.",proximal reservoir,0,headwater,nf
04135700,"SOUTH BRANCH AU SABLE RIVER NEAR LUZERNE, MI",44.61473849,-84.455575,1059.26,04070007,1966-10-01,2025-12-07,21253,Non-ref,3,1011.484,MxWdShld,5,5.2,50,797.7767,3,15.68854277477449,0.01966533088115319,13,Occasional regulation by dam upstream from station,upstrm reservoir on trib,365,headwater,nf
04146000,"FARMERS CREEK NEAR LAPEER, MI",43.0447494,-83.33716779,805.33,04080204,1933-04-01,2025-12-07,33854,Non-ref,3,130.8474,CntlPlains,8,8.1,56,798.3217000000001,7,74.97090503899965,0.09391064409122242,19,NA,upstrm regulated lake,0,headwater,ef
04148140,"KEARSLEY CREEK NEAR DAVISON, MI",43.0336381,-83.5813417,746.89,04080204,1965-10-01,2025-12-07,21983,Non-ref,3,276.3117,CntlPlains,8,8.1,56,799.7302000000001,6,12.74001426649686,0.01593039035726906,13,"Some diurnal fluctuation caused by small dams, and occasional diversion for irrigation upstream from station.",suburban basin,0,headwater,ef
04163400,"PLUM BROOK AT UTICA, MI",42.60142277,-83.0713165,617.27,04090003,1965-07-01,2025-12-07,21649,Non-ref,3,47.04358,CntlPlains,8,8.1,56,815.063,0,0,0,17,"Prior to 1998, occasional diversion for sprinkler irrigation.",suburban basin,426,headwater,ef
04164100,"EAST POND CREEK AT ROMEO, MI",42.82252996,-83.0202102,773.97,04090003,1958-09-01,2025-12-07,24570,Non-ref,2,54.9972,CntlPlains,8,8.1,56,810.5158,4,20.849970543954967,0.02572432338019193,13,Occasional regulation by lakes upstream from station.,"upstrm natural lakes, proximal suburban",0,headwater,ef
04164300,"EAST BRANCH COON CREEK AT ARMADA, MI",42.84586297,-82.8849278,732.78,04090003,1958-10-01,2025-12-07,24540,Non-ref,2,32.8032,CntlPlains,8,8.1,56,807.1906,0,0,0,17,NA,"prox urban, upstrm channelization",0,headwater,ef
04166300,"UPPER RIVER ROUGE AT FARMINGTON, MI",42.46447955,-83.369655,690.37,04090004,1958-04-01,2025-12-07,23262,Non-ref,3,45.5742,CntlPlains,8,8.1,56,813.1812,0,0,0,15,NA,urban basin,1461,headwater,ef
04285500,"NORTH BRANCH WINOOSKI RIVER AT WRIGHTSVILLE, VT",44.29950278,-72.57872119,549.04,04300103,1933-10-01,2025-12-07,33671,Non-ref,3,181.8963,NorthEast,5,5.3,58,1169.345,3,246.18474372485863,0.2105321729043684,9,Discharge affected since 1935 by Wrightsville Detention Reservoir,proximal reservoir--Wrightsville dam,0,headwater,nf
04287000,"DOG RIVER AT NORTHFIELD FALLS, VT",44.1825606,-72.6406655,602.42,04300103,1934-11-27,2025-12-07,33249,Non-ref,3,198.5157,NorthEast,5,5.3,58,1113.691,1,2.484438258535723,0.00223081470402088,15,Infrequent diurnal fluctuation at low flow by power plant upstream; regulation much greater prior to 1955.,prox. Smll towns,0,headwater,nf
04288000,"MAD RIVER NEAR MORETOWN, VT",44.2772802,-72.7426163,543.67,04300103,1928-10-01,2025-12-06,35496,Non-ref,3,364.0464,NorthEast,5,5.3,58,1258.531,2,5.412315572959931,0.004300502389659,8,Occasional diurnal fluctuation at low flow; much greater regulation prior to 1958.,"forested uplands, lt ag & developed valley, NEoA",0,headwater,nf
04296000,"BLACK RIVER AT COVENTRY, VT",44.8689363,-72.2701041,709.74,04150500,1951-10-01,2025-12-07,27097,Ref,3,302.1894,NorthEast,5,5.3,58,1153.7050000000002,1,3.3661835921445293,0.00291771604712168,8,Occasional diurnal fluctuation at low flow by mill upstream prior to 1960.,"mixed mod ag & forest, NEoA",0,headwater,nf
05287890,"ELM CREEK NR CHAMPLIN, MN",45.163302,-93.436791,848.69,07010206,1978-10-01,2025-12-07,17235,Non-ref,3,222.1204,CntlPlains,8,8.1,51,774.9576000000001,1,13.822098285434388,0.01783594132818929,19,NA,upstrm suburban & lakes,0,headwater,ef
05426250,"BARK RIVER NEAR ROME, WI",42.96027778,-88.6705556,819,07090002,1979-10-18,2025-12-07,16702,Non-ref,3,306.8001,CntlPlains,8,8.2,53,866.8062,9,49.93085725852111,0.05760325348217526,21,NA,prox dam/diversion,151,headwater,cp
05427948,"PHEASANT BRANCH AT MIDDLETON, WI",43.1033333,-89.5116667,908,07090002,1974-07-01,2025-12-07,18788,Non-ref,3,46.9296,CntlPlains,8,8.2,53,864.8591999999999,0,0,0,16,NA,urban in hw of trib,0,headwater,cp
05430150,"BADFISH CREEK NEAR COOKSVILLE, WI",42.83333998,-89.196737,824,07090002,1977-07-01,2025-12-07,17692,Non-ref,3,224.5698,CntlPlains,8,8.2,53,869.6500000000001,0,0,0,22,Approximately 52 percent of flow is effluent from Nine Springs treatment plant,"hvy channelization, upstrm urban",0,headwater,cp
05448000,"MILL CREEK AT MILAN, IL",41.44241667,-90.5555278,564.82,07090005,1939-10-01,2025-12-07,30440,Non-ref,3,162.684,CntlPlains,8,8.2,54,923.2603,1,2.349524231024563,0.00254481236875945,18,Occasional pumpage of about 3-6 ft³/s from quarry into creek upstream from gage.,"prox quarry, mod ag, extensive riparian forests, channelized hw",1040,headwater,cp
05451900,"Richland Creek near Haven, IA",41.89943868,-92.474355,788.72,07080208,1949-10-01,2025-12-07,27826,Non-ref,3,146.2338,CntlPlains,9,9.2,47,899.0735999999999,0,0,0,10,NA,"hvy ag, no riparian",1,headwater,gp
05467000,"POPE CREEK NEAR KEITHSBURG, IL",41.1289222,-90.9193083,523.12,07080104,1934-10-01,2025-12-07,32336,Ref,3,448.6401,CntlPlains,8,8.2,54,923.3954,3,0.4946949681938819,5.357347114723356e-4,11,NA,"intensive ag, some channelization & riparian forest, POTW on one trib, NEoA",970,headwater,cp
05484800,"Walnut Creek at Des Moines, IA",41.5874722,-93.7033056,800.82,07100006,1971-10-01,2025-12-07,19792,Non-ref,3,201.5955,CntlPlains,9,9.2,47,871.3443,12,14.740061162079511,0.01691646018924954,19,NA,urban,0,headwater,gp
05503800,"Crooked Creek near Paris, MO",39.5848333,-91.9935,650,07110005,1979-10-01,2025-12-08,16871,Ref,3,212.6412,CntlPlains,9,9.2,40,988.7786,3,2.8296680041309026,0.00286178119563965,10,NA,"hvy ag, some riparian, NEoA",0,headwater,gp
05516500,"YELLOW RIVER AT PLYMOUTH, IN",41.34029645,-86.3044166,764.27,07120001,1948-10-01,2025-12-07,28192,Non-ref,3,764.811,CntlPlains,8,8.1,56,990.4766,2,0.16444062650772542,1.660217177343972e-4,25,NA,"hvy ag, upstrm small towns, NEoA",0,headwater,ef
05528500,"BUFFALO CREEK NEAR WHEELING, IL",42.15194444,-87.9577778,658.28,07120004,1952-08-12,2025-12-07,26780,Non-ref,3,58.0851,CntlPlains,8,8.2,54,925.3459,4,41.39357597731605,0.04473308411191539,23,NA,urban,1,headwater,cp
05529500,"MC DONALD CREEK NEAR MOUNT PROSPECT, IL",42.09530499,-87.9128462,637.9,07120004,1952-08-13,2025-12-07,26780,Non-ref,1,21.9222,CntlPlains,8,8.2,54,930.2148,0,0,0,23,NA,hvy urban,0,headwater,cp
05530990,"SALT CREEK AT ROLLING MEADOWS, IL",42.06039167,-88.0166583,685.96,07120004,1973-07-12,2025-12-07,19142,Non-ref,3,70.95151,CntlPlains,8,8.2,54,930.2396,2,2.2939046681317987,0.00246592885116028,23,NA,urban,0,headwater,cp
05532000,"ADDISON CREEK AT BELLWOOD, IL",41.88185556,-87.8689333,617.54,07120004,1950-08-16,2025-12-07,27392,Non-ref,2,47.12884,CntlPlains,8,8.2,54,942.1593,0,0,0,26,NA,urban,116,headwater,cp
05533000,"FLAG CREEK NEAR WILLOW SPRINGS, IL",41.73894444,-87.8968611,606.02,07120004,1951-07-26,2025-12-07,27163,Non-ref,2,42.70919,CntlPlains,8,8.2,54,965.2912,0,0,0,27,Effluent from sewage-treatment plant 2 mi. upstream,"hvy urban, POTW",1,headwater,cp
05534500,"NORTH BRANCH CHICAGO RIVER AT DEERFIELD, IL",42.15264167,-87.8184028,638.73,07120003,1952-08-01,2025-12-07,26778,Non-ref,2,51.6546,CntlPlains,8,8.2,54,905.8942,0,0,0,17,NA,hvy urban,14,headwater,cp
05535000,"SKOKIE RIVER AT LAKE FOREST, IL",42.2325,-87.8452778,648.49,07120003,1951-10-01,2025-12-07,27094,Non-ref,2,30.1419,CntlPlains,8,8.2,54,889.8359,0,0,0,18,NA,hvy urban,3,headwater,cp
05535070,"SKOKIE RIVER NEAR HIGHLAND PARK, IL",42.1597222,-87.7980556,622.53,07120003,1967-08-21,2025-12-07,21294,Non-ref,2,51.6663,CntlPlains,8,8.2,54,907.6249,0,0,0,24,Occasional diversion due to pumping upstream of gage,urban,0,headwater,cp
05535500,WF OF NB CHICAGO RIVER AT NORTHBROOK IL,42.1383333,-87.8347222,637.77,07120003,1952-08-08,2025-12-07,26781,Non-ref,2,29.9682,CntlPlains,8,8.2,54,929.3584,0,0,0,25,Effluent from sewage-treatment plant 1.7 mi upstream,urban & POTWs,4,headwater,cp
05536000,"NORTH BRANCH CHICAGO RIVER AT NILES, IL",42.0122222,-87.7958333,601.49,07120003,1950-10-01,2025-12-07,27462,Non-ref,3,254.6775,CntlPlains,8,8.2,54,927.7867,0,0,0,22,Diurnal fluctuation at low flow caused by sewage-treatment plants.,urban & POTWs,0,headwater,cp
05536215,"THORN CREEK AT GLENWOOD, IL",41.5302222,-87.6225833,610.89,07120003,1949-05-17,2025-12-07,27964,Non-ref,2,64.9755,CntlPlains,8,8.2,54,977.5789,1,7.135120160675949,0.00729876653503461,30,Effluent from sewage-treatment plant upstream averaged 23.5 ft³/s during the year. The,"urban, POTWs",0,headwater,cp
05536235,"DEER CREEK NEAR CHICAGO HEIGHTS, IL",41.5208611,-87.59013889,615.79,07120003,1948-05-17,2025-12-07,28329,Non-ref,2,59.4018,CntlPlains,8,8.2,54,979.952,1,12.45416805551347,0.01270895723006174,23,flow diverted for irrigation upstream from the gage.,channelization & suburban,0,headwater,cp
05536255,"BUTTERFIELD CREEK AT FLOSSMOOR, IL",41.5398611,-87.6494444,616.45,07120003,1948-05-17,2025-12-07,28329,Non-ref,2,60.3423,CntlPlains,8,8.2,54,975.7327,2,12.096588959983295,0.01239744138941258,22,NA,urban,0,headwater,cp
05536275,"THORN CREEK AT THORNTON, IL",41.56816667,-87.6083333,586.05,07120003,1948-05-17,2025-12-07,28329,Non-ref,3,268.2657,CntlPlains,8,8.2,54,976.5447,7,7.804329811824621,0.0079917793950698,30,Effluent from sewage-treatment plant upstream a,"urban, diversions, POTWs",0,headwater,cp
05536340,"MIDLOTHIAN CREEK AT OAK FOREST, IL",41.6141111,-87.7294556,619.99,07120003,1950-10-01,2025-12-07,27419,Non-ref,2,32.9751,CntlPlains,8,8.2,54,971.4222,0,0,0,21,Diurnal fluctuation at low flow caused by small industrial plants upstream. Retention pond,urban,43,headwater,cp
05536500,"TINLEY CREEK NEAR PALOS PARK, IL",41.64663889,-87.7664444,607.08,07120003,1951-07-11,2025-12-07,27179,Non-ref,3,29.12728,CntlPlains,8,8.2,54,970.2576,0,0,0,18,NA,"hvy urban hw, proximal forested open space",0,headwater,cp
05537500,"LONG RUN NEAR LEMONT, IL",41.6426111,-87.9993611,636.95,07120004,1951-07-01,2025-12-07,27188,Non-ref,2,54.621,CntlPlains,8,8.2,54,964.2811,1,19.390838688416544,0.02010911412493363,22,NA,"urban & wooded mix, upstrm ponds(regulated?)",1,headwater,cp
05539000,"HICKORY CREEK AT JOLIET, IL",41.5147222,-88.0733333,505.71,07120004,1944-10-01,2025-12-07,29653,Non-ref,3,278.9082,CntlPlains,8,8.2,54,967.3066,2,0.8620578383855333,8.911940003154463e-4,24,NA,prox hvy urban,0,headwater,cp
05539900,"WEST BRANCH DU PAGE RIVER NEAR WEST CHICAGO, IL",41.9109722,-88.1791417,717.43,07120004,1961-07-27,2025-12-07,23510,Non-ref,3,71.9064,CntlPlains,8,8.2,54,932.857,1,2.486357264443777,0.0026653144741839,25,Diurnal fluctuation at low flow caused by sewage-treatment plant,urban & POTWs,0,headwater,cp
05540095,"WEST BRANCH DU PAGE RIVER NEAR WARRENVILLE, IL",41.8175,-88.17138889,676.79,07120004,1968-10-01,2025-12-07,20884,Non-ref,3,237.0537,CntlPlains,8,8.2,54,944.3322,1,0.7541962011139249,7.986556014016305e-4,22,Flow slightly regulated by sewage-treatment plants upstream.,urban,3,headwater,cp
05544200,"MUKWONAGO RIVER AT MUKWONAGO, WI",42.85666667,-88.3277778,779.15,07120006,1973-06-20,2025-12-07,19163,Non-ref,3,191.2055,CntlPlains,8,8.2,53,877.6224000000001,5,74.15843163507327,0.08449924664077998,17,Discharge affected by manipulation of gates at dams,outlet of regulated lake,1,headwater,cp
05550500,"POPLAR CREEK AT ELGIN, IL",42.02586944,-88.2556667,715.77,07120006,1951-08-14,2025-12-07,27145,Non-ref,2,94.13141,CntlPlains,8,8.2,54,931.8638,11,25.17571977302794,0.02701652298654367,20,NA,urban,0,headwater,cp
05551200,"FERSON CREEK NEAR ST. CHARLES, IL",41.9332,-88.3411056,704.69,07120007,1960-12-01,2025-12-07,23746,Non-ref,3,133.9793,CntlPlains,8,8.2,54,936.5358,2,3.1565995642610467,0.00337050603325686,17,NA,much suburban,2,headwater,cp
05551700,"BLACKBERRY CREEK NEAR YORKVILLE, IL",41.6718722,-88.4414861,611.99,07120007,1960-10-01,2025-12-07,23809,Non-ref,3,182.2446,CntlPlains,8,8.2,54,946.2783,0,0,0,15,Diversion about 7 miles upstream near Jericho Rd. that crosses the watershed divide during overbank flow.,upstrm suburban,0,headwater,cp
05568800,"INDIAN CREEK NEAR WYOMING, IL",41.01869444,-89.8357222,606.48,07130005,1959-10-01,2025-12-07,24174,Non-ref,3,163.6585,CntlPlains,8,8.2,54,937.3509,0,0,0,12,NA,upstrm cities,1,headwater,cp
05577500,"SPRING CREEK AT SPRINGFIELD, IL",39.81541667,-89.6994167,523.99,07130008,1948-01-21,2025-12-07,28234,Non-ref,3,270.1998,CntlPlains,8,8.2,54,947.9968,2,0.3741897662396494,3.947162756663835e-4,19,NA,suburban on prox trib,212,headwater,cp
05580950,"SUGAR CREEK NEAR BLOOMINGTON, IL",40.4711972,-89.0289611,723.87,07130009,1974-10-01,2025-12-07,18695,Non-ref,3,88.1388,CntlPlains,8,8.2,54,959.8361,4,6.574970387615896,0.00685009699845202,26,Effluent from sewage-treatment plant 300 ft. upstream averaged,"proximal urban, POTW",1,headwater,cp
05588000,"INDIAN CREEK AT WANDA, IL",38.84166667,-90.0330556,429.49,07140101,1940-04-17,2025-12-07,31280,Non-ref,3,97.4646,SEPlains,8,8.3,72,999.8439,1,1.5560418859770626,0.00155628482203778,19,NA,"small resevoirs on most tribs, channelization, some suburban",1,headwater,ef
05590800,"LAKE FORK AT ATWOOD, IL",39.80630556,-88.4762222,643.99,07140201,1972-10-01,2025-12-07,19425,Non-ref,3,389.7567,CntlPlains,8,8.2,54,1009.821,0,0,0,19,NA,hvy channelization,1,headwater,cp
05591550,"WHITLEY CREEK NEAR ALLENVILLE, IL",39.5067222,-88.5272778,616.39,07140201,1980-02-20,2025-12-07,16728,Ref,3,96.20551,CntlPlains,8,8.2,54,1006.885,1,48.381584381185654,0.04805075493346872,16,NA,NEoA,0,headwater,cp
05593900,"EAST FORK SHOAL CREEK NEAR COFFEEN, IL",39.14891667,-89.3524722,574.63,07140203,1963-10-01,2025-12-07,22714,Ref,3,145.4472,SEPlains,8,8.3,72,998.2678,0,0,0,17,NA,"hvy ag, forested riparian, few ponds, small town, NEoA",0,headwater,ef
06062500,Tenmile Creek near Rimini MT,46.5238972,-112.2566472,4850,10030101,1914-10-01,2025-12-07,39667,Non-ref,3,85.3542,WestMnts,6,6.2,17,623.3443,2,38.39663426052848,0.0615977947669185,17,"Flow is regulated by Chessman and Scott Reservoirs on tributaries upstream from station, which have a combined capacity, 2,340 acre-feet. Some small diversions occur upstream from station.",small reservoir & mining,944,headwater,mw
06204050,West Rosebud Creek near Roscoe MT,45.24323889,-109.7313028,6535.6,10070005,1965-09-01,2025-12-07,21648,Non-ref,3,137.3634,WestMnts,6,6.2,17,1122.712,1,188.4999934480364,0.1678970149495475,13,Flow regulated by Mystic Lake,proximal reservoir,365,headwater,mw
06295113,Rosebud C at Reservation Bndry nr Kirby MT,45.36116667,-106.9903556,3766.55,10100003,1979-10-01,2025-12-07,15960,Non-ref,3,319.7511,WestPlains,9,9.3,43,527.552,1,0.5321451591566065,0.00100870655244716,7,Numerous small diversions for irrigation upstream from station,prox. Ag & some diversion possible,910,headwater,gp
06332515,"BEAR DEN CREEK NEAR MANDAREE, ND",47.78717057,-102.7686286,1949.14,10110101,1966-07-01,2025-12-07,21695,Ref,3,191.4867,WestPlains,9,9.3,43,402.3343,2,0.6825434873544742,0.00169645861005257,6,NA,"HBN, NEoA",15,headwater,gp
06409000,"CASTLE CREEK ABOVE DEERFIELD RES NEAR HILL CITY,SD",44.01359238,-103.8304784,5912.33,10120110,1948-07-01,2025-12-07,28283,Ref,3,205.3285,WestMnts,6,6.2,17,630.3975,0,0,0,3,NA,"HBN, some forestry in HW",1,headwater,mw
06436190,"WHITEWOOD CREEK NEAR WHITEWOOD,SD",44.54175655,-103.5719867,3163.2,10120202,1981-09-22,2025-12-07,16139,Non-ref,3,200.0997,WestMnts,6,6.2,17,661.2679,1,124.47095123081144,0.18823074767550552,23,Small diversions upstream for irrigation,"upstrm urban, irrigated ag, mining, diversions",9,headwater,mw
06453600,"Ponca Creek at Verdel, Nebr.",42.8108611,-98.1753972,1233.42,10170104,1957-10-01,2025-12-07,24905,Ref,3,2101.42,WestPlains,9,9.3,42,624.3276999999999,28,5.0442562648114135,0.00807950098131384,10,Minor diversions for irrigation above station,"mod-hvy ag, small reservoirs on some tribs, NEoA",0,headwater,gp
06470800,"BEAR CREEK NEAR OAKES, ND",46.22524359,-98.0717809,1292.41,10160003,1976-10-01,2025-12-07,17965,Ref,3,1071.145,CntlPlains,9,9.2,46,514.3365,1,0.1577013382875335,3.0661121325733923e-4,9,NA,NEoA,0,headwater,gp
06614800,"MICHIGAN RIVER NEAR CAMERON PASS, CO",40.49609409,-105.8650119,10390,10180001,1973-10-01,2025-12-07,19061,Ref,1,4.0284,WestMnts,6,6.2,21,1195.393,0,0,0,8,NO regulation or diversion,gage is just upstream of Michigan ditch,0,headwater,mw
06622700,"NORTH BRUSH CREEK NEAR SARATOGA, WY",41.37022978,-106.520632,8037.24,10180002,1960-10-01,2025-12-07,23809,Ref,3,98.703,WestMnts,6,6.2,21,899.6179,1,2.1985957873620863,0.00244392178875285,6,NO regulation or diversion,some roads,0,headwater,mw
06632400,"ROCK CREEK AB KING CANYON CANAL, NR ARLINGTON, WY",41.58522927,-106.222847,7784.93,10180004,1954-10-01,2025-12-07,26001,Ref,3,162.9855,WestMnts,6,6.2,21,888.5957999999999,1,12.558049642452858,0.01413246567500415,8,"Minor regulation by Sand Lake, on Deep Creek.No diversion upstream from station.",diversion upstrm of gage,0,headwater,mw
06712000,"CHERRY CREEK NEAR FRANKTOWN, CO.",39.3558234,-104.7633092,6169.64,10190003,1939-11-21,2025-12-07,31427,Non-ref,3,436.2993,WestPlains,9,9.4,26,521.6451,26,20.78836248419376,0.03985154367249642,14,Many small diversions upstream from station for irrigation of about 800 acres,"some irrigated ag, recent development on hw of trib, NEoA",2,headwater,gp
06746095,"JOE WRIGHT CREEK ABOVE JOE WRIGHT RESERVOIR, CO",40.5399822,-105.88279,9990,10190007,1978-10-01,2023-10-16,16452,Ref,2,8.9046,WestMnts,6,6.2,21,1146.971,0,0,0,6,NA,mostly roadless,0,headwater,mw
06803510,"Little Salt Creek near Lincoln, Nebr.",40.89305556,-96.6816667,1114.73,10200203,1969-01-01,2025-12-07,20795,Ref,3,113.2785,CntlPlains,9,9.2,47,750.2368,3,2.3075517419457356,0.0030757645345386,11,NA,"hvy ag, some riparian, NEoA",0,headwater,gp
06803520,"Stevens Creek near Lincoln, Nebr.",40.85716667,-96.5951278,1112.5,10200203,1968-10-01,2025-12-07,20887,Non-ref,2,123.0615,CntlPlains,9,9.2,47,776.9096999999999,15,59.31473287746371,0.07634701031209125,15,NA,"hvy ag, some riparian, NEoA",0,headwater,gp
06823500,"Buffalo Creek near Haigler, Nebr.",40.03944444,-101.8666667,3189,10250002,1940-10-01,2025-12-07,31113,Non-ref,2,488.2086,WestPlains,9,9.4,25,466.9007,0,0,0,8,Natural flow affected by diversion about 1 mi upstream for irrigation of 880 acres.,small ponds on mainstem,1,headwater,gp
06879650,"KINGS C NR MANHATTAN, KS",39.102075,-96.5946889,1095.23,10270101,1979-04-01,2025-12-07,17053,Ref,2,11.5065,WestPlains,9,9.4,28,879.5106,0,0,0,5,NA,"HBN, LTER--original prairie",0,headwater,gp
06893300,"INDIAN C AT OVERLAND PARK, KS",38.9405621,-94.6713469,857,10300101,1963-03-07,2025-12-07,22922,Non-ref,3,68.71951,CntlPlains,9,9.2,40,1013.077,2,2.2428128489274735,0.00221386217328739,26,NA,urban basin,0,headwater,gp
07083000,"HALFMOON CREEK NEAR MALTA, CO",39.17221259,-106.3891926,9830,11020001,1946-08-01,2025-12-07,28984,Ref,2,60.76139,WestMnts,6,6.2,21,873.8647000000001,0,0,0,6,NA,"HBN, mostly wilderness",0,headwater,mw
07105900,"JIMMY CAMP CREEK AT FOUNTAIN, CO.",38.6844413,-104.688583,5530,11020003,1976-01-16,2025-12-08,18225,Non-ref,3,170.4186,WestPlains,9,9.4,26,418.8083,0,0,0,12,"Natural flow of stream affected by storage reservoirs, ground-water withdrawals, diversions for irrigation, and return flows from irrigated areas.","irrigated ag, small reservoirs",0,headwater,gp
07195800,"Flint Creek at Springtown, AR",36.2561111,-94.4336111,1171.27,11110103,1961-07-01,2025-12-07,23536,Ref,3,38.2347,EastHghlnds,8,8.4,39,1209.914,0,0,0,15,NA,"fish hatchery on trib, mod-hvy ag, some small ponds, NEoA",0,headwater,ap
07195855,"Flint Creek near West Siloam Springs, OK",36.2161111,-94.6052778,954.72,11110103,1979-10-01,2025-12-07,16870,Non-ref,3,147.1878,EastHghlnds,8,8.4,39,1212.563,2,207.5917501314647,0.17120079544853728,29,"Flow is partially regulated by Lake Siloam Springs, 4.5 mi upstream, and sewage discharge",upstrm suburban & reservoir on trib,0,headwater,ap
07196000,"Flint Creek near Kansas, OK",36.18647245,-94.7068913,854.98,11110103,1955-10-01,2025-12-08,23997,Non-ref,3,298.8576,EastHghlnds,8,8.4,39,1215.379,2,102.23923701455142,0.0841212798761139,26,Small diversion above station for irrigation.,upstrm suburban & reservoir on trib,1640,headwater,ap
07340300,"Cossatot River near Vandervoort, AR",34.38,-94.2363889,771.74,11140109,1967-06-01,2025-12-07,21369,Ref,3,230.4347,EastHghlnds,8,8.4,36,1573.025,0,0,0,4,NA,NEoA,6,headwater,ap
07352000,"Saline Bayou near Lucky, LA",32.2501631,-92.9765613,152.46,11140208,1940-10-01,2025-12-07,31114,Non-ref,3,384.2865,SEPlains,8,8.3,35,1505.88,2,9.423492628546672,0.00625779785145341,12,NA,"forested & lt ag, city in hw",0,headwater,ef
08010000,"Bayou Des Cannes near Eunice, LA",30.48288889,-92.4906944,12.97,08080201,1938-10-01,2025-12-07,31753,Non-ref,3,368.8311,SECstPlain,9,9.5,34,1578.1549999999995,5,7.575223455939589,0.00480005034736105,17,Small diversion above station,channelization & wiers,92,headwater,gp
08017200,"Cowleech Fk Sabine Rv at Greenville, TX",33.1328933,-96.0769164,485.33,12010001,1959-02-26,2025-12-07,24391,Non-ref,3,210.4038,WestPlains,9,9.4,32,1106.463,6,62.01221650939765,0.05604544978855837,19,No known regulation. The city of Greenville diverts water from city lakes upstream from gage and from Lake Tawakoni (station 08017,suburban in hw,1,headwater,gp
08017300,"S Fk Sabine Rv nr Quinlan, TX",32.89790085,-96.2533118,461.48,12010001,1959-02-28,2025-12-07,24176,Non-ref,3,201.4569,WestPlains,9,9.4,32,1053.151,0,0,0,12,No known regulation or diversions. Wastewater effluent,upstrm suburban,214,headwater,gp
08023080,"Bayou Grand Cane near Stanley, LA",31.9627248,-93.9411723,171.84,12010004,1980-01-10,2025-12-07,16769,Ref,2,187.6086,SEPlains,8,8.3,35,1336.372,5,7.531733619887362,0.0056359558714844,10,NA,"mostly forested, recent oil/gas activity",0,headwater,ef
08029500,"Big Cow Ck nr Newton, TX",30.81888889,-93.7855556,133.84,12010005,1952-05-01,2025-12-07,26884,Ref,3,333.3996,SEPlains,8,8.3,35,1434.7980000000002,1,0.355033419356232,2.4744488029411244e-4,8,No known regulation or diversions,"mostly forested, NEoA",0,headwater,ef
08049700,"Walnut Ck nr Mansfield, TX",32.5809695,-97.1019533,530.98,12030102,1960-10-01,2025-12-07,23808,Non-ref,2,162.8559,WestPlains,9,9.4,29,928.8973,0,0,0,13,No known regulation or diversions.,prox suburban,1,headwater,gp
08061540,"Rowlett Ck nr Sachse, TX",32.95984447,-96.6144378,450.05,12030106,1968-03-01,2025-12-07,21101,Non-ref,3,310.6431,WestPlains,9,9.4,32,1017.393,2,1.063741637911803,0.00104555627757592,19,No known regulation or diversions. The North Texas Municipal Water District returns wastewater effluent into a tributary above this station,"mod-hvy urban, POTW",0,headwater,gp
08066300,"Menard Ck nr Rye, TX",30.48138889,-94.7797222,58.84,12030202,1965-12-01,2025-12-07,21912,Ref,3,383.5714,SEPlains,8,8.3,35,1356.958,2,10.942244390483756,0.00806380476807959,12,at least 10% of contributing drainage area has been regulated. No known diversions.,"lt development, mixed forest & lt ag, small reservoirs, NEoA",10,headwater,ef
08068720,"Cypress Ck at Katy-Hockley Rd nr Hockley, TX",29.9502237,-95.8082835,0,12040102,1975-06-01,2025-12-07,18147,Non-ref,3,280.2456,SECstPlain,9,9.5,34,1146.235,4,12.723967833928524,0.01110066245920646,21,Considerable diversions and return flow from irrigation occurs upstream,hvy irrigated ag & diversions,306,headwater,gp
08068740,"Cypress Ck at House-Hahl Rd nr Cypress, TX",29.959112,-95.7177249,0,12040102,1975-06-01,2025-12-07,18453,Non-ref,3,331.8849,SECstPlain,9,9.5,34,1154.275,11,16.012268108612354,0.01387214321423608,26,Considerable diversions and return flow from irrigation occurs upstream,hvy irrigated ag,0,headwater,gp
08069000,"Cypress Ck nr Westfield, TX",30.0357753,-95.428827,0,12040102,1944-07-01,2025-12-07,29745,Non-ref,3,726.4197,SECstPlain,9,9.5,34,1189.8909999999998,15,9.052052140105785,0.00760746332235959,31,Low flow is maintained by wastewater effluent,urban basin,0,headwater,gp
08070500,"Caney Ck nr Splendora, TX",30.25965789,-95.3024361,118.44,12040103,1944-01-01,2025-12-07,29927,Non-ref,3,272.9007,SEPlains,8,8.3,35,1257.521,13,17.024302246201643,0.01353798644014823,13,No known regulation or diversions.,suburban/urban in basin,0,headwater,ef
08072730,"Bear Ck nr Barker, TX",29.8307828,-95.6868912,0,12040104,1977-07-01,2025-12-07,16959,Non-ref,2,59.6403,SECstPlain,9,9.5,34,1195.981,0,0,0,21,Considerable diversions and return of irrigation water from area above station,suburban,733,headwater,gp
08074500,"Whiteoak Bayou at Houston, TX",29.77522777,-95.3971612,0,12040104,1936-05-25,2025-12-07,32683,Non-ref,3,246.2607,SECstPlain,9,9.5,34,1268.948,0,0,0,30,Low flow is sustained by wastewater effluent.,urban basin,21,headwater,gp
08075000,"Brays Bayou at Houston, TX",29.69717469,-95.412162,0,12040104,1936-05-25,2025-12-07,32704,Non-ref,2,261.5814,SECstPlain,9,9.5,34,1268.046,0,0,0,35,Low flow is sustained mostly from wastewater effluent.,urban basin,0,headwater,gp
08075730,"Vince Bayou at Pasadena, TX",29.69467363,-95.216323,0,12040104,1971-10-01,2025-12-07,19792,Non-ref,1,23.9301,SECstPlain,9,9.5,34,1351.107,0,0,0,27,No known regulation or diversions,proximal urban,0,headwater,gp
08075770,"Hunting Bayou at IH 610, Houston, TX",29.79328217,-95.2679907,0,12040104,1964-04-14,2025-12-07,22518,Non-ref,2,47.6199,SECstPlain,9,9.5,34,1291.102,0,0,0,33,Low flow is largely maintained by wastewater and industrial effluent,urban  basin,0,headwater,gp
08076000,"Greens Bayou nr Houston, TX",29.9182784,-95.3068796,0,12040104,1952-10-01,2025-12-07,26727,Non-ref,3,154.3689,SECstPlain,9,9.5,34,1268.298,0,0,0,27,Low flow is sustained by industrial releases and wastewater effluent,urban in basin,4,headwater,gp
08078000,"Chocolate Bayou nr Alvin, TX",29.37154704,-95.3230673,-1.48,12040204,1959-03-01,2025-12-07,24389,Non-ref,2,221.5926,SECstPlain,9,9.5,34,1312.0679999999998,2,2.670847311688206,0.00203560128871994,23,Diversions for irrigation occur above station.,suburban hw,0,headwater,gp
08082700,"Millers Ck nr Munday, TX",33.32926607,-99.4650825,1350,12060101,1963-08-01,2025-12-07,22770,Ref,3,276.0354,WestPlains,9,9.4,27,659.6503,1,3.930800179976917,0.00595891517062437,12,No known regulation or diversions,"many small off-channel ponds, NEoA",5,headwater,gp
08083100,"Clear Fk Brazos Rv nr Roby, TX",32.78760777,-100.3887183,1885.52,12060102,1962-01-01,2025-12-07,23352,Non-ref,3,686.4678,WestPlains,9,9.4,27,591.0895,0,0,0,12,"No known regulation, but several small diversions",mod.-hvy. Ag,0,headwater,gp
08084800,"California Ck nr Stamford, TX",32.93094435,-99.642588,1467.16,12060103,1962-10-01,2025-12-07,23079,Non-ref,3,1243.851,WestPlains,9,9.4,27,646.9626,4,11.22521266614731,0.01735063613591776,17,"No known regulation, 3 small diversions","hvy. Ag, town & impoundments in hw",0,headwater,gp
08103900,"S Fk Rocky Ck nr Briggs, TX",30.91156805,-98.0369676,956.91,12070203,1963-04-01,2025-12-07,22897,Ref,2,86.00084,WestPlains,9,9.4,29,813.0241,0,0,0,7,No known regulation or diversions.,"HBN, some small ponds on tribs",0,headwater,gp
08104900,"S Fk San Gabriel Rv at Georgetown, TX",30.6257499,-97.6911204,687.94,12070205,1967-12-01,2025-12-07,21192,Ref,3,342.6174,WestPlains,9,9.4,30,854.2722000000001,2,0.4462470382414905,5.223710173894111e-4,14,No known regulation or diversions,"prox. Lt urban, NEoA",0,headwater,gp
08110325,"Navasota Rv abv Groesbeck, TX",31.57434158,-96.5208295,396.61,12070103,1978-06-01,2025-12-07,17357,Non-ref,3,621.4761,WestPlains,9,9.4,32,987.4745,4,133.70082936415417,0.13539674124663895,17,"at least 10% of contributing drainage area has been regulated. several diversions for irrigation, municipal supply, and oil field operation",proximal dam/diversion,0,headwater,gp
08110430,"Big Ck nr Freestone, TX",31.50684385,-96.3247125,362.78,12070103,1978-07-01,2025-12-07,17327,Non-ref,3,252.0918,SEPlains,8,8.3,33,1042.491,4,25.88846206024948,0.02483327152008936,17,No known regulation or diversions.,reservoirs on upstrm tribs,0,headwater,ef
08115000,"Big Ck nr Needville, TX",29.47190769,-95.8030067,58.86,12070104,1947-06-01,2025-12-07,27809,Non-ref,2,116.6994,SECstPlain,9,9.5,34,1203.069,0,0,0,19,No known regulation or diversions. Channel was rectified in 2002. Low flow supplemented by drainage from irrigated fields.,"hvy irrigated ag, ditching, suburban influence",871,headwater,gp
08154700,"Bull Ck at Loop 360 nr Austin, TX",30.37214825,-97.7847301,535.05,12090205,1978-07-18,2025-12-07,17310,Non-ref,2,58.6764,WestPlains,9,9.4,30,875.1577,3,15.10874900300632,0.01726403024621313,19,No known regulation or diversions.,suburban,0,headwater,gp
08155300,"Barton Ck at Loop 360, Austin, TX",30.24465306,-97.8022283,511.11,12090205,1977-02-01,2025-12-07,17841,Non-ref,3,303.0147,WestPlains,9,9.4,30,890.1871,1,0.5289842373983837,5.942393878751824e-4,13,No known regulation or diversions.,proximal urban,1,headwater,gp
08158600,"Walnut Ck at Webberville Rd, Austin, TX",30.2832642,-97.655003,426.23,12090205,1966-05-27,2025-12-07,21745,Non-ref,3,134.586,WestPlains,9,9.4,32,879.1301,8,5.093754179483749,0.00579408460645784,19,NA,hvy proximal urban,0,headwater,gp
08158700,"Onion Ck nr Driftwood, TX",30.08298924,-98.0077859,868.52,12090205,1979-07-01,2025-12-07,16962,Ref,3,320.3442,WestPlains,9,9.4,30,904.164,4,3.248543285628396,0.00359286952989545,7,No known regulation or diversions,"lt development & small ponds on tribs, NEoA",0,headwater,gp
08158810,"Bear Ck bl FM 1826 nr Driftwood, TX",30.15548749,-97.9400076,859.91,12090205,1979-07-07,2025-12-07,16956,Ref,2,31.7889,WestPlains,9,9.4,30,908.1118,0,0,0,8,No known regulation or diversions,"lt ag & development, NEoA",0,headwater,gp
08160800,"Redgate Ck nr Columbus, TX",29.79911967,-96.5321933,200.82,12090301,1962-05-01,2025-12-07,23231,Non-ref,2,44.6445,SEPlains,8,8.3,33,1086.731,1,2.540872895877432,0.0023380881707409,15,No known regulation or diversions.,"mixed ag-forested, upstrm impoundments & golf course on main trib",1,headwater,ef
08164503,"W Mustang Ck nr Ganado, TX",29.07185833,-96.4680278,39.35,12100102,1977-10-01,2025-12-07,17599,Non-ref,3,444.879,SECstPlain,9,9.5,34,1127.348,1,0.37138637696991766,3.2943365932251413e-4,18,Much of low flow during the irrigation season (Apr. to Sept.) is drainage from rice fields irrigated,hvy ag but forested riparian,1,headwater,gp
08164600,"Garcitas Ck nr Inez, TX",28.8913759,-96.8191486,28.78,12100402,1970-06-15,2025-12-07,20265,Ref,3,253.9206,SECstPlain,9,9.5,34,1024.085,1,0.6215486258302793,6.069306999226424e-4,10,No known regulation or diversions. An undetermined amount of return water from irrigation enters the stream above this station.,"prox irrigated ag, NEoA",0,headwater,gp
08164800,"Placedo Ck nr Placedo, TX",28.72527137,-96.7688702,4.88,12100402,1970-06-16,2025-12-07,20264,Non-ref,3,172.1907,SECstPlain,9,9.5,34,1046.544,0,0,0,18,No known regulation or diversions,urban in hw,0,headwater,gp
08165300,"N Fk Guadalupe Rv nr Hunt, TX",30.06410028,-99.3870175,1800.22,12100201,1967-08-01,2025-12-07,21314,Ref,3,435.9924,WestPlains,9,9.4,30,795.0278000000001,2,0.8370971604092182,0.00105291558409557,5,No know regulation or diversions,"mostly undeveloped, NEoA",0,headwater,gp
08169000,"Comal Rv at New Braunfels, TX",29.70640833,-98.1222083,583.04,12100202,1927-12-19,2025-12-07,35754,Non-ref,3,342.0178,WestPlains,9,9.4,30,911.85,6,139.49479237630322,0.15297997738257743,19,Entire flow of river is from Comal Springs.  flood-detention pools control runoff.,"flood detention, springs",30,headwater,gp
08171000,"Blanco Rv at Wimberley, TX",29.99438343,-98.088925,797.4,12100203,1924-08-06,2025-12-07,36132,Non-ref,3,924.5476,WestPlains,9,9.4,30,896.7443000000001,10,2.7512688367802807,0.003068063925001,10,"No known regulation, but many small diversions","upstrm small town, lt. ag",882,headwater,gp
08171300,"Blanco Rv nr Kyle, TX",29.9793843,-97.910031,620.59,12100203,1956-05-29,2025-12-07,25395,Ref,3,1067.474,WestPlains,9,9.4,30,902.6212,11,2.403686647168924,0.00266300708111988,10,No known regulation. Small diversions above station for irrigation.,"some irrigated ag, small towns, small diversions",0,headwater,gp
08181400,"Helotes Ck at Helotes, TX",29.57856108,-98.6916896,1014.82,12100302,1968-06-01,2025-12-07,20642,Non-ref,2,38.7909,WestPlains,9,9.4,30,881.4748,1,6.29358947588223,0.00713984049899354,17,"Break in period of record caused by pipeline construction at gage site beginning Oct. 2004 and continuing until Oct. 2005, which destroyed the control, orifice and gage datum. No known regulation. An undetermined amount of flow is diverted for domestic us",proximal & upstrm urban,367,headwater,gp
08185000,"Cibolo Ck at Selma, TX",29.5941173,-98.3111523,728.72,12100304,1946-04-01,2025-12-07,29027,Non-ref,3,698.9526,WestPlains,9,9.4,30,914.0844,10,41.12572011320941,0.04499116286549623,20,One known diversion.,upstrm urban/suburban,79,headwater,gp
08189200,"Copano Ck nr Refugio, TX",28.30360538,-97.1125039,15.93,12100405,1970-06-17,2025-12-07,20263,Non-ref,2,159.0165,SECstPlain,9,9.5,34,961.5684,0,0,0,13,No known regulation or diversions.,"some oil fields, NEoA",0,headwater,gp
08189700,"Aransas Rv nr Skidmore, TX",28.28249389,-97.6208513,72.21,12100407,1964-03-27,2025-12-07,22536,Non-ref,3,631.2708,SEPlains,8,8.3,33,807.686,0,0,0,13,wastewater effluent into the river via Poesta Creek 3.8 mi upstream. No known regulation or diversions,urban in hw,0,headwater,ef
08201500,"Seco Ck at Miller Rh nr Utopia, TX",29.573284,-99.4030997,1279.08,12110107,1961-05-01,2025-12-07,23594,Ref,3,116.8353,WestPlains,9,9.4,30,859.0958999999999,0,0,0,4,No known regulation or diversions.,"mostly roadless, NEoA",3,headwater,gp
08202700,"Seco Ck at Rowe Rh nr D'Hanis, TX",29.37078917,-99.2878185,901.16,12110107,1960-11-01,2025-12-07,23730,Ref,3,434.745,WestPlains,9,9.4,30,811.0898,1,0.14180726632853743,1.7483546991780373e-4,6,No known regulation or diversions,"some proximal irrigated ag, NEoA",48,headwater,gp
08211520,"Oso Ck at Corpus Christi, TX",27.71141879,-97.5019377,-2.04,12110202,1972-09-09,2025-12-07,19446,Non-ref,2,227.5173,SECstPlain,9,9.5,34,809.1890999999999,1,2.308650814685301,0.00285304240342004,28,No known regulation or diversions. An undetermined amount of water from oil-field operations enters the stream upstream,hvy irrigated ag & upstrm urban,2,headwater,gp
08267500,"RIO HONDO NEAR VALDEZ, NM",36.5417972,-105.5565222,7650,13020101,1934-10-01,2025-12-07,33303,Ref,3,96.2577,WestMnts,6,6.2,21,724.4486999999999,0,0,0,5,NA,"mostly roadless, ski resort & some mines",3,headwater,mw
08275500,"RIO GRANDE DEL RANCHO NEAR TALPA, NM",36.29946944,-105.5826,7240,13020101,1952-10-01,2025-12-07,25636,Non-ref,3,207.8658,WestMnts,6,6.2,21,703.7918999999999,0,0,0,6,Minor diversions for irrigation above station,"mostly roadless, proximal irrigation",1095,headwater,mw
08294210,"RIO NAMBE BELOW NAMBE FALLS DAM NEAR NAMBE, NM",35.8461111,-105.9097222,6540,13020101,1979-01-01,2025-12-07,17046,Non-ref,2,87.4377,WestMnts,6,6.2,21,706.2874999999999,1,40.65453460006382,0.0575608864662957,13,NA,proximal reservoir-Nambe Falls Dam,97,headwater,mw
08316000,"SANTA FE RIVER NEAR SANTA FE, NM",35.68644444,-105.8436111,7720,13020201,1913-02-01,2025-12-07,40883,Non-ref,2,47.3652,WestMnts,6,6.2,21,756.7277,1,98.13977350459832,0.1296896803230519,11,Flow regulated by McClure Reservoir,proximal reservoir- McClure,335,headwater,mw
08377900,"RIO MORA NEAR TERRERO, NM",35.77711389,-105.6580278,7890,13060001,1963-10-01,2025-12-07,22714,Ref,3,139.0311,WestMnts,6,6.2,21,897.6448,0,0,0,3,NO regulation or diversion,"HBN, wilderness",0,headwater,mw
09024000,"FRASER RIVER AT WINTER PARK, CO.",39.89998695,-105.7766741,8911.08,14010001,1910-10-01,2025-12-07,42071,Non-ref,2,71.6175,WestMnts,6,6.2,21,831.1642,0,0,0,13,Transmountain diversions upstream from station,trnsmtn diversions,1,headwater,mw
09025000,"VASQUEZ CREEK AT WINTER PARK, CO",39.92026468,-105.7852857,8773.16,14010001,1934-08-01,2025-12-07,33365,Non-ref,3,73.8018,WestMnts,6,6.2,21,786.9383,0,0,0,11,Transmountain diversions upstream from station to,"proximal development, upstrm trnsmtn diversion",2,headwater,mw
09026500,"ST. LOUIS CREEK NEAR FRASER, CO.",39.90998657,-105.8783451,8980.17,14010001,1934-08-01,2025-12-07,33332,Non-ref,3,85.34609,WestMnts,6,6.2,21,733.3058,0,0,0,9,Transmountain diversions upstream,trnsmtn diversions,35,headwater,mw
09032000,"RANCH CREEK NEAR FRASER, CO.",39.94998694,-105.7655627,8660,14010001,1934-10-01,2025-12-07,33306,Non-ref,3,51.8418,WestMnts,6,6.2,21,786.1217999999999,0,0,0,11,Diversion upstream from station for irrigation of hay meadows along Fraser River. Transmountain diversions,upstrm diversions,0,headwater,mw
09034900,"BOBTAIL CREEK NEAR JONES PASS, CO",39.76026447,-105.9064014,10430,14010001,1965-10-01,2025-12-07,21976,Ref,1,15.6492,WestMnts,6,6.2,21,812.9237999999999,0,0,0,5,NO regulation or diversion,roadless,7,headwater,mw
09035700,"WILLIAMS FORK ABOVE DARLING CREEK, NEAR LEAL, CO",39.79719444,-106.0256389,8940,14010001,1965-10-01,2025-12-07,21983,Non-ref,2,91.5084,WestMnts,6,6.2,21,726.9916000000001,0,0,0,10,Transmountain diversion upstream from station,upstrm transmtn diversions,0,headwater,mw
09035900,"SOUTH FORK OF WILLIAMS FORK NEAR LEAL, CO",39.79581958,-106.0305734,8950,14010001,1965-10-01,2025-12-06,21976,Ref,2,72.8421,WestMnts,6,6.2,21,724.9818,0,0,0,4,No diversion upstream from station.,mostly roadless,6,headwater,mw
09036000,"WILLIAMS FORK NEAR LEAL, CO.",39.833875,-106.0564079,8790,14010001,1933-10-01,2025-12-07,33671,Non-ref,3,231.8877,WestMnts,6,6.2,21,714.9042,0,0,0,8,Transmountain diversion upstream from station,trnsmtn diversions,0,headwater,mw
09046600,"BLUE RIVER NEAR DILLON, CO",39.56665329,-106.0494632,9020,14010002,1957-10-01,2025-12-07,24905,Non-ref,3,319.5819,WestMnts,6,6.2,21,695.7734,3,18.137238060102906,0.0260677370823646,15,Transmountain diversions upstream from station by Boreas Pass Ditch and Hoosier Pass Tunnel.,trnsmtn diversion,0,headwater,mw
09047700,"KEYSTONE GULCH NEAR DILLON, CO.",39.59443117,-105.9725158,9350,14010002,1957-10-01,2025-12-07,24904,Ref,1,23.5701,WestMnts,6,6.2,21,679.4337,0,0,0,4,NO regulation or diversion,ski runs in drainage,1,headwater,mw
09050100,"TENMILE CREEK BL NORTH TENMILE C, AT FRISCO, CO.",39.57526424,-106.1105765,9100,14010002,1957-10-01,2025-12-07,24901,Non-ref,3,224.2575,WestMnts,6,6.2,21,741.8883,2,33.3572388883315,0.04496261618943378,11,"Natural flow of stream affected by a few small diversions upstream from station for irrigation and municipal use, and transbasin diversion","parallel to interstate, other development",4,headwater,mw
09063900,"MISSOURI CREEK NEAR GOLD PARK, CO.",39.39026486,-106.4700294,9985.89,14010003,1972-07-19,2025-12-07,19500,Non-ref,3,16.7517,WestMnts,6,6.2,21,804.5962,0,0,0,10,Transmountain diversion upstream from station to Arkansas River Basin through Homestake Tunnel.,upstrm regulated impoundments/diversions,0,headwater,mw
09066200,"BOOTH CREEK NEAR MINTURN, CO.",39.64831927,-106.3230833,8325,14010003,1964-10-01,2025-12-07,22348,Ref,2,16.0965,WestMnts,6,6.2,21,732.4415,0,0,0,5,No regulaion or diversion,"proximal urban, forested HW, NEoA",0,headwater,mw
09066300,"MIDDLE CREEK NEAR MINTURN, CO.",39.6458193,-106.3822512,8200,14010003,1964-10-01,2025-12-07,22348,Ref,1,15.5223,WestMnts,6,6.2,21,656.6982,0,0,0,6,No diversion or regulation upstream,roadless,0,headwater,mw
09067000,"BEAVER CREEK AT AVON, CO",39.62970826,-106.5228096,7454.57,14010003,1974-05-01,2025-11-30,17931,Non-ref,2,38.3886,WestMnts,6,6.2,21,682.3657000000001,0,0,0,12,Diversions upstream from station for irrigation upstream and downstream from station. Slight natural regulation by several small lakes in headwaters.,prox urban & ski resort,911,headwater,mw
09073300,"ROARING FORK RIVER AB DIFFICULT C NR ASPEN, CO.",39.14109959,-106.7742039,8120,14010004,1979-10-01,2025-12-07,16870,Non-ref,3,196.7139,WestMnts,6,6.2,21,737.9293,2,6.405881841598384,0.00868088832032876,14,Transmountain diversion 11 mi upstream,trnsmtn diversions,0,headwater,mw
09073400,"ROARING FORK RIVER NEAR ASPEN, CO.",39.17998755,-106.8019826,8019.66,14010004,1964-10-01,2025-12-07,22348,Non-ref,3,276.8967,WestMnts,6,6.2,21,726.9984999999999,3,4.8848577827038024,0.00671921301447499,13,Transmountain diversion 14 mi upstream,upstrm transmtn diversions,0,headwater,mw
09081600,"CRYSTAL RIVER ABV AVALANCHE CRK, NEAR REDSTONE, CO",39.23263889,-107.2275,6906.78,14010004,1955-10-01,2025-12-07,25636,Ref,3,432.8928,WestMnts,6,6.2,21,1003.96,0,0,0,5,A few small diversions for irrigation,historic mining & possible domestic use,0,headwater,mw
09126000,"CIMARRON RIVER NEAR CIMARRON, CO",38.25819444,-107.5461111,8641.48,14020002,1954-10-01,2025-12-07,26001,Non-ref,2,173.2248,WestMnts,6,6.2,21,827.9948,2,91.7642046635355,0.11082703014986987,13,"Flow regulated by Silver Jack Dam, 1.9 mi upstream since Dec. 23, 1970",proximal reservoir--Silver Jack,0,headwater,mw
09146200,"UNCOMPAHGRE RIVER NEAR RIDGWAY, CO.",38.1838791,-107.7458924,6881.84,14020006,1958-10-01,2025-12-07,24540,Non-ref,3,384.2453,WestMnts,6,6.2,21,787.0469,3,190.88389109769207,0.2425317869846029,20,Diversions for irrigation upstream from station.,"upstrm small urban, irrigated ag diversions",0,headwater,mw
09261700,"BIG BRUSH CRK ABV RED FLEET RES, NR VERNAL, UT",40.58883234,-109.46543719,5627.26,140600100205,1979-10-01,2025-12-07,16870,Non-ref,3,200.1717,WestMnts,6,6.2,19,570.1349,2,76.87320435406205,0.13483336023467787,17,"Water from Oaks Park Reservoir (capacity 6,250 acre-ft), near headwaters, is diverted through Oaks Park Canal to Ashley Creek basin.",reservoir on main trib & off channel prox. To gage,0,headwater,mw
09266500,"ASHLEY CREEK NEAR VERNAL, UT",40.5774426,-109.6221085,6230.61,14060010,1914-10-01,2025-12-07,40245,Non-ref,3,262.7073,WestMnts,6,6.2,19,694.0922999999999,3,6.852417119737442,0.00987248687204489,6,Flow increased since July 1940 by water released from Oaks Park Reservoir,"mostly roadless, small res. On small trib",366,headwater,mw
09306242,"CORRAL GULCH NEAR RANGELY, CO",39.9202502,-108.4728719,6580,14050006,1974-03-14,2025-12-07,18897,Ref,3,81.9855,WestXeric,10,10.1,20,485.0943999999999,0,0,0,6,No diversions upstream from station.,"mostly roadless, NEoA",0,headwater,sw
09310700,"MUD CRK BL WINTER QUARTERS CYN @ SCOFIELD, UT",39.7219111,-111.1615444,7703.91,14060007,1978-08-22,2025-12-07,15825,Non-ref,3,70.59151,WestMnts,6,6.2,19,646.9385,0,0,0,6,For the last several years flow has been manipulated by the amount of water pumped from Skyline Mine.,upstrm mining,1450,headwater,mw
09312600,"WHITE R BL TABBYUNE CRK NR SOLDIER SUMMIT, UT",39.87601667,-111.0375167,7235.55,14060007,1967-05-19,2025-12-08,21339,Ref,3,195.2946,WestMnts,6,6.2,19,575.5787,0,0,0,6,NA,mostly roadless,50,headwater,mw
09337000,"PINE CREEK NEAR ESCALANTE, UT",37.86248747,-111.6360113,6401.31,14070005,1950-08-01,2025-12-07,26851,Non-ref,3,175.0293,WestMnts,6,6.2,19,643.5980000000001,2,17.76631683952344,0.02760468000137265,6,Some regulation of low flow by several small headwater reservoirs,several small reservoirs in HW,672,headwater,mw
09352900,"VALLECITO CREEK NEAR BAYFIELD, CO.",37.47750126,-107.5436688,7906.08,14080101,1962-10-01,2025-12-07,23079,Ref,3,188.1514,WestMnts,6,6.2,21,1003.306,0,0,0,5,No diversion upstream from station,"HBN, wilderness",0,headwater,mw
09378630,"RECAPTURE CREEK NEAR BLANDING, UT",37.7555504,-109.476511,7200,14080201,1965-10-01,2025-12-07,21983,Ref,1,10.4238,WestMnts,6,6.2,21,670.3684,0,0,0,5,NO regulation or diversion,mostly roadless,0,headwater,mw
09403600,"KANAB CREEK NEAR KANAB, UT",37.10054059,-112.5479827,5049.43,15010003,1979-01-01,2025-12-07,17143,Non-ref,3,502.8489,WestXeric,10,10.1,20,426.2419,0,0,0,3,Several diversions above station for irrigation and stock watering,some irrigation upstrm,0,headwater,sw
09404450,"EAST FORK VIRGIN RIVER NEAR GLENDALE, UT",37.3394272,-112.6043769,5872.07,15010008,1966-10-01,2025-12-07,21618,Ref,3,192.96,WestXeric,10,10.1,20,460.2918,2,0.6773320895522388,0.00147152760390743,4,A few small diversions above station,lt irrgated ag & possible diversions,0,headwater,sw
09408000,"LEEDS CREEK NEAR LEEDS, UT",37.26748174,-113.3707839,4002.46,15010008,1964-10-01,2025-12-07,22348,Non-ref,3,39.9078,WestMnts,6,6.2,19,456.73029999999994,0,0,0,4,Diversion of spring area for domestic use,mostly roadless,0,headwater,mw
09408400,"SANTA CLARA RIVER NEAR PINE VALLEY, UT",37.38331325,-113.483288,6624.05,15010008,1959-08-01,2025-12-03,24232,Non-ref,2,48.6837,WestMnts,6,6.2,19,644.8546,1,1.950159909785,0.00302418546721229,4,Flow slightly regulated by upstrm dam,small reservoir on small trib,0,headwater,mw
09423350,CARUTHERS C NR IVANPAH CA,35.24500556,-115.2989889,5656.23,15030102,1963-10-01,2025-12-07,22502,Ref,1,2.2428,WestXeric,10,10.2,14,304.4596,0,0,0,5,No regulation or diversion upstream from station.,"undeveloped, NEoA",212,headwater,sw
09430600,"MOGOLLON CREEK NEAR CLIFF, NM",33.16666667,-108.6497222,5410.03,15040001,1967-02-21,2025-12-07,21475,Ref,3,190.522,WestMnts,13,13.1,23,674.1158,0,0,0,2,NA,"HBN, Gila Wilderness",0,headwater,sw
09480000,"SANTA CRUZ RIVER NEAR LOCHIEL, AZ",31.35540695,-110.5895553,4632.84,15050301,1949-01-01,2025-12-07,26366,Ref,3,213.381,WestXeric,12,12.1,79,500.6251,0,0,0,5,"Small diversions for irrigation of 200 acres above station, mostly by pumping from ground water.",only 1 local small irrigated field,1734,headwater,sw
09492400,"EAST FORK WHITE RIVER NEAR FORT APACHE, AZ.",33.8222723,-109.8145413,6050,15060102,1957-08-01,2025-12-07,24966,Ref,3,128.9673,WestMnts,13,13.1,23,907.6566,0,0,0,8,NA,"undeveloped, NEoA",0,headwater,sw
09497980,"CHERRY CREEK NEAR GLOBE, AZ",33.8278262,-110.8562266,3200,15060103,1965-05-04,2025-12-07,21891,Ref,3,516.798,WestMnts,13,13.1,23,683.5942,0,0,0,3,NA,"irrigation in HW of one trib, mostly roadless",242,headwater,sw
09508300,"WET BOTTOM CREEK NEAR CHILDS, AZ",34.16086787,-111.6929235,2320,15060203,1967-06-04,2025-12-07,21372,Ref,3,93.0006,WestMnts,13,13.1,23,616.6597,0,0,0,2,NA,"HBN, roadless",0,headwater,sw
09513780,"NEW RIVER NEAR ROCK SPRINGS, AZ.",33.97436667,-112.09909444,2313.08,150701020805,1965-10-01,2025-11-18,21953,Ref,3,177.4701,WestMnts,13,13.1,23,527.0989999999999,0,0,0,6,NA,mostly roadless,11,headwater,sw
09513860,"SKUNK CREEK NEAR PHOENIX, AZ",33.72993333,-112.11964722,1473.53,150701020806,1967-10-01,2025-12-07,21253,Non-ref,3,170.1477,WestXeric,10,10.2,81,351.91020000000003,0,0,0,11,NA,proximal urban & diversion,0,headwater,sw
10134500,"EAST CANYON CREEK NEAR MORGAN, UT",40.92244629,-111.6071504,5470.75,16020102,1931-10-01,2025-12-07,34402,Non-ref,3,374.4549,WestMnts,6,6.2,19,686.7203000000001,9,159.67050504613508,0.23251170097364976,20,"East Canyon Reservoir, which completely regulates flow.",upstrm reservoir,0,headwater,mw
10146400,"CURRANT CREEK NEAR MONA, UT",39.80259167,-111.8668806,4883.72,16020201,1978-10-01,2025-12-07,17235,Non-ref,3,586.7406,WestMnts,6,6.2,19,488.3415,4,0.6598520709151541,0.00135121031269133,11,NA,proximal ponds & springs,0,headwater,mw
10172700,"VERNON CREEK NEAR VERNON, UT",39.97939105,-112.3802297,6207.07,16020304,1958-06-26,2025-12-07,24635,Ref,3,69.92911,WestXeric,10,10.1,13,600.6097,0,0,0,4,NA,"mostly roadless, NEoA",2,headwater,sw
10172800,"SOUTH WILLOW CREEK NEAR GRANTSVILLE, UT",40.496313,-112.5744182,6334.75,16020304,1963-07-25,2025-12-07,22782,Ref,1,11.0709,WestXeric,10,10.1,13,973.7933,0,0,0,5,No regulation or diversion,mostly roadless -wilderness,0,headwater,sw
10172952,"DUNN CREEK NEAR PARK VALLEY, UT",41.85851438,-113.3272356,6278.22,16020308,1971-05-01,2025-12-07,18847,Non-ref,3,22.5072,WestXeric,10,10.1,80,616.1126,0,0,0,4,diversion for flood flows 300 ft upstream,flood flow diversion upstream:used?,1098,headwater,sw
10173450,"MAMMOTH CREEK ABV WEST HATCH DITCH, NEAR HATCH, UT",37.6227572,-112.5168773,7285.74,16030001,1964-10-01,2025-12-06,22341,Ref,3,268.5276,WestMnts,6,6.2,19,650.3452,1,0.22958533871378584,3.5302073224156323e-4,7,One small diversion for irrigation upstream,"sm pond on 1 trib, some lt development",6,headwater,mw
10215900,"MANTI CREEK BLW DUGWAY CREEK, NR MANTI, UT",39.25912877,-111.579916,6505.44,16030004,1964-10-01,2025-12-07,20885,Non-ref,2,68.55569,WestMnts,6,6.2,19,689.312,2,2.2481722523688408,0.00326147267473776,7,flow diverted around station in a 12-inch pipeline by city of Manti for culinary purposes and for generation,small reservoirs in HW,1463,headwater,mw
10244950,"STEPTOE CK NR ELY, NV",39.20153889,-114.689161,7360.92,16060008,1966-06-01,2025-12-07,21740,Ref,3,28.1961,WestXeric,10,10.1,13,541.7112,0,0,0,4,NA,"HBN, minimal disturbance",0,headwater,sw
10249280,"KINGSTON CK BLW COUGAR CYN NR AUSTIN, NV",39.2124291,-117.1134216,6449.44,16060004,1966-10-01,2025-05-22,21374,Non-ref,2,60.4323,WestXeric,10,10.1,13,650.2810999999999,1,5.91686895914933,0.00909894038001309,7,"Two diversions above station. Flow affected by storage in Groves Reservoir,",small reservoir on mainstem,45,headwater,sw
10249300,"S TWIN RV NR ROUND MOUNTAIN, NV",38.8874302,-117.2453673,6400,16060004,1965-08-05,2025-12-07,22040,Ref,3,50.1957,WestXeric,10,10.1,13,585.1465000000001,0,0,0,2,NA,"HBN, minimal disturbance, roadless",0,headwater,sw
10258000,TAHQUITZ C NR PALM SPRINGS CA,33.80502575,-116.5591784,766.08,18100201,1947-10-01,2025-12-07,28192,Ref,3,43.6914,WestXeric,11,11.1,8,679.2137,0,0,0,6,No regulation or diversion upstream from station,"roadless, wilderness",366,headwater,sw
10259000,ANDREAS C NR PALM SPRINGS CA,33.76002698,-116.550011,830.74,18100201,1948-10-01,2025-12-07,28192,Ref,3,22.4568,WestXeric,11,11.1,8,486.5041,0,0,0,6,No regulation upstream from station. One small diversion for domestic use about 1 mi upstream,"San Jacinto Wilderness, Ind. Res.",0,headwater,sw
10259200,DEEP C NR PALM DESERT CA,33.63113647,-116.3922342,1165.6,18100201,1962-05-01,2025-12-07,23232,Ref,3,79.1235,WestXeric,11,11.1,8,396.103,0,0,0,7,No regulation or diversion upstream from station,"mostly roadless, NEoA",0,headwater,sw
10311100,"KINGS CYN CK NR CARSON CITY, NV",39.15379796,-119.8079599,5180,16050201,1976-06-01,2025-12-07,18085,Non-ref,2,10.6929,WestMnts,6,6.2,5,640.2864,0,0,0,6,Diversion for municipal use above station,possible municipal diversion,2,headwater,mw
10311200,"ASH CYN CK NR CARSON CITY, NV",39.17629816,-119.805738,5080,16050201,1976-07-01,2025-12-07,18056,Non-ref,2,13.5099,WestMnts,6,6.2,5,758.5823,0,0,0,9,Intermittent diversions,upstream diversins,1,headwater,mw
10336645,GENERAL C NR MEEKS BAY CA,39.05183077,-120.1185016,6254.31,16050101,1980-07-07,2025-12-07,16589,Ref,2,19.5984,WestMnts,6,6.2,5,1201.9540000000002,0,0,0,5,No known diversion or regulation upstream from station,roadless,1,headwater,mw
10336660,BLACKWOOD C NR TAHOE CITY CA,39.107385,-120.1621147,6228.47,16050101,1960-10-01,2025-12-07,23808,Ref,2,29.7963,WestMnts,6,6.2,5,1486.268,0,0,0,6,No known diversion or regulation upstream from station,"mostly roadless, NEoA",1,headwater,mw
10336676,WARD C AT HWY 89 NR TAHOE PINES CA,39.13210688,-120.1576705,6239.63,16050101,1972-10-01,2025-12-07,19426,Ref,2,24.7167,WestMnts,6,6.2,5,1549.408,0,0,0,6,Minor diversion for local water supply upstream from station,"lt proximal development, NEoA",0,headwater,mw
10336698,"THIRD CK NR CRYSTAL BAY, NV",39.24046325,-119.9465774,6237.59,16050101,1969-10-01,2025-12-07,19301,Non-ref,1,19.8369,WestMnts,6,6.2,5,1072.201,1,16.59588947869879,0.01547833799697891,13,One transmountain diversion to Washoe Valley.,proximal urban,1221,headwater,mw
10336780,"TROUT CK NR TAHOE VALLEY, CA",38.9199077,-119.9724036,6241.57,16050101,1960-10-01,2025-12-07,23804,Non-ref,3,95.1021,WestMnts,6,6.2,5,893.2317999999999,0,0,0,5,Minor diversions for local water supply upstream from station,prox. Urban,5,headwater,mw
10343500,SAGEHEN C NR TRUCKEE CA,39.43154577,-120.2379547,6329.71,16050102,1953-10-01,2025-12-07,26366,Ref,2,27.6027,WestMnts,6,6.2,5,976.4347,0,0,0,6,NO regulation or diversion,"HBN, some unpaved roads",0,headwater,mw
10348460,"FRANKTOWN CK NR CARSON CITY, NV",39.20227778,-119.8710833,7470,16050102,1974-06-01,2025-12-07,17581,Non-ref,1,8.5095,WestMnts,6,6.2,5,888.9718,1,28.979375991538873,0.03259875734139021,12,Flow regulated by Hobart Reservoir,small reservoir on mainstem,1237,headwater,mw
10349300,"STEAMBOAT CK AT STEAMBOAT, NV",39.3771333,-119.7436583,4600,16050102,1961-10-01,2025-12-07,23444,Non-ref,3,350.244,WestXeric,10,10.1,13,551.7224,7,3.031066913351834,0.00549382608600237,13,Many diversions for irrigation above station. Flow partly regulated by Washoe Lake (station 10348700).,proximal urban & irrigated ag,0,headwater,sw
11023340,LOS PENASQUITOS C NR POWAY CA,32.9431013,-117.1216999,254.74,18070304,1964-10-01,2025-12-07,22348,Non-ref,3,109.6047,WestXeric,11,11.1,6,390.23,0,0,0,18,Flow partly regulated by several conservation reservoirs upstream from station. Pumping from wells along stream for irrigation. Flow augmented by reclaimed water...,urban in basin,0,headwater,sw
11055500,PLUNGE C NR EAST HIGHLANDS CA,34.11834458,-117.141704,1591.19,18070203,1919-02-01,2025-12-07,39027,Non-ref,3,44.2323,WestXeric,11,11.1,8,715.7137,0,0,0,11,"No regulation upstream from station. Diversion from Alder Creek to Upper Plunge Creek area was active 1904-67. Diversions for irrigation are made at sites 0.5 mi (station 11055450), 1.0 mi (station 11055400), and 2.5 mi (station 11055350) upstream from st","prox diversions, mostly undeveloped basin",0,headwater,sw
11055800,CITY C NR HIGHLAND CA,34.14390158,-117.1886426,1580.19,18070203,1919-10-01,2025-12-07,38785,Non-ref,3,50.5341,WestXeric,11,11.1,8,781.4681,0,0,0,5,canal (station 11055700) diverted from a site 0.5 mi upstream from station for irrigation,"mostly roadless, NEoA",0,headwater,sw
11058500,E TWIN C NR ARROWHEAD SPRINGS CA,34.1791779,-117.2655894,1598.68,18070203,1919-12-27,2025-12-07,38371,Non-ref,3,22.8519,WestXeric,11,11.1,8,810.2285,1,1.9963766688984288,0.00246396747201367,15,No regulation upstream from station. One small diversion dam for domestic use upstream from station.,prox suburban,327,headwater,sw
11063680,DEVIL CYN C NR SAN BERNARDINO CA,34.20834338,-117.3314248,2085.69,18070203,1920-01-01,2025-12-07,38693,Non-ref,2,14.3568,WestXeric,11,11.1,8,940.2377,0,0,0,12,Natural flow affected by pumping along creek.,proximal diversions/pumping,0,headwater,sw
11073360,CHINO C A SCHAEFER AVENUE NR CHINO CA,34.00390144,-117.7270006,672.14,18070203,1969-10-01,2025-12-07,20522,Non-ref,3,132.2937,WestXeric,11,11.1,8,747.5624,1,110.7236399012198,0.14811290656301038,29,"Flow mostly regulated by San Antonio Flood-Control Reservoir,",proximal hvy urban,0,headwater,sw
11075800,SANTIAGO C A MODJESKA CA,33.70890966,-117.6355943,1251.01,18070203,1961-10-01,2025-12-07,23444,Non-ref,3,34.8165,WestXeric,11,11.1,6,636.0768,0,0,0,11,Slight regulation by Modjeska Reservoir on Harding Creek. Water District diverts water at Modjeska Reservoir on Harding Creek,relatively undisturbed,0,headwater,sw
11098000,ARROYO SECO NR PASADENA CA,34.22222629,-118.1775727,1397.88,18070105,1910-12-01,2025-12-07,41570,Ref,3,41.5665,WestXeric,11,11.1,8,788.4708999999999,0,0,0,10,No regulation or diversion upstream from station,"mostly roadless, NEoA",441,headwater,sw
11101250,RIO HONDO AB WHITTIER NARROWS DAM CA,34.05834368,-118.0717348,219.95,18070105,1956-03-01,2025-12-07,25484,Non-ref,3,237.2832,WestXeric,11,11.1,6,626.9193,10,13.822217502124046,0.02204784172719526,31,"Flow regulated by Big Santa Anita, Sawpit, and Eaton Flood-Control Reservoirs, and Sierra Madre, Las Flores, and Rubio debris basins","proximal flood retention, hvy urban",0,headwater,sw
11102300,RIO HONDO BL WHITTIER NARROWS DAM CA,34.0166788,-118.0884018,177.06,18070105,1966-10-01,2025-11-21,21248,Non-ref,3,326.5812,WestXeric,11,11.1,6,579.1409,10,10.042770373799838,0.0173408066565491,36,"Flow regulated by Whittier Narrows Flood-Control Reservoir,","proximal flood retention, hvy urban",354,headwater,sw
11119500,CARPINTERIA C NR CARPINTERIA CA,34.40125046,-119.48823248,119.37,180600130204,1941-01-01,2025-12-07,30656,Non-ref,3,34.0506,WestXeric,11,11.1,8,709.6827000000001,1,1.4484326267378549,0.00204095806018359,9,Water Co. diverts from Gobernador Creek 1.8 mi upstream from station.,proximal ag & possible diversion,366,headwater,sw
11119750,MISSION C NR MISSION ST NR SANTA BARBARA CA,34.42662778,-119.7236694,124,18060013,1970-10-01,2025-12-07,19691,Non-ref,3,22.644,WestXeric,11,11.1,8,647.27,1,46.55604133545311,0.07192677141757398,30,At times water is released to creek for ground-water recharge from Gibraltar Reservoir through Mission Tunnel several miles upstream.,proximal hvy urban,466,headwater,sw
11119940,MARIA YGNACIO C A UNIVERSITY DRIVE NR GOLETA CA,34.44498584,-119.8037132,66.8,18060013,1970-10-01,2025-12-07,20157,Non-ref,2,16.3899,WestXeric,11,11.1,8,609.5925,0,0,0,16,No regulation upstream from station. Some pumping for irrigation,proximal hvy urban,0,headwater,sw
11120000,ATASCADERO C NR GOLETA CA,34.4247085,-119.8117688,12.76,18060013,1941-10-01,2025-09-16,30667,Non-ref,3,49.3047,WestXeric,11,11.1,8,558.9630999999999,0,0,0,18,Small diversions for irrigation upstream from station. Some low-flow results from return irrigation wastewater,proximal hvy urban,0,headwater,sw
11120500,SAN JOSE C NR GOLETA CA,34.4591521,-119.8089913,97.85,18060013,1941-01-01,2025-12-07,30759,Ref,2,14.3649,WestXeric,11,11.1,8,655.479,0,0,0,12,No regulation upstream from station. Many small diversions upstream from station for irrigation.,"prox ag & possible diversions, mostly roadless hw",263,headwater,sw
11141280,LOPEZ C NR ARROYO GRANDE CA,35.23551667,-120.4723504,562.8,18060006,1967-07-21,2025-12-07,21291,Ref,2,54.0072,WestXeric,11,11.1,6,717.1974,0,0,0,5,Small diversions upstream from station for domestic use.,"mostly roadless, NEoA",34,headwater,sw
11159200,CORRALITOS C A FREEDOM CA,36.9393968,-121.7705065,92.55,18060002,1956-10-01,2025-12-07,25270,Non-ref,3,70.9929,WestMnts,7,7.1,1,846.2018,0,0,0,12,No regulation. Watsonville Water Works can divert up to 8.0 ft³/s upstream,"proximal irrigated ag, lt urban",0,headwater,mw
11160000,SOQUEL C A SOQUEL CA,36.9913389,-121.9557933,21.38,18060015,1951-05-01,2025-12-07,27250,Non-ref,3,104.373,WestMnts,7,7.1,1,1073.781,0,0,0,12,No regulation; many diversions upstream from station for irrigation,"proximal hvy urban, upstrm irrigated ag",0,headwater,mw
11162500,PESCADERO C NR PESCADERO CA,37.2607338,-122.3288125,67.43,18050006,1951-04-14,2025-12-07,27267,Ref,3,118.8711,WestMnts,7,7.1,1,923.59,1,0.4875112621991385,5.278438075327132e-4,16,Small diversions upstream from station by pumping,"possible munip diversion, roadless HW",0,headwater,mw
11162630,PILARCITOS C A HALF MOON BAY CA,37.46656205,-122.4340958,34.13,18050006,1966-07-01,2025-12-07,21710,Non-ref,3,69.7779,WestMnts,7,7.1,1,897.2517,2,55.3081993009248,0.06164178825286683,17,Flow slightly regulated by storage in Pilarcitos Lake 10 mi upstream,prox urban,0,headwater,mw
11169500,SARATOGA C A SARATOGA CA,37.25438808,-122.039404,492.09,18050003,1933-10-01,2025-12-07,33667,Non-ref,3,22.8501,WestMnts,7,7.1,1,1066.597,0,0,0,10,Water is diverted for municipal use by San Jose Water Works at diversion dam 0.4 mi upstream,proximal hvy urban,4,headwater,mw
11180825,SAN LORENZO C AB DON CASTRO RES NR CASTRO V CA,37.695172,-122.0449223,235.89,18050004,1980-10-01,2025-12-07,15435,Non-ref,3,46.5219,WestXeric,11,11.1,6,682.8346999999999,0,0,0,10,Some regulation of low flow by ponds upstream from station.,prox urban,1069,headwater,sw
11180960,CULL C AB CULL C RES NR CASTRO VALLEY CA,37.7176715,-122.0543673,283.6,18050004,1978-10-01,2025-12-07,17235,Ref,2,15.0624,WestXeric,11,11.1,6,677.2099000000001,0,0,0,10,No storage or diversions upstream from station.,lt suburban development on fringes,0,headwater,sw
11181008,CASTRO VALLEY C A HAYWARD CA,37.6799311,-122.0805186,105.15,18050004,1971-10-01,2025-12-07,19333,Non-ref,2,14.2983,WestXeric,11,11.1,6,587.9105,2,15.177188896582113,0.02581547513878747,30,No regulation or diversion upstream from station.,proximal hvy urban,459,headwater,sw
11182500,SAN RAMON C A SAN RAMON CA,37.7729487,-121.9946443,549.17,18050001,1952-10-01,2025-12-07,26731,Non-ref,2,15.696,WestXeric,11,11.1,6,674.3474000000001,0,0,0,11,No regulation or diversion upstream from station,upstrm hvy urban,0,headwater,sw
11200800,DEER C NR FOUNTAIN SPRINGS CA,35.9416243,-118.8228716,988.92,18030005,1968-09-01,2025-12-07,20917,Non-ref,3,214.65,WestMnts,6,6.2,5,721.5053,0,0,0,8,No regulation or diversion upstream from station.,"mostly roadless, NEoA",0,headwater,mw
11208000,MARBLE F KAWEAH R (R ONLY) A POTWISHA CAMP CA,36.5218899,-118.7992652,2210,18030007,1950-04-01,2024-09-30,26790,Non-ref,3,134.154,WestMnts,6,6.2,5,1203.613,0,0,0,8,"Marble Fork Kaweah River Conduit No. 3 diverts from left bank of Marble Fork, 0.3 mi upstream from station. Flow from this conduit joins that of Middle Fork Kaweah River Conduit No. 3 and is returned to Kaweah River 2.7 mi downstream from confluence of Ma","HBN , prox diversion",422,headwater,mw
11230500,BEAR C NR LAKE THOMAS A EDISON CA,37.3393863,-118.9734513,7366.94,18040006,1921-10-01,2024-09-30,37621,Ref,3,135.5301,WestMnts,6,6.2,5,1149.537,0,0,0,8,NO regulation or diversion,Wilderness--John Muir,0,headwater,mw
11237500,PITMAN C BL TAMARACK C CA,37.19855659,-119.2137328,7020,18040006,1927-12-01,2024-09-30,35369,Ref,3,59.8239,WestMnts,6,6.2,5,1175.434,0,0,0,10,No diversion upstream from station,mostly roadless,0,headwater,mw
11284400,BIG C AB WHITES GULCH NR GROVELAND CA,37.8418518,-120.1848757,2567.82,18040009,1969-05-01,2025-12-07,20675,Ref,3,41.7168,WestMnts,6,6.2,5,991.9132,0,0,0,13,No storage or diversion from station.,"lt development, mostly forested basin, NEoA",0,headwater,mw
11315000,COLE C NR SALT SPRINGS DAM CA,38.5190783,-120.2126928,5920,18040012,1927-10-01,2024-09-30,35065,Ref,3,54.0108,WestMnts,6,6.2,5,1410.939,0,0,0,5,some occassional pumping for domestic use since 1961,mostly roadless & wilderness,365,headwater,mw
11316800,FOREST C NR WILSEYVILLE CA,38.40324566,-120.4468676,2950,18040012,1960-08-01,2024-09-30,23437,Non-ref,3,54.5454,WestMnts,6,6.2,5,1307.4879999999998,0,0,0,7,Minor diversions for irrigation,many forest roads,0,headwater,mw
11376025,NF BATTLE C BL MCCUMBER DAM NR MANZANITA LAKE CA,40.53737967,-121.732488,NA,18020153,1980-10-01,2023-09-30,13958,Non-ref,2,68.0202,WestMnts,6,6.2,5,1195.528,2,27.552991611315463,0.02304671376271861,14,NA,proximal reservoir--McCumber Dam,1747,headwater,mw
11381500,MILL C NR LOS MOLINOS CA,40.0546022,-122.0241541,384.25,18020156,1928-10-01,2025-12-07,35497,Ref,3,337.6305,WestMnts,6,6.2,5,1438.948,0,0,0,6,No storage or large diversion upstream from station.,"mostly roadless, some loggin in HW",0,headwater,mw
11409400,OREGON C BL LOG CABIN DAM NR CAMPTONVILLE CA,39.4393363,-121.0591211,1912.73,18020125,1968-09-01,2024-10-01,20485,Non-ref,3,75.1689,WestMnts,6,6.2,5,1694.596,1,1.4762754277367371,8.711665953045665e-4,18,diversion began October 1968,poximal diversion,0,headwater,mw
11421790,BEAR R BL DUTCH FLAT AFTERBAY NR DUTCH FLAT CA,39.21350886,-120.8452174,2600,18020126,1965-12-01,2024-09-30,21224,Non-ref,3,55.566,WestMnts,6,6.2,5,1655.5549999999998,4,64.41707159054098,0.03890965361497563,30,Water is imported from South Yuba River Basin via Drum Canal above forebay. Chicago Park Flume (station 11421780) diverts upstream from station to Chicago Park Powerplant.,proximal reservoir--Dutch Flat,265,headwater,mw
11427700,DUNCAN CYN C NR FRENCH MEADOWS CA,39.1357376,-120.4785353,5270,18020128,1961-07-31,2024-09-30,23073,Ref,3,25.5231,WestMnts,6,6.2,5,1769.038,1,0.9661835748792272,5.461632677643031e-4,8,NO regulation or diversion,roadless,0,headwater,mw
11427750,DUNCAN CYN C BL DIV DAM NR FRENCH MEADOWS CA,39.13295978,-120.4838132,5232,18020128,1964-10-01,2024-09-30,21915,Non-ref,3,27.2088,WestMnts,6,6.2,5,1771.436,1,0.9063244244509132,5.116326101823115e-4,7,Transmountain diversion,proximal upstream flow diversion,0,headwater,mw
11435100,PYRAMID C A TWIN BRIDGES CA,38.81574095,-120.1171308,NA,18020129,1970-10-01,2024-09-30,19724,Non-ref,2,22.7952,WestMnts,6,6.2,5,1535.6639999999998,1,273.85936512950093,0.17833286782102137,12,Flow regulated by Lake Aloha and others,several small reservoirs upstream,0,headwater,mw
11436000,SILVER LK OUTLET NR KIRKWOOD CA,38.67157545,-120.1229654,7199.5,18020129,1922-10-01,2024-09-30,37256,Non-ref,2,39.0204,WestMnts,6,6.2,5,1512.2669999999998,1,273.01411569332964,0.18053301149422005,13,Flow regulation by Silver Lake,controlled lake immed. Upstream,0,headwater,mw
11449500,KELSEY C NR KELSEYVILLE CA,38.9273642,-122.8435719,1478.06,18020116,1946-10-01,2025-12-07,28922,Ref,3,95.3343,WestXeric,11,11.1,6,1484.675,0,0,0,9,Some minor diversions upstream from station,"lt development, NEoA",1,headwater,sw
11459500,NOVATO C A NOVATO CA,38.1076593,-122.5799419,16.89,18050002,1946-10-01,2025-12-07,28923,Non-ref,2,46.4625,WestXeric,11,11.1,6,1029.517,1,117.56125907990317,0.11419069241197878,21,"Flow regulated by Stafford Lake beginning Dec. 1, 1951","proximal hvy urban, upstrm mainstem reservoir",0,headwater,sw
11463170,BIG SULPHUR C A G RESORT NR CLOVERDALE CA,38.79764466,-122.8024578,1429.88,18010110,1980-10-01,2025-12-07,16504,Non-ref,2,33.8634,WestXeric,11,11.1,6,1487.408,0,0,0,6,Diversion for industrial use 150 ft upstream from station when flows are above 10 ft³/s.,many geothermal powerplants on tribs,0,headwater,sw
11475560,ELDER C NR BRANSCOMB CA,39.72956555,-123.643883,1411.64,18010106,1967-10-01,2025-12-07,21253,Ref,2,16.794,WestMnts,7,7.1,1,2534.528,0,0,0,4,small diversion for domestic use,"HBN, undisturbed",0,headwater,mw
11476600,BULL C NR WEOTT CA,40.3514969,-124.0050136,274.54,18010106,1960-10-01,2025-12-07,23324,Ref,3,71.8452,WestMnts,7,7.1,1,1653.3580000000002,0,0,0,7,Minor diversions for domestic and recreation use,mod. Roads,485,headwater,mw
12010000,"NASELLE RIVER NEAR NASELLE, WA",46.3739937,-123.743482,24.31,17100106,1929-10-01,2025-12-07,35131,Ref,3,142.182,WestMnts,7,7.1,1,3051.7709999999997,0,0,0,6,No regulation or diversion,many forest roads & logging,1,headwater,mw
12025700,"SKOOKUMCHUCK RIVER NEAR VAIL, WA",46.77260276,-122.5940086,0,17100103,1967-10-01,2025-12-07,21253,Ref,3,103.3029,WestMnts,6,6.2,4,1514.043,0,0,0,8,No regulation or diversion upstream from station,many forest roads & logging,0,headwater,mw
12026150,"SKOOKUMCHUCK RIVER BL BLDY RUN CR NR CENTRALIA, WA",46.79010157,-122.7354019,0,17100103,1969-08-01,2025-12-07,20583,Non-ref,3,170.0397,WestMnts,6,6.2,4,1450.337,1,253.79367288933113,0.174989449272363,18,Flow regulated by Skookumchuck Dam since January 1971,proximal reservoir--Skookumchuck Res,0,headwater,mw
12026400,"SKOOKUMCHUCK RIVER NEAR BUCODA, WA",46.7720459,-122.924298,0,17100103,1967-12-27,2025-12-07,21166,Non-ref,3,298.7541,WestMnts,6,6.2,4,1383.379,1,144.44990043651285,0.10441816771579795,19,Flow regulated by Skookumchuck Dam since January 1971,upstrm reservoir,0,headwater,mw
12035400,"WYNOOCHEE RIVER NEAR GRISDALE, WA",47.3803354,-123.6098648,632.59,17100104,1965-10-01,2025-12-07,21965,Non-ref,3,106.1001,WestMnts,7,7.1,1,5480.017,1,883.2036916082079,0.16116805688891256,19,"Since August 1972, flow regulated by Wynoochee Lake",proximal reservoir--Wynochee,18,headwater,mw
12054000,"DUCKABUSH RIVER NEAR BRINNON, WA",47.68398059,-123.011551,245.22,17110018,1938-07-01,2025-12-07,31937,Ref,3,171.675,WestMnts,7,7.1,1,2482.456,0,0,0,3,No regulation or diversion upstream from station,Olympic Nat. Park,0,headwater,mw
12056500,"NF SKOKOMISH R BL STAIRCASE RPDS NR HOODSPORT, WA",47.51425666,-123.3298868,762.26,17110017,1924-08-01,2025-12-07,37016,Ref,3,146.9715,WestMnts,7,7.1,1,3172.837,0,0,0,4,No regulation or diversion upstream from station.,Wilderness-Olympic Nat Park,3,headwater,mw
12091100,"FLETT CREEK AT TACOMA, WA",47.1888583,-122.5201028,192.66,17110019,1959-06-01,2025-12-07,22753,Non-ref,1,34.6986,WestMnts,7,7.1,2,1043.044,0,0,0,19,"Storm sewer drainage upstream from station. Several diversions for irrigation and industrial use. At times during winter months 1,000 gpm (~ 2cfs)is pumped into creek for short intervals from Mountain View Memorial Park. Since October 1979, Flett Creek fl",urban,1544,headwater,mw
12091200,"LEACH CREEK NEAR FIRCREST, WA",47.22145848,-122.5092728,191.72,17110019,1957-03-01,2025-12-07,24458,Non-ref,1,12.2202,WestMnts,7,7.1,2,1077.458,1,11.098836352923849,0.01030094570082903,22,"Since Oct. 1, 1961, flow may be regulated at dam upstream from station. Storage is not retained. Since early 1992 excess stormwater runoff pumped into Nalley Valley. Since June 30, 1993, low flows supplemented from well in basin. Drainage in basin influen",urban,661,headwater,mw
12099600,"BOISE CREEK AT BUCKLEY, WA",47.175935,-122.0184452,632.84,17110014,1977-03-11,2025-05-14,17522,Non-ref,2,41.6871,WestMnts,7,7.1,2,1684.485,1,4.140849327489799,0.00245822867374289,24,Flow partly regulated by millpond at mile 5.6. Diversions upstream from station for domestic and industrial use. Interbasin diversion,"proximal ag, urban, & possible diversions",75,headwater,mw
12108500,"NEWAUKUM CREEK NEAR BLACK DIAMOND, WA",47.2756564,-122.059559,310,17110013,1944-07-01,2025-12-07,29045,Ref,2,71.07653,WestMnts,7,7.1,2,1376.491,0,0,0,13,Many small diversions upstream from station for irrigation and domestic use. No regulation.,mod ag,700,headwater,mw
12115000,"CEDAR RIVER NEAR CEDAR FALLS, WA",47.3701073,-121.6251009,1569.82,17110012,1945-10-01,2025-12-07,29288,Ref,3,102.7983,WestMnts,6,6.2,4,2697.934,0,0,0,9,No regulation or diversion,forest roads & logging,0,headwater,mw
12115500,"REX RIVER NEAR CEDAR FALLS, WA",47.35063398,-121.6631392,1727.55,17110012,1945-10-01,2025-12-07,29288,Ref,3,34.7184,WestMnts,6,6.2,4,2684.3759999999997,0,0,0,10,No regulation or diversion,some roads & logging,0,headwater,mw
12121600,"ISSAQUAH CREEK NEAR MOUTH NEAR ISSAQUAH, WA",47.55229658,-122.0478776,42.84,17110012,1963-10-01,2025-12-07,22714,Non-ref,3,147.6099,WestMnts,7,7.1,2,1652.078,7,4.23502082177415,0.00256345089140715,16,Many minor diversions for irrigation and domestic use upstream from station,proximal urban,0,headwater,mw
12143400,"SF SNOQUALMIE RIVER AB ALICE CREEK NEAR GARCIA, WA",47.4151086,-121.5873213,1441.58,17110010,1960-10-01,2025-12-04,23440,Ref,3,107.8965,WestMnts,6,6.2,77,2886.6719999999996,0,0,0,8,No regulation or diversion upstream from station.,many forest roads & logging,366,headwater,mw
12143700,"BOXLEY CREEK NEAR CEDAR FALLS, WA",47.43257747,-121.7523104,1045.08,17110010,1945-09-01,2025-12-07,29318,Non-ref,1,3.4209,WestMnts,6,6.2,4,2336.223,0,0,0,10,No regulation or diversion upstream from station. Flow is mostly seepage from Chester Morse Lake.,lake outlet,0,headwater,mw
12143900,"BOXLEY CREEK NEAR EDGEWICK, WA",47.44871459,-121.7317744,650,17110010,1981-08-12,2025-12-07,16186,Non-ref,1,14.0328,WestMnts,6,6.2,4,2117.836,0,0,0,17,Many small diversions for domestic use upstream from station. No regulation,"NEoA, but some residential, QOE suggests water withdrawl",3,headwater,mw
12147600,"SOUTH FORK TOLT RIVER NEAR INDEX, WA",47.7067714,-121.6001069,1838.84,17110010,1959-12-01,2025-12-07,22714,Ref,1,14.1264,WestMnts,6,6.2,77,3818.817,0,0,0,7,No regulation or diversion,"some roads, NEoA",1400,headwater,mw
12178100,"NEWHALEM CREEK NEAR NEWHALEM, WA",48.66012536,-121.2476233,1000,17110005,1961-02-01,2025-08-24,23512,Ref,3,69.6834,WestMnts,6,6.2,77,2801.4440000000004,0,0,0,3,No regulation or diversion upstream from station,"wilderness, North Cascades Nat Park",69,headwater,mw
12330000,Boulder Creek at Maxville MT,46.47165278,-113.2357694,4750,17010202,1939-05-01,2025-12-07,31513,Non-ref,3,182.4732,WestMnts,6,6.2,17,736.5391999999999,0,0,0,5,Diversions upstream for irrigation of about 240 acres,"mostly roadless, but mines",120,headwater,mw
12447390,"ANDREWS CREEK NEAR MAZAMA, WA",48.8228737,-120.1459038,4271.56,17020008,1968-06-01,2025-12-07,21009,Ref,3,58.10103,WestMnts,6,6.2,77,883.3094,0,0,0,4,No regulation or diversion,"HBN, wilderness",0,headwater,mw
13018300,"CACHE CREEK NEAR JACKSON, WY",43.45213098,-110.7041203,6750,17040103,1962-07-01,2025-12-07,23171,Ref,1,27.90146,WestMnts,6,6.2,17,910.2896,0,0,0,3,NA,"HBN, mostly roadless, HBN",0,headwater,mw
13083000,TRAPPER CREEK NR OAKLEY ID,42.1658333,-113.983611,4825.1,17040211,1911-05-01,2024-06-30,40421,Ref,3,133.1838,WestXeric,10,10.1,80,513.8936,0,0,0,7,Small diversions above station for irrigation.,"small proximal irrigated ag, mostly roadless",914,headwater,sw
13240000,LAKE FORK PAYETTE RIVER AB JUMBO CR NR MCCALL ID,44.9136111,-115.9972222,5140,17050123,1945-10-01,2025-09-30,27721,Ref,3,125.5698,WestMnts,6,6.2,16,1208.178,2,12.087484411060622,0.01000472149886905,7,"No diversions, flow partially regulated by pond",some forest roads,1499,headwater,mw
13297330,THOMPSON CREEK NR CLAYTON ID,44.27027778,-114.5166667,5700,17060201,1972-10-01,2025-12-08,19427,Non-ref,3,75.6405,WestMnts,6,6.2,16,608.826,2,0.6846332321970373,0.00112451378915656,13,NA,large open pit mine on first trib,0,headwater,mw
13346800,PARADISE CR AT UNIVERSITY OF IDAHO AT MOSCOW ID,46.7319444,-117.0241667,2536.5,17060108,1978-10-01,2025-12-07,17235,Non-ref,2,45.8334,WestMnts,6,6.2,15,746.6436,0,0,0,12,NA,proximal hvy urbanization & upstrm irrigated ag,0,headwater,mw
14015000,"MILL CREEK AT WALLA WALLA, WA",46.0762483,-118.2735722,1120,17070102,1941-04-11,2025-12-07,30922,Non-ref,3,249.9192,WestMnts,6,6.2,11,1145.307,1,40.94883466336321,0.03575358804526926,11,"Since Nov. 19, 1941, water has been diverted 1.0 mi upstream into Mill Creek Reservoir","proximal diversion, upstrm irrigated ag",0,headwater,mw
14138800,"BLAZED ALDER CREEK NEAR RHODODENDRON, OR",45.4526183,-121.8914684,2540,17080001,1963-10-01,2025-12-07,22714,Ref,3,21.2886,WestMnts,6,6.2,4,2987.201,0,0,0,8,No regulation or diversion upstream,some forest roads,0,headwater,mw
14138850,"BULL RUN RIVER NEAR MULTNOMAH FALLS, OR",45.4981743,-122.0123049,1080,17080001,1966-07-22,2025-12-07,21689,Non-ref,3,124.4574,WestMnts,6,6.2,4,2973.48,1,143.65156270338284,0.04831092279194171,18,Regulation at times since 1915 by Bull Run Lake,upstrm lake with regulation,0,headwater,mw
14138870,"FIR CREEK NEAR BRIGHTWOOD, OR",45.48011889,-122.0256385,1480,17080001,1975-10-01,2025-12-07,18331,Ref,2,14.02431,WestMnts,6,6.2,4,3118.622,0,0,0,8,NO regulation or diversion,mostly roadless,0,headwater,mw
14138900,"NORTH FORK BULL RUN RIVER NEAR MULTNOMAH FALLS, OR",45.4942454,-122.035888,1065,17080001,1965-08-01,2025-12-07,22044,Ref,2,21.6828,WestMnts,6,6.2,4,3321.443,0,0,0,10,NO regulation or diversion,"mostly roadless, some loggin in HW",0,headwater,mw
14139800,"SOUTH FORK BULL RUN RIVER NEAR BULL RUN, OR",45.444564,-122.1095292,990,17080001,1974-10-01,2025-12-07,18696,Ref,3,40.7034,WestMnts,6,6.2,4,3017.8859999999995,0,0,0,7,No regulation or diversion upstream from station,minimal disturbance,0,headwater,mw
14158790,"SMITH RIVER ABV SMITH R RESV,NR BELKNAP SPRNGS,OR",44.3345666,-122.0470074,2610,17090004,1960-10-01,2025-12-07,23806,Ref,3,40.5711,WestMnts,6,6.2,4,2585.9359999999997,0,0,0,6,No regulation or diversion,forest roads & logging,3,headwater,mw
14182500,"LITTLE NORTH SANTIAM RIVER NEAR MEHAMA, OR",44.7915108,-122.5789738,655.41,17090005,1931-10-01,2025-12-07,34402,Ref,3,286.8498,WestMnts,6,6.2,4,2242.536,0,0,0,9,No regulation or diversion upstream from station,many forest roads & logging,0,headwater,mw
14211500,"JOHNSON CREEK AT SYCAMORE, OR",45.47745556,-122.5080194,228.47,17090012,1940-10-01,2025-12-07,31111,Non-ref,3,68.4882,WestMnts,7,7.1,3,1489.398,1,0.5400930379247811,3.6262505920162455e-4,17,Small diversions for irrigation upstream from station.,urban in basin,3,headwater,mw
14219800,"SPEELYAI CREEK NEAR COUGAR, WA",46.004555,-122.3442638,492.05,17080002,1959-06-01,2025-12-07,23810,Ref,3,32.7789,WestMnts,6,6.2,4,4003.012,0,0,0,10,No regulation or diversion upstream from station,some forest roads & logging,487,headwater,mw
14309500,"WEST FORK COW CREEK NEAR GLENDALE, OR",42.80400356,-123.6109071,1018.48,17100302,1955-10-01,2025-12-07,25636,Ref,3,224.9208,WestMnts,7,7.1,1,1355.2430000000002,0,0,0,5,No regulation or diversion upstream from station,many forest roads & logging,0,headwater,mw
14314500,"CLEARWATER RIVER ABV TRAP CK NR TOKETEE FALLS, OR",43.2442903,-122.2872596,3862.84,17100301,1927-10-01,2025-12-07,35777,Non-ref,3,107.3304,WestMnts,6,6.2,4,1466.764,1,1.7461595223720403,0.00119048430584063,9,diverts 900 ft upstream from station for generation of power and,proximal diversion,86,headwater,mw
01059000,"Androscoggin River near Auburn, Maine",44.0722222,-70.2080556,108.61,01040002,1928-11-24,2025-12-07,35443,Non-ref,5,8444.24,NorthEast,5,5.3,58,1167.08,96,188.9291009019166,0.16188187690810965,19,Flow regulated as described for upstream gages,upstream regulation,0,downstream_connected,nf
01094500,"NORTH NASHUA RIVER NEAR LEOMINSTER, MA",42.49506389,-71.7219333,265,01070004,1935-09-17,2025-12-07,32955,Non-ref,4,279.657,NorthEast,5,5.3,58,1239.527,46,147.02159431017284,0.1186110462379382,23,Flow includes diversion to basin for municipal supplies,proximal urban,0,downstream_connected,nf
01109060,"THREEMILE RIVER AT NORTH DIGHTON, MA",41.8662122,-71.12282369,10.57,01090004,1966-07-01,2025-12-07,21710,Non-ref,4,220.1049,NorthEast,8,8.1,59,1246.695,29,64.31511974517606,0.05158849577898047,24,Flow regulated by Lake Mirimichi and other lakes and reservoirs upstream. Diversions to and from basin upstream for municipal supplies.,proximal dam/diversion,0,downstream_connected,ef
01111500,"BRANCH RIVER AT FORESTDALE, RI",41.99648716,-71.56200758,180.6,01090003,1940-01-24,2025-12-07,31365,Non-ref,4,237.2391,NorthEast,8,8.1,59,1272.105,27,157.8260539683383,0.12406684508616686,24,Occasional regulation by pond upstream.,upstrm. Hvy. Urban & reservoirs,0,downstream_connected,ef
01112500,"BLACKSTONE RIVER AT WOONSOCKET, RI",42.0064871,-71.5025613,106.6,01090003,1929-02-22,2025-12-07,35353,Non-ref,5,1047.424,NorthEast,8,8.1,59,1241.537,171,165.29402419650498,0.1331366074442445,27,"Flow regulated by powerplants, by West Hill Reservoir since May 1961, and by other reservoirs upstream.",urban & regulated lakes,0,downstream_connected,ef
01117500,"PAWCATUCK RIVER AT WOOD RIVER JUNCTION, RI",41.44498329,-71.68087799,49,011000070205,1940-12-07,2025-12-07,31047,Non-ref,4,260.4375,NorthEast,8,8.1,59,1280.964,11,9.298246220302376,0.00725878808483484,17,Flow affected by irrigation ustream and fish hatchery,protected lands,0,downstream_connected,ef
01122500,"SHETUCKET RIVER NEAR WILLIMANTIC, CT",41.70026088,-72.18200333,130.52,011000020303,1928-10-01,2025-12-07,35497,Non-ref,5,1048.47,NorthEast,8,8.1,59,1281.165,62,144.38331568857478,0.11269689359963377,25,The natural flow regime can be altered by regulation from Mansfield Hollow Dam and Willimantic Reservoir. City of Willimantic diverts flow for municipal supply from Willimantic Reservoir.,"prox urban, upstrm regulated lakes",0,downstream_connected,ef
01135500,"PASSUMPSIC RIVER AT PASSUMPSIC, VT",44.3656147,-72.0392613,487.79,01080102,1928-11-15,2025-12-07,35452,Non-ref,4,1124.902,NorthEast,5,5.3,58,1116.348,12,4.453435943753322,0.00398929002761981,12,Low flow regulated by power plants upstream.,proximal & upstrm urban,0,downstream_connected,nf
01166500,"MILLERS RIVER AT ERVING, MA",42.5975862,-72.43786449,379.48,01080202,1915-07-01,2025-12-07,40338,Non-ref,5,965.4553,NorthEast,5,5.3,58,1196.857,95,204.64022311545656,0.17098134790994793,22,Flow regulated by powerplants and by Lake Monomonac and other reservoirs;,upstrm urban & reservoirs,0,downstream_connected,nf
01176000,"QUABOAG RIVER AT WEST BRIMFIELD, MA",42.18231566,-72.263691,389.36,01080204,1912-08-19,2025-12-07,41379,Non-ref,4,387.1593,NorthEast,8,8.1,59,1229.717,40,66.31893383421244,0.05393024072547784,26,Slight diurnal fluctuation at low flow caused by mill prior to 1956; High flow slightly affected by retarding reservoirs since 1965,upstrm regulating dams,5,downstream_connected,ef
01183500,"WESTFIELD RIVER NEAR WESTFIELD, MA",42.1067602,-72.698981,97.52,01080206,1914-06-27,2025-12-07,40707,Non-ref,5,1292.801,NorthEast,5,5.3,58,1342.1530000000002,62,249.55832026738847,0.18593880151323167,25,"Flow regulated by Borden Brook Reservoir, Cobble Mountain Reservoir since 1931, Knightville Reservoir since 1941...",proximal urban,0,downstream_connected,nf
01197500,"HOUSATONIC RIVER NEAR GREAT BARRINGTON, MA",42.23191667,-73.3546667,682.41,01100005,1913-05-17,2025-12-07,41113,Non-ref,4,732.8628,NorthEast,5,5.3,58,1238.384,47,118.95209580838323,0.09605428995237604,24,Regulation at low flow by powerplants upstream. High flow slightly affected by retarding reservoir since 1973.,prox regulated pond,0,downstream_connected,nf
01199000,"HOUSATONIC RIVER AT FALLS VILLAGE, CT",41.95720801,-73.36926235,527.98,011000050306,1912-10-01,2025-12-07,41341,Non-ref,5,1643.036,NorthEast,5,5.3,58,1236.038,77,75.43498316531105,0.06102966346124557,24,"Low flow completely regulated by power plant of Connecticut Light and Power Company. High flow is regulated by flood-control reservoirs from 20.5 mi2 in the Blackberry River Basin, but the regulation does not appreciably affect monthly runoff or the peak",upstrm cities & several regulating structures,0,downstream_connected,nf
01200500,"HOUSATONIC RIVER AT GAYLORDSVILLE, CT",41.65304449,-73.48982401,235.82,011000050604,1940-10-01,2025-12-07,31114,Non-ref,6,2583.356,NorthEast,5,5.3,58,1226.427,120,58.756309622057515,0.04790852584137295,20,"Ordinary flow regulated by power plant upstream. High flow is regulated by flood-control reservoirs in 20.5 mi2 of the Blackberry River Basin, but flood control does not appreciably affect monthly runoff or the peak flows at the gaging station.",upstrm urban & regulated ponds,0,downstream_connected,nf
01332500,"HOOSIC RIVER NEAR WILLIAMSTOWN, MA",42.700256950000004,-73.1589722,615.6,02020003,1940-07-19,2025-12-07,31188,Non-ref,4,328.3083,NorthEast,5,5.3,58,1262.916,13,4.28891380449413,0.00339604043696819,18,Some regulation by Cheshire Reservoir 16 miles upstream.,proximal urban,0,downstream_connected,nf
01334500,HOOSIC RIVER NEAR EAGLE BRIDGE NY,42.9385833,-73.3769444,354.79,02020003,1910-08-13,2025-12-07,41641,Non-ref,4,1324.343,NorthEast,5,5.3,58,1198.875,25,5.290099317170854,0.00441255286595421,18,Diurnal fluctuation at medium and low flow caused by powerplants upstream from station.,upstrm urban,480,downstream_connected,nf
01350355,SCHOHARIE CREEK AT BREAKABEEN NY,42.53763889,-74.41025,686.18,02020005,1975-07-29,2025-12-07,18395,Non-ref,4,1153.139,NorthEast,5,5.3,58,1113.766,26,151.08256766963916,0.1356501883426493,20,"Regulation of flow by Blenheim-Gilboa Pumped Storage Project. Entire flow, runoff from 315 mi², except for periods of spill, diverted from Schoharie Reservoir through Shandaken Tunnel into Esopus Creek upstream from Ashokan Reservoir for water supply of C",upstrm mainstem reservoir,0,downstream_connected,nf
01351500,SCHOHARIE CREEK AT BURTONSVILLE NY,42.80002778,-74.26277778,507.44,02020005,1939-10-01,2025-12-07,31480,Non-ref,5,2320.989,NorthEast,5,5.3,58,1056.977,51,78.1829827715685,0.07396848064959646,22,"Regulation of flow by Blenheim-Gilboa Pumped Storage Project. Entire flow, runoff from 315 mi², except for periods of spill, diverted from Schoharie Reservoir through Shandaken Tunnel into Esopus Creek upstream from Ashokan Reservoir for water supply of C",upstrm mainstem reservoirs,0,downstream_connected,nf
01357500,MOHAWK RIVER AT COHOES NY,42.78538889,-73.70777778,48.47,02020004,1917-12-01,2025-12-07,39454,Non-ref,7,9113.444,NorthEast,8,8.1,83,1157.642,156,77.9823343403438,0.06736308318145316,23,"Flow published for this site may be affected by diversions for municipal water supplies upstream from station. Total flow of Mohawk River equals flow published at Cohoes which includes small diversion for Cohoes water supply, plus flow diverted at Cresent",prox diversions/dams,0,downstream_connected,ef
01381900,Passaic River at Pine Brook NJ,40.8625,-74.3216667,149.26,02030103,1979-10-01,2025-12-07,16086,Non-ref,5,907.8039,SEPlains,8,8.3,64,1318.9930000000002,90,152.77969724518698,0.11583055955959354,30,Flow regulated by Boonton (see 01379990) and Splitrock Reservoir (see 01380900) and many small lakes.,urban basin,784,downstream_connected,ef
01400000,North Branch Raritan River near Raritan NJ,40.57055556,-74.67916667,49.55,020301050206,1923-06-14,2025-12-07,37430,Non-ref,4,485.0956,NorthEast,5,5.3,58,1307.152,13,7.269453691189943,0.00556129179406063,20,Releases from Round Valley Reservoir enter basin,proximal urban,3,downstream_connected,nf
01402000,Millstone River at Blackwells Mills NJ,40.475,-74.57583333,25.93,020301050312,1921-08-04,2025-12-07,38112,Non-ref,5,670.3794,SEPlains,8,8.3,64,1232.354,21,13.991227952410233,0.0113532539776803,30,Inflow from and losses to Delaware and Raritan Canal above station. Flow slightly regulated,urban basin,0,downstream_connected,ef
01427510,DELAWARE RIVER AT CALLICOON NY,41.75675,-75.0574167,734.33,02040101,1975-06-27,2025-12-07,18427,Non-ref,6,4724.998,NorthEast,5,5.3,58,1168.761,103,281.700302095366,0.24102472797720492,23,"Subsequent to September 1954, entire flow from 371 mi² of drainage area controlled by Pepacton Reservoir (01416900), and subsequent to October 1963, entire flow from 454 mi² of drainage area controlled by Cannonsville Reservoir (01424997). Part of flow fr","upstrm reservoirs on main tribs, urban",0,downstream_connected,nf
01428500,DELAWARE R ABOVE LACKAWAXEN R NEAR BARRYVILLE NY,41.50875,-74.9860556,599.51,02040101,1940-10-01,2025-12-07,31114,Non-ref,6,5242.786,NorthEast,5,5.3,58,1162.85,124,255.84042224878144,0.22001154254528227,22,"Subsequent to September 1954, entire flow from 371 mi² of drainage area controlled by Pepacton Reservoir (01416900), and subsequent to October 1963, entire flow from 454 mi² of drainage area controlled by Cannonsville Reservoir (01424997). Part of flow of",upstrm reservoirs,0,downstream_connected,nf
01437500,NEVERSINK RIVER AT GODEFFROY NY,41.4413611,-74.60188889,458.86,02040104,1937-07-31,2025-12-07,32272,Non-ref,4,793.9593,NorthEast,5,5.3,62,1306.909,34,271.48976905995056,0.20773425621826044,25,"Prior to 1949, diurnal fluctuation at low and medium flow caused by powerplant at Cuddebackville. Subsequent to June 1953, entire flow from 92.5 mi² of drainage area controlled by Neversink Reservoir (01435900). Part of flow diverted for New York City mun",Upstrm reservoir,0,downstream_connected,nf
01442500,"Brodhead Creek at Minisink Hills, PA",40.998706,-75.1426788,301.25,02040104,1950-10-01,2025-12-07,27462,Non-ref,5,677.5605,NorthEast,5,5.3,62,1304.502,43,28.43744728330533,0.02179946622029351,24,NA,proximal & upstrm urban,0,downstream_connected,nf
01447720,"Tobyhanna Creek near Blakeslee, PA",41.08472426,-75.6054522,1510.74,02040106,1961-10-01,2025-12-07,23443,Non-ref,4,308.1267,NorthEast,5,5.3,62,1351.3159999999998,14,70.72829131652661,0.05234030479660317,18,minor diversion from Tunkhannock Creek Basin into Wild Creek Basin,proximal natural lake(?),1,downstream_connected,nf
01447800,Lehigh R bl Francis E Walter Res nr White Haven PA,41.10472447,-75.73212288,1212.32,02040106,1957-10-01,2025-12-07,24905,Non-ref,5,752.6691,NorthEast,5,5.3,62,1310.032,32,315.1085676295201,0.2405350156557398,18,Flow regulated since February 1961 by Francis E. Walter Reservoir,proximal reservoir--,0,downstream_connected,nf
01451000,"Lehigh River at Walnutport, PA",40.7570395,-75.60296388,349.53,02040106,1946-10-01,2025-12-07,28923,Non-ref,5,2297.016,NorthEast,5,5.3,62,1293.538,59,198.13586888380405,0.15317359743881048,29,Flow regulated by Wild Creek Reservoir (station 01449700) since January 1941,upstrm cities & reservoirs,0,downstream_connected,nf
01473000,"Perkiomen Creek at Graterford, PA",40.22954725,-75.451567,112.66,02040203,1914-10-01,2025-12-07,40611,Non-ref,4,721.4031,SEPlains,8,8.3,64,1196.534,6,44.812708733854905,0.03745209808819047,23,"Some regulation since Dec. 21, 1956 by Green Lane Reservoir. Diversions...",upstrm urban & reservoir,0,downstream_connected,ef
01480700,"East Branch Brandywine Creek near Downingtown, PA",40.03473617,-75.708517,254.7,02040205,1965-10-01,2025-12-07,21983,Non-ref,4,155.2095,SEPlains,8,8.3,64,1201.896,6,245.7825519700792,0.20449569011801288,30,Flow regulated since November 1973 by Marsh Creek Reservoir,upstrm reservoir--,0,downstream_connected,ef
01480870,"East Branch Brandywine Creek below Downingtown, PA",39.9687191,-75.6732715,195,02040205,1972-02-01,2025-12-07,19669,Non-ref,4,232.1622,SEPlains,8,8.3,64,1206.286,7,172.09045658595588,0.1426614058241212,31,Flow regulated since November 1973 by Marsh Creek Reservoir,upstrm urban & reservoirs on tribs,0,downstream_connected,ef
01481500,"BRANDYWINE CREEK AT WILMINGTON, DE",39.7695,-75.5766944,67.02,02040205,1946-10-01,2025-12-07,28922,Non-ref,5,823.9563,SEPlains,8,8.3,64,1211.156,22,60.10445578242439,0.04962569295980401,28,"Flow regulated since November 1973 by Marsh Creek Reservoir,",upstrm reservoir,1,downstream_connected,ef
01524500,CANISTEO RIVER BELOW CANACADEA CREEK AT HORNELL NY,42.3134722,-77.6510833,1130.88,02050104,1942-08-07,2025-12-07,30439,Non-ref,4,407.664,NorthEast,8,8.1,60,927.076,8,105.9529980572236,0.1142872839521502,24,"Diversion from Carrington Creek, a tributary upstream from station, by City of Hornell for municipal supply; effluent from wastewater treatment plant enters river downstream from gage. Since Nov. 1939, flood flows regulated by Arkport Reservoir, and, sinc",upstrm reservoirs & urban,0,downstream_connected,ef
01534500,"Lackawanna River at Archbald, PA",41.5044422,-75.5421143,888.66,02050107,1940-02-01,2025-12-07,31357,Non-ref,4,281.8395,EastHghlnds,8,8.4,67,1205.907,12,114.04745253947726,0.09457400325189028,26,Flow regulated since December 1959 by Stillwater Dam,upstrm urban & reservoirs,0,downstream_connected,ap
01536000,"Lackawanna River at Old Forge, PA",41.35924619,-75.744359,594.61,02050107,1938-10-01,2025-12-07,31845,Non-ref,4,863.1477,EastHghlnds,8,8.4,67,1165.411,41,91.38494952833682,0.07841435298648873,26,Flow regulated since December 1959,urban,0,downstream_connected,ap
01558000,"Little Juniata River at Spruce Creek, PA",40.61251438,-78.1405373,750.49,02050302,1938-10-01,2025-12-07,31845,Non-ref,4,572.5287,EastHghlnds,8,8.4,67,1074.983,5,9.831201475140023,0.00914544832349909,19,NA,upstrm urban,0,downstream_connected,ap
01559000,"Juniata River at Huntingdon, PA",40.48473768,-78.0188672,599,02050302,1941-10-01,2025-12-07,30749,Non-ref,6,2111.3,EastHghlnds,8,8.4,67,1046.249,26,13.819784966608252,0.01320888714503741,19,"Flow regulated September 1941 to June 1972, and since December 15, 1985 by Warrior Ridge Hydroelectric Plant",proximal urban,0,downstream_connected,ap
01568000,"Sherman Creek at Shermans Dale, PA",40.3233483,-77.1688404,421.91,02050305,1929-10-01,2025-12-07,35132,Ref,6,534.3948,EastHghlnds,8,8.4,67,1093.261,1,0.11767142943756188,1.07633428282507e-4,9,NA,"mod-hvy ag in valley, wooded uplands, NEoA",0,downstream_connected,ap
01591610,Patuxent River below Brighton Dam near Brighton MD,39.19219444,-77.00438889,303.01,020600060105,1980-10-01,2025-12-07,16504,Non-ref,4,205.335,SEPlains,8,8.3,64,1145.01,3,118.35502958579882,0.10336593530693952,20,"Flow completely regulated by Triadelphia Reservoir, 500 ft upstream",proximal reservoir--Tridelphia,0,downstream_connected,ef
01592500,"PATUXENT RIV NEAR LAUREL, MD",39.1157222,-76.87375,152.39,02060006,1944-10-01,2025-12-07,29653,Non-ref,4,344.178,SEPlains,8,8.3,64,1141.174,8,153.27506406568696,0.13431349125171707,30,"Flow regulated by Triadelphia Reservoir, and since March 1954",proximal reservoir--,0,downstream_connected,ef
01594440,"PATUXENT RIVER NEAR BOWIE, MD",38.95591667,-76.6936944,12.32,02060006,1977-06-27,2025-12-07,17695,Non-ref,5,906.5709,SEPlains,8,8.3,64,1137.387,30,65.09431639599286,0.05723145806659727,28,"Flow regulated by T. Howard Duckett Reservoir,",urban basin,1,downstream_connected,ef
01597500,"SAVAGE RIV BL SAVAGE RIV DAM NEAR BLOOMINGTON, MD",39.50275,-79.1239722,1275.94,02070002,1948-10-01,2025-12-07,28192,Non-ref,4,276.0048,EastHghlnds,8,8.4,67,1119.176,3,142.8200161736318,0.12761175737652683,17,Flow regulated by Savage River Reservoir beginning December 1950,proximal reservoir--Savage River Dam,0,downstream_connected,ap
01603000,"NORTH BRANCH POTOMAC RIVER NEAR CUMBERLAND, MD",39.62180556,-78.7734167,584.57,02070002,1929-05-24,2025-12-07,35262,Non-ref,5,2267.205,EastHghlnds,8,8.4,69,1101.779,31,126.18535068509466,0.11452873097517258,28,"Flow regulated prior to July 1981 by Stony River Reservoir 45 mi upstream from station, since December 1950 by Savage River Reservoir","prox urban, upstrm reservoirs",0,downstream_connected,ap
01616500,"OPEQUON CREEK NEAR MARTINSBURG, WV",39.42371047,-77.9386084,354.67,02070004,1947-07-23,2025-12-07,28628,Non-ref,4,706.3537,EastHghlnds,8,8.4,67,1000.235,6,0.9303964855001114,9.301778936950932e-4,16,"Some diurnal fluctuation at low flow caused by upstream mills in Virginia and since July 18, 1988, by wastewater treatment plant",upstrm urban,0,downstream_connected,ap
01633000,"N F SHENANDOAH RIVER AT MOUNT JACKSON, VA",38.74567048,-78.6389042,837.8,02070006,1943-10-01,2025-12-07,30018,Non-ref,4,1319.035,EastHghlnds,8,8.4,67,982.2111,5,3.47175169726353,0.00353462885652944,18,Some diversion during low flow for irrigation at points upstream from station.,upstrm cities,1,downstream_connected,ap
01634000,"N F SHENANDOAH RIVER NEAR STRASBURG, VA",38.9767759,-78.3361152,493.31,02070006,1925-04-01,2025-12-07,36775,Non-ref,4,1995.23,EastHghlnds,8,8.4,67,982.0804,11,5.95170631957218,0.00606030455304085,16,Large diurnal fluctuation at low and medium flow from unknown cause. Water-level elevations at the site were affected during the 1992-93 water years by construction of a new bridge about 50 ft downstream from the gage.,upstrm urban,1,downstream_connected,ap
01667500,"RAPIDAN RIVER NEAR CULPEPER, VA",38.35040774,-77.9749972,240.3,02080103,1930-10-01,2025-12-07,34767,Ref,5,1209.747,SEPlains,8,8.3,64,1185.489,21,7.676775391879459,0.00647561925237556,16,"Prior to 1977, diurnal fluctuation at low flow caused by mill at Rapidan, and since July 1986, by powerplant at same site.","forested hw, mod-hvy ag in valley, NEoA",0,downstream_connected,ef
01668000,"RAPPAHANNOCK RIVER NEAR FREDERICKSBURG, VA",38.30846178,-77.52915268,63.69,02080104,1907-09-19,2025-12-07,43180,Non-ref,6,4135.021,SEPlains,8,8.3,64,1145.147,82,21.995892644801565,0.01920792059430061,18,NA,"upstrm ag  & suburban & small reservoirs on tirbs, forested hw",0,downstream_connected,ef
02016000,"COWPASTURE RIVER NEAR CLIFTON FORGE, VA",37.79179587,-79.7594917,1007.02,02080201,1925-10-01,2025-12-07,36593,Ref,4,1194.551,EastHghlnds,8,8.4,67,1063.92,3,1.2551393787289118,0.00117973097481851,7,Low flow affected by springs and by occasional regulation from unknown source.,"prox lt develop, ag in valley, forested uplands, NEoA",0,downstream_connected,ap
02016500,"JAMES RIVER AT LICK RUN, VA",37.77374009,-79.7844925,977.63,02080201,1925-04-01,2025-12-07,36776,Non-ref,6,3558.252,EastHghlnds,8,8.4,67,1068.996,11,171.20160292188413,0.16015177130867106,21,"Flow regulated since 1979 by Lake Moomaw; since 1984 by Back Creek Lake, and since 1985 by Little Back Creek Lake.",upstrm reservoirs,0,downstream_connected,ap
02019500,"JAMES RIVER AT BUCHANAN, VA",37.53068995,-79.6789281,802.1,02080201,1910-10-01,2025-12-07,42070,Non-ref,8,5378.53,EastHghlnds,8,8.4,67,1073.319,15,114.72991263412122,0.10689265039948163,17,Flow regulated since December 1979,upstrm reservoirs,2,downstream_connected,ap
02021500,"MAURY RIVER AT ROCKBRIDGE BATHS, VA",37.90735266,-79.42198289,1099.78,02080202,1928-10-01,2025-12-07,35497,Non-ref,4,851.6961,EastHghlnds,8,8.4,67,1152.697,3,16.511012554830298,0.01432380977380031,10,some regulation at times by Lake Merriweather on Little Calfpasture River.,upstrm reservoir on main trib,0,downstream_connected,ap
02024000,"MAURY RIVER NEAR BUENA VISTA, VA",37.76263275,-79.3914251,845.74,02080202,1938-10-01,2025-12-07,31845,Non-ref,5,1674.867,EastHghlnds,8,8.4,67,1148.757,7,8.569110263680638,0.00745946293574762,16,"Since 1966, some regulation at times by Lake Merriweather",reservoir on main trib,0,downstream_connected,ap
02077303,"HYCO R BL ABAY D NR MCGEHEES MILL, NC",36.5227222,-78.9970556,341.97,03010104,1973-10-01,2025-12-07,18984,Non-ref,4,526.7394,SEPlains,8,8.3,45,1177.82,11,242.95563043129107,0.2062756876528596,31,Flow regulated by Roxboro Steam-Electric Generating Plant Afterbay Reservoir.,proximal reservoir--,77,downstream_connected,ef
02094500,"REEDY FORK NEAR GIBSONVILLE, NC",36.17305556,-79.6141667,626,03030002,1928-10-01,2025-12-07,35496,Non-ref,4,340.7031,SEPlains,8,8.3,45,1151.997,58,266.20180738009134,0.23107855956230036,23,"Flow regulated since 1923 by Lake Brandt, 14 mi upstream",upstrm reservoirs,1,downstream_connected,ef
02236000,"ST. JOHNS RIVER NEAR DE LAND, FL",29.00831827,-81.3825651,-0.09,03080101,1933-10-01,2025-12-07,33670,Non-ref,6,8186.593,SECstPlain,8,8.5,75,1323.063,7,15.734145327610644,0.01189221172960822,29,NA,upstrm urban & regulated lakes,1,downstream_connected,ef
02304500,HILLSBOROUGH RIVER NEAR TAMPA FL,28.02390784,-82.4275939,0,03100205,1938-10-01,2025-12-07,31775,Non-ref,5,1600.519,SECstPlain,8,8.5,75,1340.302,15,28.835910726458103,0.02151448757553007,31,"Flow regulated at station since Oct. 1, 1945, by manipulation of radial gates in spillways and dam by city of Tampa Water",proximal dam/diversion,70,downstream_connected,ef
02312500,"WITHLACOOCHEE RIVER AT CROOM, FL",28.5927714,-82.222032,38.94,03100208,1939-10-01,2025-12-07,31480,Non-ref,5,1970.221,SECstPlain,8,8.5,75,1316.505,2,1.1127046153705602,8.451958901565587e-4,18,Records include water diverted from ground-water supplies,some suburban & ponds,0,downstream_connected,ef
02312720,"WITHLACOOCHEE RIVER AT WYSONG DAM, AT CARLSON, FL",28.82331955,-82.1831448,-0.84,03100208,1965-08-10,2025-12-07,21670,Non-ref,5,3981.51,SECstPlain,8,8.5,75,1311.025,10,18.01726982978819,0.01374288806833446,23,New dam placed in operation during October 2002,prox regulating dam,365,downstream_connected,ef
02313000,"WITHLACOOCHEE RIVER AT SR 200 NEAR HOLDER, FL",28.98886759,-82.3495406,26.61,03100208,1928-09-01,2025-12-07,34585,Non-ref,5,4742.193,SECstPlain,8,8.5,75,1312.4520000000002,17,46.97221601904435,0.03578966394126744,25,High-water diversion in headwaters,"state forests, small towns upstrm",942,downstream_connected,ef
02313230,"WITHLACOOCHEE R AT INGLIS DAM NEAR DUNNELLON, FL",29.00997485,-82.6167699,0,03100208,1969-10-01,2025-12-07,20502,Non-ref,5,4894.051,SECstPlain,8,8.5,75,1315.913,12,37.256669372673066,0.02831241075410993,25,Flow regulated by manipulation of gages in spillway.,proximal reservoir,20,downstream_connected,ef
02331600,"CHATTAHOOCHEE RIVER NEAR CORNELIA, GA",34.5407222,-83.622775,1128.64,03130001,1957-07-31,2025-12-07,24947,Non-ref,5,819.7617,SEPlains,8,8.3,45,1727.74,50,27.37303657880089,0.01584326147383338,22,Some regulation at low flow occurs from Habersham Mill power plant.,"forested hw, mixed lt ag/forest.suburban, many flood retention ponds on tribs",20,downstream_connected,ef
02382200,"TALKING ROCK CREEK NEAR HINTON, GA",34.52325,-84.6110278,894.04,03150102,1973-11-01,2025-12-07,19030,Non-ref,4,309.8763,EastHghlnds,8,8.4,66,1527.7240000000002,14,36.45964212171115,0.02386533308484461,19,NA,reservoir & mod urban in trib,0,downstream_connected,ap
03015000,"Conewango Creek at Russell, PA",41.9381145,-79.133101,1221.3,05010002,1939-11-01,2025-12-07,31449,Non-ref,5,2083.342,NorthEast,8,8.1,61,1174.451,17,75.5539800954428,0.06433131743720495,23,Flow regulated since November 1949 by Chautauqua Lake,upstrm regulation,0,downstream_connected,ef
03016000,"Allegheny River at West Hickory, PA",41.5708949,-79.4078243,1059.4,05010003,1941-10-01,2025-12-07,29653,Non-ref,6,9480.153,NorthEast,5,5.3,62,1134.901,51,192.2936515898003,0.16943649850498,19,Flow regulated since November 1949 by Chautauqua Lake,upstrm reservoir,1096,downstream_connected,nf
03024000,"French Creek at Utica, PA",41.43755525,-79.9558912,1018.8,05010004,1932-10-01,2025-12-07,34035,Non-ref,6,2762.845,NorthEast,8,8.1,61,1152.016,27,77.37006998221038,0.06716058629585907,20,Flow regulated since July 1970 by Union City Reservoir,upstrm urban,1,downstream_connected,ef
03053500,"BUCKHANNON RIVER AT HALL, WV",39.05121,-80.1145254,1362.8,05020001,1915-04-15,2025-12-07,40414,Non-ref,5,697.7826,EastHghlnds,8,8.4,69,1414.3960000000002,1,0.32513278491037184,2.2987394259484033e-4,13,Some regulation at low flow from mine pumpage above station,"upstrm city, mining",1,downstream_connected,ap
03079000,"Casselman River at Markleton, PA",39.85991667,-79.2288333,1654.8,05020006,1920-10-01,2025-12-07,38419,Non-ref,5,990.8361,EastHghlnds,8,8.4,69,1129.758,9,9.472400127528662,0.00838445058811591,16,"Slight diversion above station to city of Frostburg, MD",upstrm urban & reservoirs,0,downstream_connected,ap
03081000,"Youghiogheny River below Confluence, PA",39.8275767,-79.3725353,1302.3,05020006,1940-10-01,2025-12-07,31114,Non-ref,6,2659.891,EastHghlnds,8,8.4,69,1201.484,41,220.5167166624497,0.1835369565158169,18,Flow regulated since January 1925 by Deep Creek Reservoir,upstrm reservoir,0,downstream_connected,ap
03118500,Nimishillen Creek at North Industry OH,40.7497222,-81.3694444,980.05,05040001,1921-10-01,2025-12-07,38054,Non-ref,4,453.5037,NorthEast,8,8.1,61,994.9936,4,0.14409805256274646,1.4482309490507924e-4,25,Low flow slightly regulated by plants at Canton. Records include diversion from Sugar Creek,upstrm urban,0,downstream_connected,ef
03157500,Hocking River at Enterprise OH,39.5650661,-82.4746008,723.19,05030204,1931-05-01,2025-12-07,34555,Non-ref,5,1194.712,CntlPlains,8,8.2,55,1016.302,65,56.614019110881955,0.0557059015045547,24,Flood flow affected by temporary retention in eight retarding basins,upstrm cities & reservoirs on tribs,0,downstream_connected,cp
03159500,Hocking River at Athens OH,39.32896188,-82.0876439,610.78,05030204,1915-10-01,2025-12-07,40245,Non-ref,5,2447.092,EastHghlnds,8,8.4,70,1022.737,83,51.59711976501088,0.05045003726765618,21,Regulation by several upstream reservoirs,prox. Urban,1,downstream_connected,ap
03302800,"BLUE RIVER AT FREDERICKSBURG, IN",38.4339422,-86.1916364,589.56,05140104,1968-06-01,2025-12-07,20996,Non-ref,4,731.1042,SEPlains,8,8.3,71,1169.526,7,5.433871122611524,0.00464621660622467,17,NA,"hvy at, forested riparian & highlands, small town, several small dams on tribs",13,downstream_connected,ef
03327500,"WABASH RIVER AT PERU, IN",40.75,-86.0666667,617.61,05120101,1943-10-01,2025-12-07,30017,Non-ref,5,7079.218,CntlPlains,8,8.2,55,966.8867,51,176.9658436849946,0.18302645354930897,29,"Flow regulated by reservoirs on Wabash River , Salamonie River and Mississinewa River.",reservoir on prox trib,2,downstream_connected,cp
03335500,"WABASH RIVER AT LAFAYETTE, IN",40.42194444,-86.8969444,503.84,05120108,1923-10-01,2025-12-07,37324,Non-ref,6,18944.17,CntlPlains,8,8.2,55,973.7622,119,70.29045764475299,0.07218441796647374,25,Flow partially regulated by upstream reservoirs and power development.,upstrm cities & reservoirs,0,downstream_connected,cp
03341300,"BIG RACCOON CREEK AT COXVILLE, IN",39.65253694,-87.29361619,493.52,05120108,1956-10-01,2025-12-07,24247,Non-ref,5,1159.87,CntlPlains,8,8.2,55,1073.273,28,180.6664393423401,0.16833223172700712,22,Flow regulated by Cecil M. Harden Lake.,upstrm mainstem reservoir,1023,downstream_connected,cp
03360000,"EEL RIVER AT BOWLING GREEN, IN",39.3840681,-87.0208851,547.56,05120203,1931-04-01,2025-12-07,34585,Non-ref,5,2151.338,CntlPlains,8,8.2,55,1098.118,40,152.5647922362734,0.13893296734619906,25,Flow regulated by Cagles Mill Lake,reservoir on main trib,0,downstream_connected,cp
03360500,"WHITE RIVER AT NEWBERRY, IN",38.9281111,-87.0192778,465.08,05120202,1928-10-01,2025-12-07,35497,Non-ref,6,12138.57,CntlPlains,8,8.2,55,1068.698,222,63.74314725704923,0.0596456129393423,25,Flow regulated by upstream reservoirs.,upstrm urban & reservoirs,0,downstream_connected,cp
03362500,"SUGAR CREEK NEAR EDINBURGH, IN",39.36091667,-85.9980833,645.53,05120204,1943-04-01,2025-12-07,30202,Non-ref,4,1221.927,CntlPlains,8,8.2,55,1052.37,8,3.3854027286409094,0.00321693199981081,25,NA,upstrm urban,0,downstream_connected,cp
03363900,"FLATROCK RIVER AT COLUMBUS, IN",39.23504208,-85.9266275,609.67,05120205,1967-10-01,2025-12-07,21253,Non-ref,4,1385.573,CntlPlains,8,8.2,55,1064.579,1,0.6674134094703058,6.269270852330412e-4,20,NA,"upstrm cities, but much riparian forest, channelization",0,downstream_connected,cp
03364000,"EAST FORK WHITE RIVER AT COLUMBUS, IN",39.20004254,-85.9255163,602.61,05120205,1948-04-01,2025-12-07,28375,Non-ref,5,4418.793,CntlPlains,8,8.2,55,1059.405,51,18.990596300845052,0.01792571896568834,25,NA,prox & upstrm urban,0,downstream_connected,cp
03365500,"EAST FORK WHITE RIVER AT SEYMOUR, IN",38.98254546,-85.8991267,550.26,05120206,1927-10-01,2025-12-07,35863,Non-ref,5,6059.154,CntlPlains,8,8.2,55,1072.864,80,17.069870150189285,0.01591056289538029,24,NA,upstrm cities,0,downstream_connected,cp
04087120,"MENOMONEE RIVER AT WAUWATOSA, WI",43.04555556,-87.9997222,627.75,04040003,1961-10-01,2025-12-07,23442,Non-ref,4,320.58,CntlPlains,8,8.2,53,850.2876000000001,1,0.15384615384615388,1.8093425547562243e-4,21,NA,prox hvy urban,2,downstream_connected,cp
04087240,"ROOT RIVER AT RACINE, WI",42.75138889,-87.8236111,613.87,04040002,1963-08-22,2025-12-07,22754,Non-ref,4,491.4198,CntlPlains,8,8.2,53,869.7037,2,1.44270743669669,0.00165884937214443,22,NA,urban,0,downstream_connected,cp
04099750,"PIGEON RIVER NEAR SCOTT, IN",41.7489037,-85.5763364,814.22,04050001,1968-06-01,2025-12-07,21009,Non-ref,5,932.0832,CntlPlains,8,8.1,56,936.61,14,2.349369670003708,0.0025083755992395,19,NA,several RoR dams & regulated lakes,0,downstream_connected,ef
04121500,"MUSKEGON RIVER AT EVART, MI",43.8991863,-85.2553192,977.35,04060102,1930-11-17,2025-12-07,33790,Non-ref,6,3714.378,MxWdShld,5,5.2,50,799.7375999999999,19,20.20533289826722,0.02526495302742702,14,Some regulation at low flow by dams upstream from station.,upstrm regulated lakes,930,downstream_connected,nf
04136500,"AU SABLE RIVER AT MIO, MI",44.66001385,-84.1311167,929.15,04070007,1952-07-09,2025-12-07,26815,Non-ref,5,3524.812,MxWdShld,5,5.2,50,823.2388000000001,13,7.667395310728629,0.00931369526160407,11,Flow regulated by Mio Dam 500 ft upstream.,proximal reservoir--Mio Dam Pond,0,downstream_connected,nf
04146063,"SOUTH BRANCH FLINT RIVER NEAR COLUMBIAVILLE,MI",43.1594706,-83.3507814,763,04080204,1980-03-01,2025-12-07,16718,Non-ref,5,560.8962,CntlPlains,8,8.1,56,797.5118,21,36.99904367332138,0.04639309872696728,21,NA,"upstrm suburban, reulated pond",0,downstream_connected,ef
04147500,"FLINT RIVER NEAR OTISVILLE, MI",43.11113726,-83.5193965,720.89,04080204,1952-10-01,2025-12-07,26365,Non-ref,6,1395.162,CntlPlains,8,8.1,56,799.5779,28,43.979847501580466,0.05500383077318728,19,"Flow regulated by Holloway Reservoir, 1.5 mi upstream from station",proximal reservoir,366,downstream_connected,ef
04148500,"FLINT RIVER NEAR FLINT, MI",43.03891625,-83.771626,678.29,04080204,1932-08-18,2025-12-07,34080,Non-ref,6,2525.034,CntlPlains,8,8.1,56,799.9442999999999,50,33.866757833755905,0.04233639496369423,22,Some regulation by small reservoirs upstream from station and by Holloway Reservoir,upstrm urban,0,downstream_connected,ef
04164500,"NORTH BRANCH CLINTON RIVER NEAR MT. CLEMENS, MI",42.62920008,-82.8888104,575.84,04090003,1947-06-01,2025-12-07,28680,Non-ref,4,511.9173,CntlPlains,8,8.1,56,819.7792,4,2.2399907172506186,0.00273243175388033,19,Some regulation at times by mill upstream from station,prox suburban,0,downstream_connected,ef
04166500,"RIVER ROUGE AT DETROIT, MI",42.3730923,-83.2546513,583.64,04090004,1930-10-01,2025-12-07,34767,Non-ref,5,475.9533,CntlPlains,8,8.1,56,815.9843,5,3.2382378691354807,0.00396850511601201,23,Regulation by water retention structure upstream from station and some diversion by pumping for sprinkler irrigation,urban basin,0,downstream_connected,ef
04286000,"WINOOSKI RIVER AT MONTPELIER, VT",44.25672595,-72.59344318,499.87,04300103,1914-07-01,2025-12-07,38930,Non-ref,5,1022.999,NorthEast,5,5.3,58,1102.229,25,104.1470196940564,0.09448764248995116,18,"Flow regulated by several small power plants upstream, by Peacham Pond and, since 1926, by Mollys Falls Reservoir",proximal urban & upstrm dams,1773,downstream_connected,nf
04290500,"WINOOSKI RIVER NEAR ESSEX JUNCTION, VT",44.47893867,-73.1387381,191.17,04300103,1928-10-01,2025-12-07,35497,Non-ref,5,2625,NorthEast,5,5.3,58,1153.47,42,86.02159542857144,0.07457636126520104,19,"Flow regulated by power plants upstream, by Peacham Pond and Mollys Falls Reservoir, combined usable capacity, 492 million ft³, by Waterbury Reservoir (station 04288500) since 1937, and by East Barre and Wrightsville Detention Reservoirs (Reservoirs in Wi",proximal regulating dam,0,downstream_connected,nf
05517000,"YELLOW RIVER AT KNOX, IN",41.30279685,-86.62053829,679.69,07120001,1943-10-01,2025-12-07,30018,Non-ref,4,1127.209,CntlPlains,8,8.1,56,994.9974,6,2.9523069812253095,0.00296715044805675,23,NA,"hvy ag, small towns, NEoA",1,downstream_connected,ef
05517500,"KANKAKEE RIVER AT DUNNS BRIDGE, IN",41.22001988,-86.96832769,649.18,07120001,1948-10-01,2025-12-07,28188,Non-ref,5,3467.25,CntlPlains,8,8.1,56,1000.817,14,5.994572355613238,0.0059896787880434,24,NA,upstrm urban & channelization,4,downstream_connected,ef
05517530,"KANKAKEE RIVER NR KOUTS, IN",41.25390845,-87.0338854,644.65,07120001,1974-10-01,2025-12-07,18696,Non-ref,5,3535.799,CntlPlains,8,8.1,56,1000.378,14,5.878354793357881,0.00587613361485146,28,NA,upstrm urban & channelization,0,downstream_connected,ef
05518000,"KANKAKEE RIVER AT SHELBY, IN",41.1828134,-87.3403096,627.94,07120001,1923-04-01,2025-12-07,37507,Non-ref,5,4587.032,CntlPlains,8,8.1,56,998.578,16,4.675260386236678,0.00468191807373753,29,NA,"channelization, uptrm urban",0,downstream_connected,ef
05529000,"DES PLAINES RIVER NEAR DES PLAINES, IL",42.0872222,-87.8872222,616.15,07120004,1940-10-01,2025-12-07,31114,Non-ref,4,943.0974,CntlPlains,8,8.2,54,896.1951,14,9.66817955388277,0.01078802992103256,27,NA,prox hvy urban,0,downstream_connected,cp
05531500,"SALT CREEK AT WESTERN SPRINGS, IL",41.8258333,-87.9002778,624.72,07120004,1945-10-01,2025-12-07,29286,Non-ref,4,290.5999,CntlPlains,8,8.2,54,938.6664,10,94.26555549399708,0.10042498111575857,32,Occasional regulation by sewage treatment plants upstream,"urban hw, proximal forested riparian",2,downstream_connected,cp
05536290,"LITTLE CALUMET RIVER AT SOUTH HOLLAND, IL",41.60702778,-87.5975833,574.7,07120003,1947-10-01,2025-12-07,28558,Non-ref,4,558.3186,CntlPlains,8,8.2,54,976.2811,13,21.67781621461295,0.02220448210521841,33,Flow from eastern portion of Little Calumet River Basin is diverted to Lake Michigan by Burns Ditch,urban,0,downstream_connected,cp
05540500,"DU PAGE RIVER AT SHOREWOOD, IL",41.52230278,-88.1928694,554.73,07120004,1940-10-01,2025-12-07,31114,Non-ref,5,838.863,CntlPlains,8,8.2,54,952.2839,4,7.308077719484588,0.0076742636512962,27,Effluent from sewage-treatment plant upstream,"urban, POTWs",0,downstream_connected,cp
05569500,"SPOON RIVER AT LONDON MILLS, IL",40.7077222,-90.2797778,508.56,07130005,1942-10-01,2025-12-07,30383,Non-ref,5,2773.11,CntlPlains,8,8.2,54,938.3162,27,14.930579746205526,0.01591209844421904,18,NA,upstrm reservoirs & city,1,downstream_connected,cp
05591200,"KASKASKIA RIVER AT COOKS MILLS, IL",39.5834722,-88.4138056,616.89,07140201,1970-08-27,2025-12-07,20170,Non-ref,5,1227.573,CntlPlains,8,8.2,54,1015.351,1,0.36862247703395234,3.630493071203478e-4,22,Occasional golf−course irrigation water withdrawals approximately,"remnent riparian, small towns, city in hw",22,downstream_connected,cp
06410500,"RAPID CREEK ABOVE PACTOLA RES AT SILVER CITY,  SD",44.08470785,-103.5804702,4622.18,10120110,1953-10-01,2025-12-07,26365,Non-ref,4,762.5259,WestMnts,6,6.2,17,601.9896,2,25.63582692732142,0.0425851658024016,6,Flow regulated by Deerfield Dam on Castle Creek since December 1945.,upstrm reservoir,1,downstream_connected,mw
06421500,"RAPID CR NEAR FARMINGDALE,SD",43.94210239,-102.8539247,2699.74,10120110,1946-08-01,2025-12-07,28611,Non-ref,5,1566.496,WestMnts,6,6.2,17,529.2349,19,125.02722764692663,0.23624146413421832,20,Flow regulated by Pactola Dam 67 mi upstream,"upstrm urban, proximal irrigated ag, upstrm reservoir",373,downstream_connected,mw
06470878,JAMES RIVER AT ND-SD STATE LINE,45.9363579,-98.1742692,1200.88,10160003,1981-10-01,2025-12-07,16124,Non-ref,5,13773.15,CntlPlains,9,9.2,46,480.1359,52,24.591605188355608,0.05121800971007502,14,Daily discharge is heavily influenced by wind speed and direction.,upstrm cities & reservoirs,15,downstream_connected,gp
06471000,"JAMES RIVER AT COLUMBIA,SD",45.6035795,-98.3103756,1273.17,10160003,1945-10-01,2025-12-07,29207,Non-ref,5,14790.2,CntlPlains,9,9.2,46,482.831,56,27.696273545996675,0.05736225210476684,12,"Low flow regulated by dams forming Arrowwood and Jim Lakes,",lake outlet,81,downstream_connected,gp
06893500,"Blue River at Kansas City, MO",38.957,-94.5588889,754.39,10300101,1939-05-01,2025-12-07,31633,Non-ref,5,477.0423,CntlPlains,9,9.2,40,1020.497,52,29.10604153971252,0.02852143763255797,28,Low flow regulated by commercial plants above station,urban basin,0,downstream_connected,gp
07106300,"FOUNTAIN CREEK NEAR PINON, CO",38.42944444,-104.5980556,4990,11020003,1973-04-01,2025-12-07,19244,Non-ref,9,2194.774,WestPlains,9,9.4,26,490.762,64,55.11038220791754,0.11229553675288131,27,"reservoirs, power developments, ground-water withdrawals, transmountain diversions, diversions for irrigation and municipal use","upstrm reservoirs, urban, irrigated ag",0,downstream_connected,gp
07196500,"Illinois River near Tahlequah, OK",35.9255472,-94.9217028,665.08,11110103,1935-10-01,2025-12-08,32942,Non-ref,6,2454.301,EastHghlnds,8,8.4,39,1210.155,22,26.576080114052843,0.02196088940181451,22,All is good,"upstrm lake,pumping station",0,downstream_connected,ap
08084000,"Clear Fk Brazos Rv at Nugent, TX",32.6901186,-99.6695326,1532.53,12060102,1924-03-01,2025-12-07,37172,Non-ref,5,5787.941,WestPlains,9,9.4,27,623.5925,32,48.9839167330835,0.07855116399424865,17,"diversions upstream from station for irrigation, municipal supply, and oil field operations",upstrm reservoir,0,downstream_connected,gp
08085500,"Clear Fk Brazos Rv at Ft Griffin, TX",32.93297778,-99.2153889,1164.39,12060104,1924-02-01,2025-12-07,37201,Non-ref,6,10425.37,WestPlains,9,9.4,27,641.1193000000001,48,46.957360170430405,0.07324278050969671,20,"diversions upstream from station for irrigation, municipal supply, and oil field operations",reservoir on main trib,0,downstream_connected,gp
08167000,"Guadalupe Rv at Comfort, TX",29.96523889,-98.8971667,NA,12100201,1939-05-31,2025-12-07,31602,Non-ref,4,2174.374,WestPlains,9,9.4,30,820.0158999999999,31,5.092196650622203,0.00620987550439229,13,"No regulation, 10% of basin regulation, many small diversions for irrigation","upstrm. Smal.dam, urban",1,downstream_connected,gp
08167500,"Guadalupe Rv nr Spring Branch, TX",29.8604957,-98.3836275,948.43,12100201,1922-06-28,2025-12-07,37784,Non-ref,4,3456.595,WestPlains,9,9.4,30,847.9298,33,3.6384360910086375,0.00429096381682615,11,Several small diversions above station for irrigation,"upstrm. Smal.dam, urban",0,downstream_connected,gp
08172000,"San Marcos Rv at Luling, TX",29.66633885,-97.6508561,322.21,12100203,1939-04-18,2025-12-07,31646,Non-ref,4,2172.789,WestPlains,9,9.4,30,914.7204,54,43.51329420390107,0.04757004895036895,19,Flow is affected at times by discharge from the flood-detention pools of 18 floodwater-retarding structures,"towns upstrm, RoR dam on trib",0,downstream_connected,gp
08186000,"Cibolo Ck nr Falls City, TX",29.01413629,-97.9303065,264.04,12100304,1930-10-01,2025-12-07,34767,Non-ref,4,2136.467,SEPlains,8,8.3,33,869.8645,24,22.340931547269392,0.02568323175307118,21,several diversions for irrigation. Flow is affected at times by discharge from the flood-detention pools.,upstrm urban,0,downstream_connected,ef
08276300,"RIO PUEBLO DE TAOS BELOW LOS CORDOVAS, NM",36.3793333,-105.6678333,6650,13020101,1957-04-01,2025-12-07,25088,Non-ref,4,995.1879,WestMnts,6,6.2,21,579.9901,2,0.46956660144280293,8.09611407923692e-4,19,"Diversions for irrigation of about 12,000 acres",upstrm urban & irrigated ag,0,downstream_connected,mw
09085000,"ROARING FORK RIVER AT GLENWOOD SPRINGS, CO.",39.54666667,-107.33083333,5720.05,140100041003,1906-04-01,2025-12-07,43249,Non-ref,5,3762.712,WestMnts,6,6.2,21,740.9326,33,46.57741198369687,0.06286322397434918,16,"Diversions upstream from station for irrigation of about 35,000 acres. Transmountain diversions",trnsmtn diversion,467,downstream_connected,mw
09147500,"UNCOMPAHGRE RIVER AT COLONA, CO",38.33143056,-107.779225,6320.37,14020006,1912-10-01,2025-12-07,41341,Non-ref,4,1159.221,WestMnts,6,6.2,21,668.5102999999999,5,63.63151806256099,0.09518405036176857,19,"Flow regulated by Ridgway Reservoir, 7.7 mi upstream, since 1986",proximal reservoir--Ridgeway,0,downstream_connected,mw
09149500,"UNCOMPAHGRE RIVER AT DELTA, CO",38.74194444,-108.08041667,4930.01,140200060606,1938-10-01,2025-12-07,31845,Non-ref,5,2899.502,WestXeric,10,10.1,20,482.1312,15,27.761297974617715,0.05758038055744518,24,Natural flow of stream affected by water diverted from Gunnison River and other adjacent basins.,upstrm proximal hvy irrigated ag & urban,0,downstream_connected,sw
09354500,"LOS PINOS RIVER AT LA BOCA, CO.",37.00945356,-107.59951472,6147.31,140801011506,1951-01-01,2025-12-07,27370,Non-ref,5,1343.914,WestMnts,6,6.2,21,724.6929,3,115.32315386252397,0.1591338260144731,14,"Flow regulated by Vallecito Reservoir (station 09353000, capacity 125,640 acre-ft), 24 mi upstream since April 1941. Diversions for irrigation",upstrm reservoir,0,downstream_connected,mw
10136500,"WEBER RIVER AT GATEWAY, UT",41.1368878,-111.8324384,4794.09,16020102,1919-07-01,2025-12-07,38542,Non-ref,6,4216.987,WestMnts,6,6.2,19,648.6843,40,64.49250211110444,0.0994204763566876,18,"Flow regulated by Rockport, Echo, Lost Creek, and East Canyon Reservoirs.",upstrm reservoirs & diversions,335,downstream_connected,mw
10141000,"WEBER RIVER NEAR PLAIN CITY, UT",41.2782765,-112.0918866,4200.22,16020102,1907-10-01,2025-12-07,43167,Non-ref,6,5371.414,WestMnts,6,6.2,19,680.1876,69,77.64225341781513,0.11414829293832338,23,Practically entire flow is diverted during summer,upstrm reservoirs & diversions,1,downstream_connected,mw
10183500,"SEVIER RIVER NEAR KINGSTON, UT",38.20609038,-112.2077024,5989.02,16030001,1914-06-12,2025-12-07,40722,Non-ref,5,2889.713,WestMnts,6,6.2,19,474.3775,5,12.186151358283675,0.02568872123632271,10,Many irrigation diversions upstream of station.,upstrm irrigated ag &  possible diiversions,0,downstream_connected,mw
10349980,"STEAMBOAT CK AT CLEANWATER WAY NR RENO, NV",39.5129672,-119.712409,4375,16050102,1976-07-29,2025-12-07,16920,Non-ref,4,631.8891,WestXeric,10,10.1,13,495.2053,17,12.769253338916592,0.02578577680593602,19,"Many diversions for irrigation above station. Flow partly regulated by Washoe Lake (station 10348700), Steamboat Ditch, and other municipal ponds.","prox urba, upstrm irrigated ag",1109,downstream_connected,sw
11234760,SAN JOAQUIN R AB SHAKEFLAT C NR BIG CREEK CA,37.3166111,-119.3295725,2865.5,18040006,1959-10-01,2024-09-30,23742,Non-ref,5,2600.879,WestMnts,6,6.2,5,1098.277,6,156.78127625314366,0.1427520345533446,18,Flow regulated by Mammoth Pool Reservoir,proximal reservoir-Mammoth Pool,0,downstream_connected,mw
11317000,MF MOKELUMNE R A WEST POINT CA,38.3896344,-120.5265927,2450,18040012,1911-10-01,2024-09-30,41274,Non-ref,4,177.6699,WestMnts,6,6.2,5,1284.977,2,29.32080785771816,0.02281815772400452,12,Flow slightly regulated by Schaads Reservoir,upstrm reservoir on trib,0,downstream_connected,mw
11376550,BATTLE C BL COLEMAN FISH HATCHERY NR COTTONWOOD CA,40.39820996,-122.1463869,410.52,18020153,1961-10-01,2025-12-07,23334,Non-ref,5,935.505,WestMnts,6,6.2,5,1181.712,5,5.551435855500506,0.00469779087925019,16,"Some regulation at low flows by five small powerplants, several small reservoirs, and Coleman Fish Hatchery. Coleman Fish Hatchery diverts from 50 to 90 ft³/s and pumps ground water for temperature control, which is returned above the station. At times, 1",upstrm reservoir & diversions,110,downstream_connected,mw
11439500,SF AMERICAN R NR KYBURZ(RIVER ONLY) CA,38.76351814,-120.3285276,NA,18020129,1922-10-01,2024-09-30,37256,Non-ref,4,499.6917,WestMnts,6,6.2,5,1330.12,4,119.77595985684772,0.090048987953604,11,"Low and medium flows regulated by Echo Lake, Silver Lake, Caples Lake, and Lake Aloha",proximal diversion,0,downstream_connected,mw
12027500,"CHEHALIS RIVER NEAR GRAND MOUND, WA",46.7759343,-123.0356919,0,17100103,1928-10-01,2025-12-07,35497,Non-ref,6,2326.556,WestMnts,7,7.1,1,1561.7240000000002,34,47.6202657490299,0.03049211368271851,21,Many small diversions for irrigation and domestic use upstream from station,"upstrm ag, urban, diversions",0,downstream_connected,mw
12031000,"CHEHALIS RIVER AT PORTER, WA",46.93926375,-123.3143194,0,17100103,1952-02-01,2025-12-07,26031,Non-ref,7,3360.889,WestMnts,7,7.1,1,1586.473,38,33.11343516551722,0.020872359734781,19,Many small diversions for irrigation and domestic use upstream from station,upstrm urban,943,downstream_connected,mw
12036000,"WYNOOCHEE RIVER ABOVE SAVE CREEK NEAR ABERDEEN, WA",47.2989784,-123.6532235,403.85,17100104,1925-06-01,2025-12-07,36714,Non-ref,4,190.7046,WestMnts,7,7.1,1,4916.791,1,491.37776435387514,0.09993871294384388,18,"Since August 1972, flow regulated by Wynoochee Lake",upstrm reservoir,1,downstream_connected,mw
12037400,"WYNOOCHEE RIVER ABOVE BLACK CREEK NR MONTESANO, WA",47.0114831,-123.6554417,0,17100104,1956-10-01,2025-12-07,24905,Non-ref,4,399.6459,WestMnts,7,7.1,1,3797.448,1,234.47757126996677,0.06174609139347446,17,"Other small diversions for irrigation and domestic use. Since August 1972, flow regulated by Wynoochee Dam, 45.7 mi upstream",upstrm reservoir,365,downstream_connected,mw
12113000,"GREEN RIVER NEAR AUBURN, WA",47.3123228,-122.2040082,NA,17110013,1936-08-01,2025-12-07,32609,Non-ref,5,1066.557,WestMnts,6,6.2,4,1842.507,10,215.19989086377944,0.1167973260691978,22,"Since Dec. 5, 1961, flow regulated by Howard A. Hanson Reservoir",upstrm reservoir,27,downstream_connected,mw
12119000,"CEDAR RIVER AT RENTON, WA",47.4825999,-122.2034547,18.77,17110012,1945-09-01,2025-12-07,29318,Non-ref,4,448.3881,WestMnts,6,6.2,4,2224.246,2,481.26499119847296,0.2163721958805244,19,Flow partly regulated by Chester Morse Lake and Masonry Dam for operation of powerplant at Cedar Falls 32.1 mi upstream from gage,proximal reservoirs & diversion,0,downstream_connected,mw
12149000,"SNOQUALMIE RIVER NEAR CARNATION, WA",47.66593399,-121.9253969,2.12,17110010,1929-03-01,2025-12-07,35346,Non-ref,5,1561.414,WestMnts,6,6.2,77,2637.566,12,57.65056416811941,0.02185748685269654,17,Water Department diverted an average daily discharge of 76 ft³/s upstream from station from South Fork Tolt River for municipal use.,upstrm diversions,0,downstream_connected,mw
14018500,"WALLA WALLA RIVER NEAR TOUCHET, WA",46.02760945,-118.7296888,401.93,17070102,1951-10-01,2025-12-07,27097,Non-ref,6,4294.051,WestXeric,10,10.1,10,656.5443,7,2.5343103749815734,0.00386007520738748,17,Many diversions upstream from station for irrigation.,upstrm irrigated ag & urban,0,downstream_connected,sw
14140000,"BULL RUN RIVER NEAR BULL RUN (RIVER ONLY), OR",45.4373,-122.1796556,567.9,17080001,1907-10-01,2025-12-07,43168,Non-ref,4,278.091,WestMnts,6,6.2,4,2856.239,3,324.8202207191171,0.11372305353967826,18,NA,proximal reservoir--Bull Run,0,downstream_connected,mw
14158850,"MCKENZIE R BLW TRAIL BR DAM NR BELKNAP SPRINGS, OR",44.2679001,-122.0497826,1980,17090004,1959-10-01,2025-12-07,24170,Non-ref,4,480.1356,WestMnts,6,6.2,4,2219.234,3,51.49916398617391,0.02320582867159295,14,Flow regulated since 1963 by Smith River Reservoir,proximal reservoir--Trail Br Dam,5,downstream_connected,mw
14310000,"COW CREEK NEAR RIDDLE, OR",42.9234502,-123.428957,682.6,17100302,1954-10-01,2025-12-07,26001,Non-ref,4,1194.809,WestMnts,6,6.2,78,1160.167,2,120.89459486830114,0.10420447648338656,16,"Regulated since Oct. 7, 1985 by Galesville Reservoir. Many small diversions for irrigation upstream from station.",upstrm reservoir,0,downstream_connected,mw
14316500,"N UMPQUA RIVER ABV COPELAND CK NR TOKETEE FALLS,OR",43.29595427,-122.5367127,1580,17100301,1949-09-01,2025-12-07,27855,Non-ref,4,1217.343,WestMnts,6,6.2,4,1508.757,11,22.051010274014804,0.01461534910791784,16,Considerable fluctuation caused by powerplants upstream,upstrm reservoirs,2,downstream_connected,mw
01073500,"LAMPREY RIVER NEAR NEWMARKET, NH",43.10258558,-70.952559,37.55,01060003,1934-07-24,2025-12-07,33375,Non-ref,5,471.1374,NorthEast,8,8.1,59,1140.327,12,58.30572355325644,0.0511307050988501,19,Some regulation by Pawtuckaway and Mendums Ponds,upstrm regulated lakes,0,downstream_matched,ef
01097000,"ASSABET RIVER AT MAYNARD, MA",42.432038,-71.4497848,146,01070005,1941-07-11,2025-12-07,30830,Non-ref,4,299.3094,NorthEast,8,8.1,59,1217.258,39,142.8554332072431,0.1173583851634108,28,"Since 1962, high flow affected by retarding reservoirs and, since 1970, occasional release at low flow",urban & regulated lakes,1,downstream_matched,ef
01101500,"IPSWICH RIVER AT SOUTH MIDDLETON, MA",42.56953869,-71.0269974,44.16,01090001,1938-06-01,2025-12-07,31967,Non-ref,4,115.2826,NorthEast,8,8.1,59,1195.266,10,73.10344319090652,0.06116081540921143,26,"Diversions upstream for municipal supply of Reading, Lynn, and Peabody. Occasional regulation by mill upstream.",suburban & regulated pond,0,downstream_matched,ef
01102000,"IPSWICH RIVER NEAR IPSWICH, MA",42.6598157,-70.8936622,19.83,01090001,1930-06-17,2025-12-07,34873,Non-ref,4,316.4265,NorthEast,8,8.1,59,1195,31,93.59338424563052,0.0783208236365109,25,"Diversions upstream for municipal supply of Reading, Lynn, Peabody, Danvers, Salem, and Beverly. Some regulation by reservoirs upstream.",prox regulated pond,0,downstream_matched,ef
01103500,"CHARLES RIVER AT DOVER, MA",42.256209,-71.2600558,88.98,01090001,1937-10-01,2025-12-07,32210,Non-ref,4,473.3199,NorthEast,8,8.1,59,1224.498,29,26.242805341588216,0.02143148077137587,23,Flow affected by diversions to and from basin for municipal supplies.,suburban & regulated ponds,0,downstream_matched,ef
01104200,"CHARLES RIVER AT WELLESLEY, MA",42.3164861,-71.227833,67.12,01090001,1959-08-26,2025-12-07,24211,Non-ref,4,548.3745,NorthEast,8,8.1,59,1223.264,32,24.06755237524721,0.01967486362326301,22,"Flow affected by diversion to Mother Brook (station 01104000), and by diversions to and from basin",prox urban,0,downstream_matched,ef
01104500,"CHARLES RIVER AT WALTHAM, MA",42.37231857,-71.2336668,19.21,01090001,1931-08-04,2025-12-07,34460,Non-ref,4,647.4123,NorthEast,8,8.1,59,1219.126,48,74.87371185255518,0.0614158929040601,24,Flow affected by diversion of water:,prox urban & regulating dam,0,downstream_matched,ef
01105500,"EAST BRANCH NEPONSET RIVER AT CANTON, MA",42.15454356,-71.1458842,79.4,01090001,1952-10-01,2025-12-07,26731,Non-ref,4,60.7122,NorthEast,8,8.1,59,1239.564,10,62.774911796969974,0.05064273550778336,14,"Flow regulated by Forge, Bolivar, Massapoag, and Reservoir Ponds, and other ponds upstream. Flow affected by diversions",prox urban & regulated ponds,0,downstream_matched,ef
01116000,"SOUTH BRANCH PAWTUXET RIVER AT WASHINGTON, RI",41.69010026,-71.5658958,216.9,01090004,1940-10-01,2025-12-07,31114,Non-ref,4,168.2577,NorthEast,8,8.1,59,1255.581,8,120.90541472990536,0.0962943965621536,16,"Flow regulated by Flat River Reservoir 2 mi upstream,",proximal reservoir--,0,downstream_matched,ef
01117800,"WOOD RIVER NEAR ARCADIA, RI",41.5739884,-71.72062318,116.7,01090005,1964-01-23,2025-12-07,22235,Ref,4,90.76591,NorthEast,8,8.1,59,1258.456,3,11.927099061751267,0.00947756541488241,11,NA,state park headwaters,365,downstream_matched,ef
01118000,"WOOD RIVER AT HOPE VALLEY, RI",41.49815516,-71.7164561,60.2,01090005,1941-03-12,2025-12-07,30952,Non-ref,4,193.2111,NorthEast,8,8.1,59,1261.771,16,31.448627951499684,0.02492419619051292,11,Some seasonal regulation by Locustville Pond on Brushy Brook since 1968.,upstrm ponds,0,downstream_matched,ef
01119500,"WILLIMANTIC RIVER NEAR COVENTRY, CT",41.75053857,-72.26561677,238.04,011000020108,1931-10-01,2025-12-07,34402,Non-ref,4,314.8461,NorthEast,8,8.1,59,1255.973,32,87.83642865514295,0.06993496568408951,22,The natural flow of stream can be altered by regulation from Staffordville Reservoir and the flood-control dams.,upstrm dam/diversion,0,downstream_matched,ef
01162000,"MILLERS RIVER NEAR WINCHENDON, MA",42.6842527,-72.08341388,825.92,01080202,1916-06-05,2025-12-07,39998,Non-ref,4,212.6241,NorthEast,5,5.3,58,1213.341,22,148.7144919131933,0.12256611448322714,24,"Flow regulated by powerplant and by Lake Monomonac and other reservoirs upstream, by waste-water treatment plan",upstrm regulated ponds & reservoirs,0,downstream_matched,nf
01169000,"NORTH RIVER AT SHATTUCKVILLE, MA",42.63841775,-72.7250922,457.86,01080203,1939-12-13,2025-12-07,31407,Ref,4,230.6412,NorthEast,5,5.3,58,1314.0549999999998,9,5.768297251315031,0.00438969240352575,19,"Diurnal fluctuation at times caused by mill upstream; because storage capacity is small, daily flows are not affected appreciably.","lt. ag & development, mostly forested",0,downstream_matched,nf
01173500,"WARE RIVER AT GIBBS CROSSING, MA",42.2362038,-72.27258047,379.15,01080204,1912-08-20,2025-12-07,41382,Non-ref,4,510.3333,NorthEast,8,8.1,59,1206.238,49,204.65063126392107,0.169660242227422,31,Flow regulated by mills upstream and by Barre Falls Reservoir (see station 01172500) since 1958.,upstrm regulated lakes,1,downstream_matched,ef
01185500,"WEST BRANCH FARMINGTON RIVER NEAR NEW BOSTON, MA",42.0788611,-73.0728833,757.6,01080207,1913-05-27,2025-12-07,41103,Non-ref,4,237.4254,NorthEast,5,5.3,58,1354.648,20,206.601479875363,0.15251303650495407,20,Flow regulated by Otis Reservoir 7.0 mi upstream on Fall River.,upstrm reservoir on trib,0,downstream_matched,nf
01186500,"STILL RIVER AT ROBERTSVILLE, CT",41.96792222,-73.03344444,509.61,010802070103,1948-10-01,2025-12-07,27171,Non-ref,4,221.4873,NorthEast,5,5.3,58,1346.25,17,172.7301023580133,0.12830462570697368,26,"The natural flow regime can by altered by regulation from Highland Lake Reservoir, Sucker Brook Dam, and Mad River Reservoir.",upstrm urban & detention dams,1021,downstream_matched,nf
01193500,"SALMON RIVER NEAR EAST HAMPTON, CT",41.55220783,-72.44923535,63.45,010802050805,1928-10-01,2025-12-07,35496,Ref,4,271.2563,NorthEast,8,8.1,59,1303.654,7,11.763796822414816,0.00902371090980798,13,Slight regulation at low flow by ponds upstream.,"lt. ag & development, NEoA",1,downstream_matched,ef
01209700,"NORWALK RIVER AT SOUTH WILTON, CT",41.16376667,-73.41954444,114.59,011000060202,1962-09-01,2025-12-07,23109,Non-ref,4,77.0724,NorthEast,8,8.1,59,1321.009,4,64.75968050819749,0.04902289122042128,18,City of Norwalk diverts an indeterminable amount of water from Streets (Popes) Pond. High flows can be affected by Spectacle Swamp Detention Reservoir.,proximal urban,0,downstream_matched,ef
01378500,Hackensack River at New Milford NJ,40.94833333,-74.02666667,5.16,020301030905,1921-10-01,2025-12-07,38054,Non-ref,5,300.3462,NorthEast,8,8.1,59,1262.971,14,265.2410118722994,0.2100135409857387,27,"Flow regulated by DeForest Lake (see 01376700), Lake Tappan (see 01376950), Woodcliff Lake","urban basin, proximal regulated ponds",0,downstream_matched,ef
01381000,Rockaway River below Reservoir at Boonton NJ,40.89694444,-74.3947222,195.68,02030103,1906-01-01,2025-12-07,43532,Non-ref,4,314.3538,NorthEast,5,5.3,58,1330.273,51,237.0304510395612,0.17818181007925532,21,Flow regulated by Boonton Reservoir,"upstrm hvy urban, POTW, proximal reservoir",274,downstream_matched,nf
01387400,RAMAPO RIVER AT RAMAPO NY,41.14027778,-74.1686111,295.78,02030103,1979-06-28,2025-12-07,16965,Non-ref,4,231.6789,NorthEast,5,5.3,58,1320.275,28,125.30698738642148,0.0949097630315059,22,Occasional regulation by Lake Sebago.,"adjacent interstate, upstrm dam & urban",0,downstream_matched,nf
01387420,RAMAPO RIVER AT SUFFERN NY,41.1183333,-74.16027778,263.29,02030103,1979-06-28,2025-12-07,16964,Non-ref,4,247.6512,NorthEast,5,5.3,58,1319.8159999999998,29,117.36470083730669,0.08892504776219314,21,Flow affected by diversion from United Water New York well field upstream from station and by occasional regulation by Lake Sebago.,"adjacent interstate, upstrm dam & urban",1,downstream_matched,nf
01388000,Ramapo River at Pompton Lakes NJ,40.99194444,-74.28,170.55,020301030205,1921-10-01,2025-12-07,38054,Non-ref,4,420.579,NorthEast,5,5.3,58,1312.268,46,118.01448717125676,0.08993169624745613,25,Diversion at lake just upstream of gage by North Jersey District Water Supply,"proximal diversion, upstrm urban",0,downstream_matched,nf
01407500,Swimming River near Red Bank NJ,40.31972222,-74.11555556,28.68,020301040302,1922-07-28,2025-12-07,37754,Non-ref,4,127.494,SECstPlain,8,8.5,84,1213.477,4,139.7949315261895,0.1152019622342982,26,Flow regulated by and diversions from Swimming River Reservoir,proximal regulated lake,0,downstream_matched,ef
01408120,North Branch Metedeconk River near Lakewood NJ,40.09166667,-74.1525,2.42,020403010201,1972-10-01,2025-12-07,19426,Non-ref,4,91.2879,SECstPlain,8,8.5,84,1211.235,2,2.323155642752216,0.00191800570719325,14,NA,urban in basin,0,downstream_matched,ef
01408500,Toms River near Toms River NJ,39.98638889,-74.2233333,8.1,02040301,1928-10-01,2025-12-07,35494,Non-ref,4,318.7953,SECstPlain,8,8.5,84,1208.0159999999998,13,11.03450709593272,0.0091344047561727,17,"Temporary regulation from unknown source, and diversion prior to 1990.",proximal dam/diversion,3,downstream_matched,ef
01409400,Mullica River near Batsto NJ,39.67444444,-74.665,11.93,02040301,1957-09-01,2025-12-07,24935,Non-ref,5,116.244,SECstPlain,8,8.5,84,1183.306,1,2.6517497677299473,0.00224096705985598,16,Some regulation from upstream cranberry bogs and Atsion Lake.,upstrm regulated pond on mainstem,0,downstream_matched,ef
01420500,BEAVER KILL AT COOKS FALLS NY,41.94641667,-74.9796667,1153.66,02040102,1913-07-25,2025-12-07,40961,Non-ref,4,627.0471,NorthEast,5,5.3,58,1291.9990000000005,27,8.128930027744328,0.00629174637731478,19,NA,"upstrm towns, forested hw",83,downstream_matched,nf
01439500,"Bush Kill at Shoemakers, PA",41.08815078,-75.03767469,420.4,02040104,1908-10-01,2025-12-07,42802,Ref,4,305.8776,NorthEast,5,5.3,62,1216.551,10,35.34401996092556,0.02905264141077978,9,NA,"lt development, upstrm lakes",0,downstream_matched,nf
01447500,"Lehigh River at Stoddartsville, PA",41.1302794,-75.62545259,1463.16,02040106,1943-10-01,2025-12-07,30019,Non-ref,4,240.1902,NorthEast,5,5.3,62,1283.308,11,57.26856466250497,0.04462573650480241,13,NA,upstrm regulatd lakes & suburband development,0,downstream_matched,nf
01465500,"Neshaminy Creek near Langhorne, PA",40.1739982,-74.9568342,39.54,02040201,1934-10-01,2025-12-07,32210,Non-ref,5,541.3914,SEPlains,8,8.3,64,1218.001,16,92.08929990391424,0.07560691649999815,28,"Some regulation at low flow by mills above station. Flow regulated by upstream reservoirs on Little Neshaminy Creek, Robin Run, P",upstrm urban & small reservoirs,1096,downstream_matched,ef
01467000,North Branch Rancocas Creek at Pemberton NJ,39.97,-74.68444444,29.99,020402020103,1921-10-01,2025-12-07,38054,Non-ref,4,323.5545,SECstPlain,8,8.5,84,1194.736,18,23.855579199176645,0.01996723895419292,20,"Water diverted for water supply upstream of gage, occassional regulation by cranberry bogs",dams in basin,0,downstream_matched,ef
01470779,"Tulpehocken Creek near Bernville, PA",40.4133443,-76.1715854,310.5,02040203,1974-11-22,2025-12-07,18644,Non-ref,4,179.1595,EastHghlnds,8,8.4,67,1164.149,0,0,0,23,NA,upstrm urban,0,downstream_matched,ap
01472000,"Schuylkill River at Pottstown, PA",40.2417631,-75.6515752,116.92,02040203,1927-10-01,2025-12-07,35860,Non-ref,6,2971.815,EastHghlnds,8,8.4,67,1217.164,69,136.23963032692143,0.11193202421935042,29,Flow regulated by by Still Creek Reservoir since February 1933,"prox & upstrm urban, reservoirs",3,downstream_matched,ap
01477000,"Chester Creek near Chester, PA",39.8690009,-75.4082494,23.41,02040202,1931-10-01,2025-12-07,34402,Non-ref,4,156.9942,SEPlains,8,8.3,64,1200.93,4,10.508375468647888,0.0087501981536375,24,Diversion about 2.6 mi upstream into Ridley Creek basin,urban basin,0,downstream_matched,ef
01480000,"RED CLAY CREEK AT WOODDALE, DE",39.76280556,-75.6365,80.31,02040205,1943-04-01,2025-12-07,30198,Non-ref,4,122.6124,SEPlains,8,8.3,64,1205.474,3,112.21578731025576,0.09308851730543816,28,flows augmented at times by inflow from Hoopes Reservoir,reservoir on proximal trib,4,downstream_matched,ef
01516350,"Tioga River near Mansfield, PA",41.7970183,-77.0802457,1120.8,02050104,1976-07-01,2025-12-07,18057,Non-ref,4,395.1621,NorthEast,5,5.3,62,958.2219,1,0.2714607499049125,2.8329633240996944e-4,7,NA,upstrm mining & proximal hwy & city,0,downstream_matched,nf
01539000,"Fishing Creek near Bloomsburg, PA",41.07806029,-76.4313125,543.13,02050107,1938-06-04,2025-12-07,31964,Ref,5,701.7795,EastHghlnds,8,8.4,67,1171.409,3,8.364896666260556,0.00714088475183352,13,NA,"mod ag & small towns in valley, forested hw, NEOA",0,downstream_matched,ap
01544500,"Kettle Creek at Cross Fork, PA",41.47583829,-77.82580078,1026.6,02050203,1940-10-01,2025-12-07,31114,Ref,4,355.0644,NorthEast,5,5.3,62,1063.449,0,0,0,5,NA,"state forest, NEoA",0,downstream_matched,nf
01545000,"Kettle Creek near Westport, PA",41.31945098,-77.8738587,727.63,02050203,1954-10-01,2025-12-07,26001,Non-ref,4,604.3059,NorthEast,5,5.3,62,1067.393,1,238.7218129096539,0.2236494083338132,15,Flow regulated since February 1962 by Alvin R. Bush Dam,proximal reservoir,0,downstream_matched,nf
01546500,"Spring Creek near Axemann, PA",40.88978334,-77.794168,788.14,02050204,1940-10-01,2025-12-07,31114,Non-ref,4,223.6851,EastHghlnds,8,8.4,67,1032.624,3,0.9150274202439056,8.861186842877034e-4,16,Occasional regulation at low flow by fish hatchery and Rockview Penitentiary.,upstrm urban,0,downstream_matched,ap
01547100,"Spring Creek at Milesburg, PA",40.93167677,-77.7855242,695.6,02050204,1967-05-01,2025-12-07,21406,Non-ref,4,377.3214,EastHghlnds,8,8.4,67,1031.311,5,0.9051726194167626,8.776912293350527e-4,22,Occasional regulation at low flow by fish hatchery and Rockview Penitentiary.,prox & upstrm urban,0,downstream_matched,ap
01547200,"Bald Eagle Creek bl Spring Creek at Milesburg, PA",40.943116,-77.78639109,681.83,02050204,1955-10-01,2025-12-07,25635,Non-ref,4,694.2744,EastHghlnds,8,8.4,67,1038.906,5,0.4919394982733053,4.735168516432721e-4,19,NA,upstrm urban,1,downstream_matched,ap
01574000,"West Conewago Creek near Manchester, PA",40.08082205,-76.71805199,262.89,02050306,1928-10-01,2025-12-07,35497,Non-ref,5,1326.206,SEPlains,8,8.3,64,1086.124,11,21.160423041367633,0.01948251124306951,28,Occasional slight regulation since October 1959 by Conewago Lake,"mod-hvy ag, lt development, lake on trib, NEoA",0,downstream_matched,ef
01576500,"Conestoga River at Lancaster, PA",40.05009748,-76.2771798,245.63,02050306,1928-10-01,2025-12-07,35192,Non-ref,5,837.2034,SEPlains,8,8.3,64,1147.449,9,8.673085895255563,0.00755858072581488,25,Regulation at low flow by water plant and mill above station.Diversion upstream for municipal supply,several upstrm cities & reservoirs on tribs,305,downstream_matched,ef
01582000,"LITTLE FALLS AT BLUE MOUNT, MD",39.60425,-76.62052778,302.38,02060003,1944-07-01,2025-12-07,29745,Non-ref,4,139.1994,SEPlains,8,8.3,64,1152.83,0,0,0,14,Slight diurnal fluctuation at low flow caused by mill,"lt suburban, large hwy, mod ag, & forest",0,downstream_matched,ef
01582500,"GUNPOWDER FALLS AT GLENCOE, MD",39.54969444,-76.6361111,244.06,02060003,1977-10-01,2025-12-07,16681,Non-ref,5,413.7579,SEPlains,8,8.3,64,1144.11,1,268.49831749436083,0.23467876121558312,17,"Flow regulated by Prettyboy Reservoir, 12 mi upstream, beginning April 10, 1933,",upstrm reservoir,919,downstream_matched,ef
01583500,"WESTERN RUN AT WESTERN RUN, MD",39.51077778,-76.6765,262.09,020600030404,1944-09-01,2025-12-07,29682,Ref,4,155.8494,SEPlains,8,8.3,64,1146.849,0,0,0,15,NA,"mod-hvy ag, riparian forest, some channelization, NEoA",1,downstream_matched,ef
01634500,"CEDAR CREEK NEAR WINCHESTER, VA",39.0812176,-78.3294486,646.2,02070006,1937-10-01,2025-12-07,32207,Ref,4,263.9817,EastHghlnds,8,8.4,67,1019.721,4,2.241973591351219,0.00219861471064263,8,NA,"mostly forested, NEoA",3,downstream_matched,ap
01649500,"NORTHEAST BRANCH ANACOSTIA RIVER AT RIVERDALE, MD",38.96025,-76.9259722,11.55,02070010,1938-08-01,2025-12-07,31905,Non-ref,4,188.0622,SEPlains,8,8.3,65,1125.873,8,9.16576536911724,0.00814102955583555,20,Some regulation at low flow by sand and gravel plants upstream from station.,urban basin,1,downstream_matched,ef
01656000,"CEDAR RUN NEAR CATLETT, VA",38.63678689,-77.6249897,198.5,02070010,1950-10-01,2025-12-07,26476,Non-ref,4,241.2711,SEPlains,8,8.3,64,1100.267,9,62.52615833392396,0.05682816837542519,19,Some diurnal fluctuation at low flow from unkown cause.,"intensive ag, forested riparian, lt development, reservoir in hw",986,downstream_matched,ef
01671100,"LITTLE RIVER NEAR DOSWELL, VA",37.8726401,-77.5130392,131.4,02080106,1961-10-01,2025-12-07,23087,Non-ref,4,277.6545,SEPlains,8,8.3,45,1115.628,9,139.91092526863423,0.1254100159449514,21,NA,"prox gravel pit, mod-hvy ag & forested riparian, small impndmts on some tribs, NEoA",357,downstream_matched,ef
02039000,"BUFFALO CREEK NEAR HAMPDEN SYDNEY, VA",37.25709664,-78.4863841,338.8,02080207,1946-10-01,2025-12-07,28923,Non-ref,4,180.1008,SEPlains,8,8.3,45,1152.771,9,85.11838370512514,0.0738380681897143,17,NA,small reservoirs on most tribs,0,downstream_matched,ef
02056000,"ROANOKE RIVER AT NIAGARA, VA",37.2551384,-79.87142539,819.7,03010101,1926-10-01,2025-12-07,36228,Non-ref,6,1323.014,EastHghlnds,8,8.4,67,1068.809,13,33.41273486146028,0.03126165185871402,22,Flow regulated by dam and powerplant 200 ft upstream from station.,upstrm hvy urban & dams,0,downstream_matched,ap
02056900,"BLACKWATER RIVER NEAR ROCKY MOUNT, VA",37.0451406,-79.8441993,875.96,03010101,1976-10-01,2025-12-07,17964,Ref,4,298.1079,SEPlains,8,8.3,45,1141.021,2,4.177447159233285,0.00366114835680788,16,NA,"forested hw, mod-hvy ag in valley, NEoA",1,downstream_matched,ef
02077670,"MAYO CR NR BETHEL HILL, NC",36.5408333,-78.8719444,337.9,03010104,1977-07-29,2025-12-07,17648,Non-ref,4,137.3355,SEPlains,8,8.3,45,1178.533,1,0.5925489039614666,5.027851608410342e-4,23,Flow regulated by Mayo Steam Electric Generating Plant.,proximal reservoir--Mayo Reservoir,16,downstream_matched,ef
02111180,"ELK CREEK AT ELKVILLE, NC",36.07138889,-81.4030556,1081.78,03040101,1965-10-01,2025-12-07,21956,Ref,4,131.4666,EastHghlnds,8,8.4,66,1270.232,3,1.2473814641893834,9.82010738344951e-4,9,NA,"forested upands, mod ag & lt devlopment in basin, NEoA",27,downstream_matched,ap
02111500,"REDDIES RIVER AT NORTH WILKESBORO, NC",36.175,-81.16888889,978.08,03040101,1939-10-01,2025-12-07,31480,Ref,4,233.6607,EastHghlnds,8,8.4,66,1298.823,3,1.9155082562022625,0.00147480315347223,15,Slight diurnal fluctuation at low flow during growing season,"mod ag in valleys, forested hw",0,downstream_matched,ap
02147500,"ROCKY CREEK AT GREAT FALLS, SC",34.5654221,-80.9198025,294.13,03050103,1951-03-01,2025-12-07,25538,Ref,4,514.2348,SEPlains,8,8.3,45,1196.983,8,21.231964464481987,0.01773789975670664,14,NA,"lt development, ag & forested riparian, NEoA",1773,downstream_matched,ef
02231600,"JANE GREEN CREEK NEAR DEER PARK, FL",28.074462,-80.8881155,18.55,03080101,1953-10-01,2025-12-07,26366,Non-ref,4,641.2878,SECstPlain,8,8.5,75,1308.811,0,0,0,14,"Since April 1990, flow regulated to some extent by flood control lift gates",prox flow control,0,downstream_matched,ef
02232000,"ST. JOHNS RIVER NEAR MELBOURNE, FL",28.08473879,-80.752001,11.22,03080101,1939-10-01,2025-12-07,31474,Non-ref,5,2575.944,SECstPlain,8,8.5,75,1325.522,0,0,0,17,NA,lakes & channelization,6,downstream_matched,ef
02232400,"ST. JOHNS RIVER NEAR COCOA, FL",28.36972837,-80.8725578,NA,03080101,1953-10-01,2025-12-07,26257,Non-ref,5,3388.338,SECstPlain,8,8.5,75,1318.31,0,0,0,21,Records include inflow from Taylor Creek.,prox regulating structure/ upstrm urban,109,downstream_matched,ef
02232500,"ST. JOHNS RIVER NEAR CHRISTMAS, FL",28.54305529,-80.943392,1.62,03080101,1933-10-01,2025-12-07,33670,Non-ref,5,4094.564,SECstPlain,8,8.5,75,1319.941,1,25.295000884099014,0.01916373601857887,27,NA,upstrm urban & regulated lakes,1,downstream_matched,ef
02234000,"ST. JOHNS RIVER ABOVE LAKE HARNEY NEAR GENEVA, FL",28.7141611,-81.0353374,NA,03080101,1981-10-01,2025-12-07,16134,Non-ref,6,5361.742,SECstPlain,8,8.5,75,1321.3390000000002,6,19.8844039866148,0.01504867712722836,26,NA,urban & lakes,5,downstream_matched,ef
02262900,"BOGGY CREEK NEAR TAFT, FL",28.37139699,-81.3106247,56.08,03090101,1959-09-01,2025-12-07,24205,Non-ref,4,216.8874,SECstPlain,8,8.5,75,1282.364,0,0,0,26,Some diversion to ground water through drainage wells in lakes upstream from station.,urban in basin,0,downstream_matched,ef
02270500,"ARBUCKLE CREEK NEAR DE SOTO CITY, FL",27.44238889,-81.2970278,35.51,03090101,1939-06-21,2025-12-07,31434,Non-ref,4,982.2276,SECstPlain,8,8.5,75,1302.0500000000002,0,0,0,19,Records include small diversions into Lake Arbuckle from Lake Weohyakapka,upstrm regulated lakes,148,downstream_matched,ef
02302500,BLACKWATER CREEK NEAR KNIGHTS FL,28.1397222,-82.15,0,03100205,1951-01-01,2025-12-07,27370,Non-ref,4,242.9253,SECstPlain,8,8.5,75,1322.264,3,37.15364352745474,0.02809850644610663,33,NA,suburban hw,0,downstream_matched,ef
02303000,"HILLSBOROUGH RV AT STATE PARK NR ZEPHYRHILLS, FL",28.15029044,-82.23175318,32.45,03100205,1939-10-01,2025-12-07,31476,Non-ref,4,618.7212,SECstPlain,8,8.5,75,1336.548,11,35.0337761175793,0.02621213463158771,31,Records include high-water diversions upstream from station,"wldlife mgt area, urban in basin",4,downstream_matched,ef
02303330,HILLSBOROUGH R AT MORRIS BR NEAR THONOTOSASSA FL,28.0986111,-82.31138889,0,03100205,1972-07-01,2025-12-07,19216,Non-ref,5,985.014,SECstPlain,8,8.5,75,1335.91,11,22.005920728030265,0.0164726072325458,30,Flow regulated during flood stage by operation of Tampa Bypass Canal,urban in basin,302,downstream_matched,ef
02310947,"WITHLACOOCHEE RIVER NEAR CUMPRESSCO, FL",28.31195156,-82.05591468,75,03100208,1967-01-01,2025-12-07,21152,Ref,5,649.5634,SECstPlain,8,8.5,75,1297.779,0,0,0,14,Some interconnection with Gator Creek and some diversions to the north may exist during periods of extreme high water.,"mostly forested, lt development, NEoA",374,downstream_matched,ef
02312000,"WITHLACOOCHEE RIVER AT US 301 AT TRILBY, FL",28.4799981,-82.17758499,49.27,03100208,1928-09-01,2025-12-07,35134,Non-ref,5,1372.373,SECstPlain,8,8.5,75,1319.292,0,0,0,19,High-water diversion above station into Hillsborough River basin through Withlacochee-Hillsborough Overflow near Richland (stati,upstrm diversions/dams,393,downstream_matched,ef
02324000,"STEINHATCHEE RIVER NEAR CROSS CITY, FLA.",29.78663569,-83.3215564,7.84,031101020605,1950-03-01,2025-12-01,27670,Ref,4,791.0239,SECstPlain,8,8.5,75,1435.703,0,0,0,7,NA,"mostly undeveloped, NEoA",0,downstream_matched,ef
02338660,"NEW RIVER AT GA 100, NEAR CORINTH, GA",33.2357222,-84.9875556,634.81,03130002,1978-10-01,2025-12-07,17235,Non-ref,4,323.3853,SEPlains,8,8.3,45,1331.005,30,54.69827478243447,0.0410954690496538,23,NA,several upstrm reservoirs & suburban hw,0,downstream_matched,ef
02479130,"BLACK CREEK NR BROOKLYN, MS",31.05194444,-89.2041667,127.68,03170007,1970-10-01,2025-12-07,19421,Non-ref,5,920.6991,SEPlains,8,8.3,65,1603.561,37,36.07268433302477,0.02249536146927043,18,NA,upstrm industrial & development,736,downstream_matched,ef
02479300,"RED CREEK AT VESTRY, MS",30.7361111,-88.7811111,19.26,03170007,1961-09-30,2025-12-07,23445,Ref,5,1144.201,SEPlains,8,8.3,65,1659.968,34,21.12003660196067,0.01272315888135233,13,NA,"lt develop, mixed ag & forest, NEoA",0,downstream_matched,ef
03028000,"West Branch Clarion River at Wilcox, PA",41.57533955,-78.69224919,1501,05010005,1953-10-01,2025-12-07,26365,Ref,4,161.1102,NorthEast,5,5.3,62,1188.948,0,0,0,7,NA,"mostly roadless, NEoA",1,downstream_matched,nf
03080000,"Laurel Hill Creek at Ursina, PA",39.820355,-79.3214227,1334.3,05020006,1918-10-01,2025-12-07,39150,Non-ref,4,313.3376,EastHghlnds,8,8.4,69,1234.7620000000002,13,18.604929635000715,0.0150676240724939,13,NA,"upstrm mainstem RoR dam, small dams on tribs",0,downstream_matched,ap
03117000,Tuscarawas River at Massillon OH,40.7875,-81.5230556,911.4,05040001,1938-04-01,2025-12-07,32028,Non-ref,5,1336.8,NorthEast,8,8.1,61,975.4814,48,56.082684021544,0.05749231509851853,28,Flow affected by industrial plants upstream from station and supplemented at times by diversion,"upstrm urban, diversions, reservoirs",0,downstream_matched,ef
03117500,Sandy Creek at Waynesburg OH,40.6725609,-81.2598308,953.48,05040001,1938-12-01,2025-12-07,31784,Non-ref,4,656.2251,EastHghlnds,8,8.4,70,1005.922,24,30.09667566815107,0.02991949243395717,19,NA,"upstrm urban, reservoir on prox trib",0,downstream_matched,ap
03139000,Killbuck Creek at Killbuck OH,40.48145387,-81.985979,787.19,05040003,1930-10-01,2025-12-07,34767,Non-ref,5,1202.849,NorthEast,8,8.1,61,982.978,11,2.8220075836617897,0.00287087562861202,15,NA,"some upstrm towns, fish hatchery, NEoA",0,downstream_matched,ef
03170000,"LITTLE RIVER AT GRAYSONTOWN, VA",37.03762635,-80.5567239,1815.6,05050001,1928-10-01,2025-12-07,35497,Ref,5,794.6403,EastHghlnds,8,8.4,66,1148.916,3,0.5896252681873799,5.132013725871865e-4,10,NA,"mostly mod ag, some forest, NEoA",0,downstream_matched,ap
03275600,"EAST FORK WHITEWATER RIVER AT ABINGTON, IN",39.73253529,-84.9596512,790.03,05080003,1965-10-01,2025-12-08,21984,Non-ref,4,520.2549,CntlPlains,8,8.2,55,1010.805,4,29.091652957040868,0.02878067773412366,23,NA,"upstrm reservoirs on tribs, urban",0,downstream_matched,cp
03294000,"SILVER CREEK NEAR SELLERSBURG, IN",38.37060967,-85.7263437,429.2,05140101,1954-10-01,2025-12-07,26000,Non-ref,4,489.3039,CntlPlains,8,8.2,55,1170.157,17,53.42201441680723,0.04565371519959051,22,Some regulation by Deam Lake,prox. Hvy urban,1,downstream_matched,cp
03298000,"FLOYDS FORK AT FISHERVILLE, KY",38.18840166,-85.460235,542.04,05140102,1944-09-30,2025-12-07,29278,Non-ref,4,358.1919,SEPlains,8,8.3,71,1211.756,13,7.170287770326467,0.00591727028405592,23,Diversions by local golf course for irrigation.,much uban in basin,376,downstream_matched,ef
03298500,"SALT RIVER AT SHEPHERDSVILLE, KY",37.98506585,-85.7174591,406.11,05140102,1938-05-23,2025-12-07,31958,Non-ref,5,3098.887,SEPlains,8,8.3,71,1208.952,62,122.95594902298792,0.10170457472504112,23,Flow regulated since January 1983,proximal urban,18,downstream_matched,ef
03303000,"BLUE RIVER NEAR WHITE CLOUD, IN",38.23447298,-86.22713759,433.81,05140104,1931-04-01,2025-12-07,34585,Non-ref,4,1231.501,SEPlains,8,8.3,71,1179.52,7,3.22592186283243,0.00273494460698625,15,NA,"upstrm hvy ag, forested uplands, small town, small resv on some tribs, NEoA",0,downstream_matched,ef
03347000,"WHITE RIVER AT MUNCIE, IN",40.20389108,-85.3860258,915.46,05120201,1931-04-01,2025-12-07,34585,Non-ref,4,627.1389,CntlPlains,8,8.2,55,985.9597,2,72.9766468002543,0.07401585156092516,20,Natural flow affected by regulation of Prairie Creek Reservoir,"proximal urban, upstrm reservoirs",0,downstream_matched,cp
03349000,"WHITE RIVER AT NOBLESVILLE, IN",40.04697647,-86.0171855,737.8,05120201,1946-10-01,2025-12-07,28923,Non-ref,4,2211.125,CntlPlains,8,8.2,55,1003.44,3,20.735088246933124,0.02066400407292227,25,Flow partially regulated by powerplant above station.,several upstrm cities,0,downstream_matched,cp
03351000,"WHITE RIVER NEAR NORA, IN",39.9105892,-86.1055218,710.51,05120201,1929-10-01,2025-12-07,35130,Non-ref,5,3119.411,CntlPlains,8,8.2,55,1008.178,7,34.44553635285636,0.03416612577625812,31,Flow partially regulated by Morse Reservoir.,proximal urban,2,downstream_matched,cp
03353200,"EAGLE CREEK AT ZIONSVILLE, IN",39.94642217,-86.260249,813.44,05120201,1957-10-01,2025-12-07,24901,Non-ref,4,273.8592,CntlPlains,8,8.2,55,1030.622,3,1.8369439478388896,0.00178236438562236,26,"Prior to 1989, low flow affected by the Zionsville well field",suburban,4,downstream_matched,cp
03361500,"BIG BLUE RIVER AT SHELBYVILLE, IN",39.52925,-85.7775278,737.21,05120204,1943-10-01,2025-12-07,30019,Non-ref,4,1088.071,CntlPlains,8,8.2,55,1054.458,16,55.29440174400385,0.05243869527662917,23,NA,prox & upstrm urban,0,downstream_matched,cp
03366500,"MUSCATATUCK RIVER NEAR DEPUTY, IN",38.8042145,-85.6738418,539.42,05120207,1948-04-01,2025-12-07,28375,Ref,4,755.2151,CntlPlains,8,8.2,55,1147.631,7,2.524072942927121,0.00219937675344001,17,NA,"ag uplands, forested lowlands & hw, few small impoundments, NEoA",0,downstream_matched,cp
03612000,"CACHE RIVER AT FORMAN, IL",37.335,-88.9252778,307.74,05140206,1922-10-26,2025-12-07,37586,Non-ref,5,631.9773,SEPlains,8,8.3,72,1202.399,10,12.989887453236058,0.01080330859659402,13,"Flow of lower part of Cache River Basin was diverted from Ohio River to Mississippi River beginning Oct. 31, 1950,",diversions,78,downstream_matched,ef
04024430,"NEMADJI RIVER NEAR SOUTH SUPERIOR, WI",46.6333333,-92.0938889,601.1,04010301,1973-11-22,2025-12-07,19009,Ref,5,1091.25,MxWdShld,5,5.2,50,787.3542,6,2.23380618556701,0.00283710455290263,6,NA,"mostly forested, NEoA",0,downstream_matched,nf
04093000,"DEEP RIVER AT LAKE GEORGE OUTLET AT HOBART, IN",41.5361281,-87.2569484,587.8,04040001,1947-04-01,2025-12-07,28736,Non-ref,4,320.805,CntlPlains,8,8.2,54,983.7474,6,17.08416327675691,0.01736641263474436,32,Flow subject to regulation by operation of Lake George Dam.,"urban, proximal regulated lakes",5,downstream_matched,cp
04096405,"ST. JOSEPH RIVER AT BURLINGTON, MI",42.1031014,-85.0799764,900.3,04050001,1962-10-01,2025-12-07,23079,Non-ref,4,535.293,CntlPlains,8,8.1,56,932.9318,5,2.902298367436152,0.00311094376613183,15,NA,"upstrm urban, regulation",0,downstream_matched,ef
04097540,"PRAIRIE RIVER NEAR NOTTAWA, MI",41.88838304,-85.409428,839.35,04050001,1962-10-01,2025-12-07,23079,Non-ref,4,309.3849,CntlPlains,8,8.1,56,938.6505,0,0,0,12,"Since 1987, some diversion by pumping for sprinkler irrigation.",upstrm series of lakes,0,downstream_matched,ef
04099000,"ST. JOSEPH RIVER AT MOTTVILLE, MI",41.80088279,-85.7561047,754.85,04050001,1923-12-01,2025-12-07,37263,Non-ref,5,4883.223,CntlPlains,8,8.1,56,938.9131,39,15.440454593206168,0.01644503052860394,21,NA,proximal dam/regulated lake,0,downstream_matched,ef
04100222,"NB ELKHART RIVER AT COSPERVILLE, IN",41.48168376,-85.4754999,879.75,04050001,1971-10-01,2025-12-07,19622,Non-ref,4,370.2411,CntlPlains,8,8.1,56,938.7004,10,26.00268851837357,0.02770073232990373,23,Flow regulated at times by dam at Waldron Lake.,upstrm regulated lake,170,downstream_matched,ef
04100500,"ELKHART RIVER AT GOSHEN, IN",41.5933496,-85.84856789,769.15,04050001,1931-10-01,2025-12-07,34398,Non-ref,6,1525.99,CntlPlains,8,8.1,56,937.0138,23,14.673280952037697,0.01565962097040374,24,"Occasional low-flow regulation at Goshen Dam, 3.4 mi upstream","prox. Town, dam, canals",4,downstream_matched,ef
04108600,"RABBIT RIVER NEAR HOPKINS, MI",42.6422537,-85.7219681,697.52,04050003,1965-10-01,2025-12-07,21983,Non-ref,4,173.268,CntlPlains,8,8.1,56,955.0791,0,0,0,14,NA,"upstrm ditches/drains, hvy ag, towns",0,downstream_matched,ef
04127997,"STURGEON RIVER AT WOLVERINE, MI",45.27445746,-84.6000315,763.33,04070004,1942-04-01,2025-12-07,30567,Ref,4,487.1601,MxWdShld,5,5.2,50,847.9858,6,8.137150394705971,0.00959585690551182,11,NA,"lt development, small town in hw, NEoA",0,downstream_matched,nf
04166100,"RIVER ROUGE AT SOUTHFIELD, MI",42.44750765,-83.29736958,609.51,04090004,1958-04-01,2025-12-07,22986,Non-ref,4,224.3466,CntlPlains,8,8.1,56,805.0275,5,6.869950335775092,0.00853380826838225,19,NA,urban basin,1737,downstream_matched,ef
05431486,"TURTLE CREEK AT CARVERS ROCK ROAD NEAR CLINTON, WI",42.5972222,-88.8291667,847,07090002,1939-09-25,2025-12-07,31486,Non-ref,4,491.1426,CntlPlains,8,8.2,53,895.8985,4,55.74755274740982,0.06222529979390502,19,Some seasonal regulation caused by dams,upstrm reservoir,0,downstream_matched,cp
05451700,"Timber Creek near Marshalltown, IA",42.008875,-92.8524194,856.62,07080208,1949-10-01,2025-12-07,27827,Non-ref,5,308.5146,CntlPlains,9,9.2,47,893.26,3,1.9503258516776845,0.00218337981290742,14,NA,"extensive channelization, no riparian",0,downstream_matched,gp
05452000,"Salt Creek near Elberon, IA",41.9641611,-92.3132417,783.34,07080208,1945-10-01,2025-12-07,29287,Non-ref,5,516.6864,CntlPlains,9,9.2,47,914.8895,2,0.2553405702182213,2.7909443732627965e-4,11,NA,"hvy ag, no riparian",1,downstream_matched,gp
05452200,"Walnut Creek near Hartwick, IA",41.8349969,-92.386297,786.48,07080208,1949-10-01,2025-12-07,27822,Non-ref,4,182.6649,CntlPlains,9,9.2,47,904.6648,2,15.83565315503964,0.01750444270080989,17,NA,"hvy channelization, reservoir on prox tribs",5,downstream_matched,gp
05453000,"Big Bear Creek at Ladora, IA",41.74944709,-92.1821267,744.54,07080208,1945-10-01,2025-12-07,29287,Non-ref,4,483.6276,CntlPlains,9,9.2,47,905.3281,4,0.642469536478067,7.09653811118938e-4,12,NA,extensive channelization,1,downstream_matched,gp
05466500,"EDWARDS RIVER NEAR NEW BOSTON, IL",41.18697738,-90.9673663,529.13,07080104,1934-10-01,2025-12-07,33305,Ref,5,1151.567,CntlPlains,8,8.2,54,925.8804,13,6.12448949995962,0.00661477389515926,16,NA,"forested lowlands, upstrm small reservoirs & mainstem channelized",1,downstream_matched,cp
05469000,"HENDERSON CREEK NEAR OQUAWKA, IL",41.001425,-90.8543083,540.64,07080104,1934-10-01,2025-12-07,32942,Non-ref,5,1126.56,CntlPlains,8,8.2,54,935.9209,8,4.750053259480188,0.00507527212981373,18,NA,urban in hw of main trib,364,downstream_matched,cp
05515500,"KANKAKEE RIVER AT DAVIS, IN",41.38963889,-86.7061667,664.34,07120001,1925-10-01,2025-12-06,35679,Non-ref,4,1371.498,CntlPlains,8,8.1,56,1012.337,6,8.349170760730239,0.00824742231167115,27,NA,upstrm urban & channelization,913,downstream_matched,ef
05527800,"DES PLAINES RIVER AT RUSSELL, IL",42.4893861,-87.9259167,661.87,07120004,1967-07-01,2025-12-07,21275,Non-ref,4,317.6778,CntlPlains,8,8.2,54,879.2897,1,3.4931619395500726,0.00397270881206736,22,NA,"prox gravel mining & suburban, channelization in hw, NEoA?",70,downstream_matched,cp
05532500,"DES PLAINES RIVER AT RIVERSIDE, IL",41.82149167,-87.8220361,594.38,07120004,1943-10-01,2025-12-07,30019,Non-ref,5,1634.157,CntlPlains,8,8.2,54,914.4065,25,22.460475951821035,0.02456290058286006,28,Occasional regulation by gates at Hoffman Dam.,"urban, proximal diversion/dam",0,downstream_matched,cp
05536195,"LITTLE CALUMET RIVER AT MUNSTER, IN",41.5775,-87.5222222,580.34,07120003,1958-07-01,2025-12-07,24632,Non-ref,4,254.4282,CntlPlains,8,8.2,54,976.752,6,39.341134355389855,0.04027750581047169,34,Flow from eastern portion of Little Calumet River Basin is diverted to Lake Michigan by Burns Ditch,urban,0,downstream_matched,cp
05543830,"FOX RIVER AT WAUKESHA, WI",43.0047222,-88.2436111,792.39,07120006,1963-01-01,2025-12-07,22987,Non-ref,4,328.5189,CntlPlains,8,8.2,53,868.7687,3,139.8445568885078,0.16096868693417227,23,There is occasional regulation from mill dam 1.0 mi upstream,urban,0,downstream_matched,cp
05548280,"NIPPERSINK CREEK NEAR SPRING GROVE, IL",42.44373056,-88.247425,745.94,07120006,1966-08-19,2025-12-07,21656,Non-ref,5,498.2472,CntlPlains,8,8.2,54,909.8282,2,25.382743746477654,0.02789839196727212,19,NA,upstrm cities & lakes,5,downstream_matched,cp
05579500,"LAKE FORK NEAR CORNLAND, IL",39.95176667,-89.3856694,554.73,07130009,1948-01-22,2025-12-07,28444,Non-ref,4,552.1221,CntlPlains,8,8.2,54,973.7037,0,0,0,16,NA,hvy channelization,1,downstream_matched,cp
05580000,"KICKAPOO CREEK AT WAYNESVILLE, IL",40.25476389,-89.1294278,619.88,07130009,1948-01-28,2025-12-07,28439,Non-ref,4,591.4535,CntlPlains,8,8.2,54,967.1846,3,0.7087962113674195,7.328448068418579e-4,18,Diurnal fluctuation caused by City of Heyworth upstream. Diurnal fluctuations caused by a sewage treatment plant on Little Kickapoo Creek.,upstrm cities,0,downstream_matched,cp
05587900,"CAHOKIA CREEK AT EDWARDSVILLE, IL",38.82444444,-89.9747222,425.09,07140101,1969-08-01,2025-12-07,20583,Non-ref,4,546.2568,SEPlains,8,8.3,72,999.6464,22,40.913647207686935,0.04092811939070348,22,NA,"proximal channelization, upstrm reservoir",0,downstream_matched,ef
05591700,"WEST OKAW RIVER NEAR LOVINGTON, IL",39.7307222,-88.6621111,632.13,07140201,1980-02-20,2025-12-07,16728,Non-ref,4,297.1521,CntlPlains,8,8.2,54,1007.293,0,0,0,19,NA,hw channelization,0,downstream_matched,cp
05592050,"ROBINSON CREEK NEAR SHELBYVILLE, IL",39.40588889,-88.8968056,550.16,07140201,1979-10-01,2025-12-07,16858,Ref,4,254.1213,CntlPlains,8,8.2,54,1006.084,0,0,0,11,NA,"ag uplands, forested lowlands, NEoA",12,downstream_matched,cp
06803000,"Salt Creek at Roca, Nebr.",40.65777778,-96.6655556,1192.5,10200203,1951-05-01,2025-12-07,27250,Non-ref,4,433.5349,CntlPlains,9,9.2,47,770.5311,46,192.18746864439288,0.2494220786732591,23,Flood flow affected by several detention dams.,"upstrm channelization, small reservoirs",0,downstream_matched,gp
06803530,"Rock Creek near Ceresco, Nebr.",41.0158333,-96.5441667,1104.18,10200203,1970-04-01,2025-12-07,20340,Ref,5,309.7458,CntlPlains,9,9.2,47,756.9693,7,4.00058693289788,0.00528500552518824,14,NA,"hvy ag, much riparian, NEoA",0,downstream_matched,gp
06804000,"Wahoo Creek at Ithaca, Nebr.",41.1475,-96.5377778,1110.48,10200203,1949-10-01,2025-12-07,27826,Non-ref,5,698.9238,CntlPlains,9,9.2,47,796.9257,24,22.593351378218912,0.02835063717761758,21,NA,"upstrm city, little riparian",1,downstream_matched,gp
06893080,"BLUE R NR STANLEY, KS",38.8125082,-94.6757906,886.47,10300101,1974-09-20,2025-12-07,18707,Non-ref,4,117.81,CntlPlains,9,9.2,40,1023.711,20,35.46928953399542,0.03464775657777969,17,NA,"some suburban, many flood retention reservoirs on tribs",0,downstream_matched,gp
07195500,"Illinois River near Watts, OK",36.13008185,-94.5721645,894.01,11110103,1955-10-01,2025-12-08,25637,Non-ref,6,1629.999,EastHghlnds,8,8.4,39,1206.823,18,21.097928894434904,0.01748220649957359,23,"Since July 2, 1957, small diversion for municipal water supply for the city of Siloam Springs, Ark., upstream from station","prox dam, suburban in hw of tribs",0,downstream_matched,ap
07196900,"Baron Fork at Dutch Mills, AR",35.88,-94.4863889,987.26,11110103,1958-04-01,2025-12-07,24719,Ref,4,106.3521,EastHghlnds,8,8.4,39,1279.559,1,0.927485211857594,7.248475543977215e-4,10,NA,"mod ag valleys, forested uplands, suburban in hw of trib, NEoA",4,downstream_matched,ap
07197000,"Baron Fork at Eldon, OK",35.9216222,-94.8372472,701.33,11110103,1948-10-01,2025-12-08,28192,Ref,5,808.4485,EastHghlnds,8,8.4,39,1256.886,5,2.5790177110848744,0.00205191060373404,11,NA,"upstrm small towns, mod ag, NEoA",1,downstream_matched,ap
08012000,"Bayou Nezpique near Basile, LA",30.48077778,-92.63175,3.58,08080201,1938-10-01,2025-12-07,31843,Non-ref,4,1308.219,SEPlains,8,8.3,35,1614.956,10,35.45129829179977,0.02195186636156017,17,Diversion for irrigation by Mamou pumping plant,"reservoir on trib, mixed forest & ag",2,downstream_matched,ef
08025500,"Bayou Toro near Toro, LA",31.30712737,-93.5157295,137.84,12010005,1955-10-01,2025-12-07,24897,Ref,4,383.0247,SEPlains,8,8.3,35,1417.803,1,21.954354379756715,0.01548477071903269,13,NA,"NEoA, small reservoir on 1 trib",739,downstream_matched,ef
08068500,"Spring Ck nr Spring, TX",30.11049517,-95.4363275,0,12040102,1939-04-01,2025-12-07,31656,Non-ref,4,1046.265,SEPlains,8,8.3,35,1211.276,29,21.947969204742584,0.01811970946732419,25,No known regulation or diversions.,suburban & urban,7,downstream_matched,ef
08070000,"E Fk San Jacinto Rv nr Cleveland, TX",30.33659809,-95.1040999,107.01,12040103,1939-05-01,2025-12-07,31633,Ref,5,841.0554,SEPlains,8,8.3,35,1287.7379999999998,13,3.835095761824965,0.0029781646280726,9,No known regulation or diversions.,"prox gravel pits, mostly forested hw",0,downstream_matched,ef
08164450,"Sandy Ck nr Ganado, TX",29.1602539,-96.5463608,58.66,12100102,1978-10-01,2025-12-07,16855,Non-ref,4,764.3853,SECstPlain,9,9.5,34,1099.338,10,4.232671664407989,0.00385020045191559,18,Much of the low flow during the irrigation season (Apr. to Sept.) is drainage from rice fields irrigated by water diverted from the Colorado River.,prox irrigated ag,380,downstream_matched,gp
08200000,"Hondo Ck nr Tarpley, TX",29.57003056,-99.2476889,1170.16,12110107,1952-08-20,2025-12-07,26773,Ref,4,249.1146,WestPlains,9,9.4,30,842.8883999999999,5,5.4296335903234905,0.00644169926923124,7,No known regulation. There are several small diversions for irrigation,"NEoA, some irrigated ag",0,downstream_matched,gp
08265000,"RED RIVER NEAR QUESTA, NM",36.70331111,-105.56843056,7456.4,130201010303,1924-10-01,2025-12-07,35345,Non-ref,4,290.1681,WestMnts,6,6.2,21,664.7812999999999,2,0.13172709198564558,1.9815101896765992e-4,10,Diversions for irrigation of a few hundred acres upstream,upstrm irrigated ag & diiversions,1613,downstream_matched,mw
08291000,"SANTA CRUZ RIVER NEAR CUNDIYO, NM",35.9647222,-105.9047222,6460,13020101,1932-10-01,2025-12-07,34023,Non-ref,4,238.815,WestMnts,6,6.2,21,618.0145,0,0,0,4,"Diversions for irrigation of about 1,000 acres",proximal irrigated ag,13,downstream_matched,mw
09497800,"CIBECUE CREEK NEAR CHRYSOTILE, AZ",33.84311759,-110.5576286,3185.51,150601030108,1959-05-15,2025-12-07,24313,Ref,4,750.8628,WestMnts,13,13.1,23,587.8697999999999,0,0,0,3,Small diversions for irrigation in the vicinity of the village of Cibecue,some diversions possible,1,downstream_matched,sw
09512280,"CAVE CREEK BLW COTTONWOOD CR NEAR CAVE CREEK, AZ.",33.88704167,-111.95419444,2259.9,150701020602,1980-10-01,2025-12-07,16504,Ref,4,188.7093,WestMnts,13,13.1,23,507.8195,0,0,0,7,No regulation or diversion upstream from station,"mostly roadless, NEoA",0,downstream_matched,sw
11065000,LYTLE C A COLTON CA,34.07890146,-117.3055989,976.98,18070203,1957-10-01,2025-12-07,24638,Non-ref,5,364.7268,WestXeric,11,11.1,8,813.9879000000001,0,0,0,10,"Flow partly regulated by Lytle Creek spreading grounds 3.2 mi upstream. Diversions upstream from station for irrigation, power development, domestic use, and ground-water replenishment.",urban & channelization,267,downstream_matched,sw
11097000,BIG TUJUNGA C BL HANSEN DAM CA,34.25361395,-118.38897,945.75,18070105,1932-05-01,2025-12-07,33213,Non-ref,4,395.8578,WestXeric,11,11.1,8,694.5877,4,158.3541362580199,0.22798292606969564,17,"Flow regulated since July 1931 by Big Tujunga Flood-Control Reservoir,","proximal flood retention, hvy urban",976,downstream_matched,sw
11160500,SAN LORENZO R A BIG TREES CA,37.0443931,-122.072464,230.06,18060015,1936-10-01,2025-12-07,32575,Non-ref,4,275.8086,WestMnts,7,7.1,1,1187.843,1,40.19418901368557,0.03383796428794509,20,"Flow partially regulated, many diversions, one inflatable dam close to gage",prox. Development,0,downstream_matched,mw
11230215,SF SAN JOAQUIN R BL HOOPER C NR FLORENCE LAKE CA,37.3096642,-118.9620614,6949.41,18040006,1975-10-01,2024-09-30,17418,Non-ref,5,480.1302,WestMnts,6,6.2,5,1093.715,1,174.6276322547509,0.15966465875913827,13,"Flow regulated by Florence Lake (station 11229600) 3.5 mi upstream, and Hooper Creek Diversion Dam (capacity less than 2 acre-ft) 0.7 mi upstream.",proximal reservoir--Florence Lake,480,downstream_matched,mw
12332000,Middle Fork Rock Cr nr Philipsburg MT,46.1845694,-113.5015694,5444.08,17010202,1937-10-01,2025-12-07,32057,Ref,4,315.1476,WestMnts,6,6.2,17,766.825,0,0,0,5,Minor local irrigation diversions,"mostly roadless, small diversions near gage",153,downstream_matched,mw
13239000,NF PAYETTE RIVER AT MCCALL ID,44.9072222,-116.1191667,4971.82,17050123,1908-09-01,2025-12-07,42132,Non-ref,4,375.6537,WestMnts,6,6.2,16,1238.294,4,158.1894042305453,0.1277478565110913,11,Flow regulated to some extent since several years prior to 1923 by gates at outlet of Payette Lake 0.2 mi upstream,lake (natural?) outlet,700,downstream_matched,mw
