site_no,var,val
01054200,drainage_area,180.981
01054200,elev,622.8911
01054200,slope,22.29077
01054200,soil_perm,2.814656
01054200,soil_awc,0.1411034
01054200,twi,9.883058
01054200,dist_index,4
01055000,drainage_area,250.641
01055000,elev,564.996
01055000,slope,16.1182
01055000,soil_perm,2.897768
01055000,soil_awc,0.1704891
01055000,twi,10.33622
01055000,dist_index,3
01055500,drainage_area,439.5051
01055500,elev,189.3999
01055500,slope,8.757095
01055500,soil_perm,4.796839
01055500,soil_awc,0.1048727
01055500,twi,11.97526
01055500,dist_index,13
01059000,drainage_area,8444.24
01059000,elev,425.2572
01059000,slope,11.79732
01059000,soil_perm,3.915301
01059000,soil_awc,0.141639
01059000,twi,11.19078
01059000,dist_index,19
01073000,drainage_area,31.2984
01073000,elev,57.96854
01073000,slope,2.974744
01073000,soil_perm,5.928185
01073000,soil_awc,0.1154125
01073000,twi,11.97868
01073000,dist_index,10
01073500,drainage_area,471.1374
01073500,elev,107.4204
01073500,slope,4.762227
01073500,soil_perm,6.275693
01073500,soil_awc,0.1118485
01073500,twi,12.18306
01073500,dist_index,19
01094400,drainage_area,166.1607
01094400,elev,298.0274
01094400,slope,6.53229
01094400,soil_perm,2.653047
01094400,soil_awc,0.1292228
01094400,twi,11.29565
01094400,dist_index,13
01094500,drainage_area,279.657
01094500,elev,254.3252
01094500,slope,6.394136
01094500,soil_perm,3.680047
01094500,soil_awc,0.1305171
01094500,twi,11.37834
01094500,dist_index,23
01097000,drainage_area,299.3094
01097000,elev,106.2754
01097000,slope,4.454576
01097000,soil_perm,5.761313
01097000,soil_awc,0.1276899
01097000,twi,12.3816
01097000,dist_index,28
01097300,drainage_area,30.8718
01097300,elev,70.17964
01097300,slope,2.91386
01097300,soil_perm,7.831978
01097300,soil_awc,0.1104046
01097300,twi,12.72392
01097300,dist_index,13
01100600,drainage_area,96.4215
01100600,elev,49.0975
01100600,slope,2.643687
01100600,soil_perm,7.661665
01100600,soil_awc,0.1156079
01100600,twi,13.06323
01100600,dist_index,17
01101000,drainage_area,55.4778
01101000,elev,35.30418
01101000,slope,3.117721
01101000,soil_perm,5.562174
01101000,soil_awc,0.1292664
01101000,twi,12.07921
01101000,dist_index,15
01101500,drainage_area,115.2826
01101500,elev,32.54335
01101500,slope,1.988812
01101500,soil_perm,8.093348
01101500,soil_awc,0.1184776
01101500,twi,13.63451
01101500,dist_index,26
01102000,drainage_area,316.4265
01102000,elev,32.21668
01102000,slope,2.403002
01102000,soil_perm,6.68601
01102000,soil_awc,0.1216122
01102000,twi,13.37177
01102000,dist_index,25
01102500,drainage_area,59.74671
01102500,elev,35.86818
01102500,slope,3.326247
01102500,soil_perm,7.828221
01102500,soil_awc,0.1151598
01102500,twi,12.1565
01102500,dist_index,17
01103500,drainage_area,473.3199
01103500,elev,68.58305
01103500,slope,3.069204
01103500,soil_perm,7.965401
01103500,soil_awc,0.1107822
01103500,twi,12.24328
01103500,dist_index,23
01104200,drainage_area,548.3745
01104200,elev,65.43291
01104200,slope,3.06436
01104200,soil_perm,7.887813
01104200,soil_awc,0.1116133
01104200,twi,12.33188
01104200,dist_index,22
01104500,drainage_area,647.4123
01104500,elev,63.40891
01104500,slope,3.172545
01104500,soil_perm,7.424346
01104500,soil_awc,0.1145847
01104500,twi,12.36115
01104500,dist_index,24
01105000,drainage_area,84.8778
01105000,elev,64.11616
01105000,slope,2.696062
01105000,soil_perm,8.579464
01105000,soil_awc,0.1089531
01105000,twi,12.25612
01105000,dist_index,21
01105500,drainage_area,60.7122
01105500,elev,62.13967
01105500,slope,2.320574
01105500,soil_perm,9.871299
01105500,soil_awc,0.1076806
01105500,twi,12.34671
01105500,dist_index,14
01105600,drainage_area,12.6603
01105600,elev,43.05509
01105600,slope,1.744057
01105600,soil_perm,5.969553
01105600,soil_awc,0.1114047
01105600,twi,13.12979
01105600,dist_index,14
01105730,drainage_area,79.5672
01105730,elev,30.05831
01105730,slope,1.239305
01105730,soil_perm,11.26407
01105730,soil_awc,0.1035911
01105730,twi,12.94292
01105730,dist_index,21
01105870,drainage_area,55.1439
01105870,elev,25.12242
01105870,slope,1.621146
01105870,soil_perm,14.36666
01105870,soil_awc,0.08462323
01105870,twi,13.32485
01105870,dist_index,16
01109000,drainage_area,112.7429
01109000,elev,54.25273
01109000,slope,1.585374
01109000,soil_perm,7.30907
01109000,soil_awc,0.1266927
01109000,twi,13.0052
01109000,dist_index,20
01109060,drainage_area,220.1049
01109060,elev,47.3297
01109060,slope,1.350261
01109060,soil_perm,8.43702
01109060,soil_awc,0.120835
01109060,twi,13.21796
01109060,dist_index,24
01109070,drainage_area,27.1674
01109070,elev,34.20231
01109070,slope,1.560778
01109070,soil_perm,2.287813
01109070,soil_awc,0.1462463
01109070,twi,12.39801
01109070,dist_index,11
01110000,drainage_area,66.08279
01110000,elev,148.3863
01110000,slope,4.575836
01110000,soil_perm,5.440863
01110000,soil_awc,0.1300291
01110000,twi,12.33035
01110000,dist_index,18
01111300,drainage_area,41.0625
01111300,elev,161.7877
01111300,slope,3.586106
01111300,soil_perm,5.462716
01111300,soil_awc,0.1159188
01111300,twi,11.51721
01111300,dist_index,12
01111500,drainage_area,237.2391
01111500,elev,150.6163
01111500,slope,4.04364
01111500,soil_perm,5.748734
01111500,soil_awc,0.1159073
01111500,twi,12.32384
01111500,dist_index,24
01112500,drainage_area,1047.424
01112500,elev,149.5994
01112500,slope,4.707169
01112500,soil_perm,5.497136
01112500,soil_awc,0.1226388
01112500,twi,12.1099
01112500,dist_index,27
01114000,drainage_area,60.42774
01114000,elev,59.98444
01114000,slope,3.633267
01114000,soil_perm,6.834208
01114000,soil_awc,0.111538
01114000,twi,11.22743
01114000,dist_index,17
01114500,drainage_area,98.8735
01114500,elev,108.9425
01114500,slope,4.709488
01114500,soil_perm,5.564616
01114500,soil_awc,0.1178687
01114500,twi,11.98461
01114500,dist_index,21
01116000,drainage_area,168.2577
01116000,elev,117.2445
01116000,slope,3.562047
01116000,soil_perm,6.451673
01116000,soil_awc,0.1150009
01116000,twi,12.21822
01116000,dist_index,16
01117000,drainage_area,59.6844
01117000,elev,57.83084
01117000,slope,2.447382
01117000,soil_perm,8.093909
01117000,soil_awc,0.1166241
01117000,twi,11.80813
01117000,dist_index,17
01117468,drainage_area,25.3413
01117468,elev,99.77135
01117468,slope,4.347124
01117468,soil_perm,5.569793
01117468,soil_awc,0.1203892
01117468,twi,11.48718
01117468,dist_index,9
01117500,drainage_area,260.4375
01117500,elev,62.90142
01117500,slope,3.042246
01117500,soil_perm,7.39196
01117500,soil_awc,0.1300543
01117500,twi,12.75142
01117500,dist_index,17
01117800,drainage_area,90.76591
01117800,elev,120.6762
01117800,slope,4.616257
01117800,soil_perm,6.53344
01117800,soil_awc,0.1153846
01117800,twi,11.76431
01117800,dist_index,11
01118000,drainage_area,193.2111
01118000,elev,104.7876
01118000,slope,4.411204
01118000,soil_perm,6.426455
01118000,soil_awc,0.1162753
01118000,twi,11.85088
01118000,dist_index,11
01118300,drainage_area,10.3644
01118300,elev,103.7697
01118300,slope,4.700582
01118300,soil_perm,5.083
01118300,soil_awc,0.1215
01118300,twi,10.41022
01118300,dist_index,9
01119500,drainage_area,314.8461
01119500,elev,213.4345
01119500,slope,6.644009
01119500,soil_perm,4.994851
01119500,soil_awc,0.1229869
01119500,twi,11.9887
01119500,dist_index,22
01121000,drainage_area,70.25372
01121000,elev,198.1236
01121000,slope,6.037301
01121000,soil_perm,4.147134
01121000,soil_awc,0.1274658
01121000,twi,11.46745
01121000,dist_index,12
01122500,drainage_area,1048.47
01122500,elev,189.4093
01122500,slope,6.009691
01122500,soil_perm,4.842443
01122500,soil_awc,0.1238577
01122500,twi,11.83741
01122500,dist_index,25
01123000,drainage_area,77.85271
01123000,elev,154.3268
01123000,slope,5.144693
01123000,soil_perm,4.726579
01123000,soil_awc,0.1248781
01123000,twi,12.27652
01123000,dist_index,9
01127500,drainage_area,230.7345
01127500,elev,124.0089
01127500,slope,4.870491
01127500,soil_perm,4.543349
01127500,soil_awc,0.1268497
01127500,twi,12.01978
01127500,dist_index,15
01134500,drainage_area,195.1299
01134500,elev,542.2699
01134500,slope,12.56488
01134500,soil_perm,2.363926
01134500,soil_awc,0.16526
01134500,twi,10.87657
01134500,dist_index,3
01135500,drainage_area,1124.902
01135500,elev,440.7566
01135500,slope,11.75142
01135500,soil_perm,2.254216
01135500,soil_awc,0.143232
01135500,twi,10.91439
01135500,dist_index,12
01137500,drainage_area,228.5543
01137500,elev,754.4667
01137500,slope,19.20069
01137500,soil_perm,4.288161
01137500,soil_awc,0.1792346
01137500,twi,10.18698
01137500,dist_index,6
01139000,drainage_area,246.3333
01139000,elev,415.5734
01139000,slope,11.24645
01139000,soil_perm,2.535824
01139000,soil_awc,0.1450566
01139000,twi,11.05391
01139000,dist_index,14
01139800,drainage_area,22.7997
01139800,elev,550.201
01139800,slope,18.02985
01139800,soil_perm,2.680574
01139800,soil_awc,0.1346056
01139800,twi,9.666928
01139800,dist_index,5
01142500,drainage_area,82.16668
01142500,elev,414.5983
01142500,slope,14.92847
01142500,soil_perm,2.340502
01142500,soil_awc,0.1379052
01142500,twi,10.58101
01142500,dist_index,8
01162000,drainage_area,212.6241
01162000,elev,339.9248
01162000,slope,4.605906
01162000,soil_perm,4.303648
01162000,soil_awc,0.1070967
01162000,twi,12.17893
01162000,dist_index,24
01162500,drainage_area,49.70559
01162500,elev,332.8871
01162500,slope,4.897224
01162500,soil_perm,3.7572
01162500,soil_awc,0.1075614
01162500,twi,11.99094
01162500,dist_index,8
01163200,drainage_area,88.44967
01163200,elev,327.6957
01163200,slope,4.176903
01163200,soil_perm,3.573246
01163200,soil_awc,0.11113
01163200,twi,12.37885
01163200,dist_index,28
01166500,drainage_area,965.4553
01166500,elev,298.3233
01166500,slope,6.265597
01166500,soil_perm,5.043206
01166500,soil_awc,0.1080749
01166500,twi,12.07512
01166500,dist_index,22
01169000,drainage_area,230.6412
01169000,elev,432.1284
01169000,slope,12.3626
01169000,soil_perm,2.366407
01169000,soil_awc,0.1344879
01169000,twi,10.96488
01169000,dist_index,19
01169900,drainage_area,62.30875
01169900,elev,341.3944
01169900,slope,11.99904
01169900,soil_perm,2.672335
01169900,soil_awc,0.1364359
01169900,twi,10.56278
01169900,dist_index,9
01170100,drainage_area,106.9924
01170100,elev,410.86
01170100,slope,13.63876
01170100,soil_perm,2.901625
01170100,soil_awc,0.1371145
01170100,twi,11.24349
01170100,dist_index,11
01173500,drainage_area,510.3333
01173500,elev,269.8927
01173500,slope,5.986811
01173500,soil_perm,3.730993
01173500,soil_awc,0.1304542
01173500,twi,11.87476
01173500,dist_index,31
01174500,drainage_area,113.0355
01174500,elev,282.5014
01174500,slope,6.476802
01174500,soil_perm,4.32919
01174500,soil_awc,0.1122234
01174500,twi,11.71396
01174500,dist_index,11
01175670,drainage_area,23.9517
01175670,elev,265.3468
01175670,slope,6.076731
01175670,soil_perm,4.967591
01175670,soil_awc,0.1347261
01175670,twi,11.77004
01175670,dist_index,14
01176000,drainage_area,387.1593
01176000,elev,246.4669
01176000,slope,6.086501
01176000,soil_perm,4.47891
01176000,soil_awc,0.1370218
01176000,twi,12.17565
01176000,dist_index,26
01181000,drainage_area,243.495
01181000,elev,433.2646
01181000,slope,11.21806
01181000,soil_perm,2.444517
01181000,soil_awc,0.1260045
01181000,twi,10.99407
01181000,dist_index,12
01183500,drainage_area,1292.801
01183500,elev,359.1899
01183500,slope,9.491315
01183500,soil_perm,3.573973
01183500,soil_awc,0.1249621
01183500,twi,11.36023
01183500,dist_index,25
01184100,drainage_area,24.64571
01184100,elev,75.38389
01184100,slope,4.604953
01184100,soil_perm,5.598965
01184100,soil_awc,0.1334969
01184100,twi,11.18345
01184100,dist_index,11
01185500,drainage_area,237.4254
01185500,elev,449.9087
01185500,slope,7.743125
01185500,soil_perm,2.301226
01185500,soil_awc,0.1236189
01185500,twi,11.28777
01185500,dist_index,20
01186500,drainage_area,221.4873
01186500,elev,367.1096
01186500,slope,9.003024
01186500,soil_perm,4.206918
01186500,soil_awc,0.1246417
01186500,twi,11.44623
01186500,dist_index,26
01187300,drainage_area,53.919
01187300,elev,391.179
01187300,slope,6.954495
01187300,soil_perm,2.753969
01187300,soil_awc,0.1251637
01187300,twi,10.84329
01187300,dist_index,8
01188000,drainage_area,10.6235
01188000,elev,279.7993
01188000,slope,4.219075
01188000,soil_perm,6.12321
01188000,soil_awc,0.1177938
01188000,twi,10.43221
01188000,dist_index,12
01192883,drainage_area,77.8588
01192883,elev,105.0179
01192883,slope,6.888032
01192883,soil_perm,3.562758
01192883,soil_awc,0.1499274
01192883,twi,11.66928
01192883,dist_index,17
01193500,drainage_area,271.2563
01193500,elev,147.3572
01193500,slope,5.987218
01193500,soil_perm,4.149257
01193500,soil_awc,0.1272234
01193500,twi,12.53873
01193500,dist_index,13
01197000,drainage_area,149.5539
01197000,elev,507.1808
01197000,slope,7
01197000,soil_perm,3.121187
01197000,soil_awc,0.1192625
01197000,twi,11.00921
01197000,dist_index,23
01197500,drainage_area,732.8628
01197500,elev,428.6595
01197500,slope,9.454358
01197500,soil_perm,3.142461
01197500,soil_awc,0.1283873
01197500,twi,11.41934
01197500,dist_index,24
01199000,drainage_area,1643.036
01199000,elev,380.48630000000003
01199000,slope,9.720717
01199000,soil_perm,3.546916
01199000,soil_awc,0.1266174
01199000,twi,11.66271
01199000,dist_index,24
01199050,drainage_area,76.0986
01199050,elev,354.5066
01199050,slope,10.14879
01199050,soil_perm,3.882283
01199050,soil_awc,0.1186713
01199050,twi,11.03577
01199050,dist_index,19
01200500,drainage_area,2583.356
01200500,elev,341.358
01200500,slope,10.33596
01200500,soil_perm,3.76214
01200500,soil_awc,0.125043
01200500,twi,11.48711
01200500,dist_index,20
01208873,drainage_area,26.03027
01208873,elev,76.9642
01208873,slope,3.385353
01208873,soil_perm,4.881606
01208873,soil_awc,0.123322
01208873,twi,11.39048
01208873,dist_index,19
01208950,drainage_area,19.2393
01208950,elev,69.72985
01208950,slope,3.411059
01208950,soil_perm,6.439823
01208950,soil_awc,0.1152131
01208950,twi,11.61281
01208950,dist_index,14
01208990,drainage_area,53.77249
01208990,elev,174.4889
01208990,slope,8.075706
01208990,soil_perm,4.488978
01208990,soil_awc,0.1253328
01208990,twi,11.69532
01208990,dist_index,12
01209700,drainage_area,77.0724
01209700,elev,144.359
01209700,slope,5.711022
01209700,soil_perm,4.798208
01209700,soil_awc,0.1276473
01209700,twi,12.34534
01209700,dist_index,18
01303500,drainage_area,19.0377
01303500,elev,64.15553
01303500,slope,3.930184
01303500,soil_perm,6.458663
01303500,soil_awc,0.06804439
01303500,twi,10.7612
01303500,dist_index,16
01304500,drainage_area,192.3507
01304500,elev,23.34652
01304500,slope,1.133257
01304500,soil_perm,14.41841
01304500,soil_awc,0.06438286
01304500,twi,13.29459
01304500,dist_index,17
01305000,drainage_area,190.2237
01305000,elev,36.07819
01305000,slope,1.13746
01305000,soil_perm,13.48765
01305000,soil_awc,0.06384021
01305000,twi,13.1101
01305000,dist_index,14
01305500,drainage_area,21.29928
01305500,elev,25.88455
01305500,slope,0.7028169
01305500,soil_perm,11.75899
01305500,soil_awc,0.0756388
01305500,twi,12.81575
01305500,dist_index,15
01306460,drainage_area,55.7127
01306460,elev,28.2422
01306460,slope,1.133597
01306460,soil_perm,11.26399
01306460,soil_awc,0.07426716
01306460,twi,13.42798
01306460,dist_index,16
01306500,drainage_area,72.1854
01306500,elev,25.99869
01306500,slope,0.94653
01306500,soil_perm,11.28761
01306500,soil_awc,0.0751855
01306500,twi,13.40878
01306500,dist_index,15
01308000,drainage_area,58.2192
01308000,elev,43.71415
01308000,slope,1.143299
01308000,soil_perm,11.26448
01308000,soil_awc,0.07512532
01308000,twi,12.98788
01308000,dist_index,16
01308500,drainage_area,94.33336
01308500,elev,41.98331
01308500,slope,1.671085
01308500,soil_perm,12.42547
01308500,soil_awc,0.06847854
01308500,twi,12.67924
01308500,dist_index,17
01311500,drainage_area,18.0594
01311500,elev,13.05671
01311500,slope,0.3300166
01311500,soil_perm,8.210187
01311500,soil_awc,0.08454849
01311500,twi,14.12635
01311500,dist_index,22
01331500,drainage_area,121.0464
01331500,elev,472.1826
01331500,slope,12.83088
01331500,soil_perm,3.442436
01331500,soil_awc,0.1332323
01331500,twi,10.70692
01331500,dist_index,8
01332500,drainage_area,328.3083
01332500,elev,489.4011
01332500,slope,14.87474
01332500,soil_perm,3.109702
01332500,soil_awc,0.1408795
01332500,twi,10.7035
01332500,dist_index,18
01333000,drainage_area,112.1643
01333000,elev,478.4512
01333000,slope,21.11296
01333000,soil_perm,2.630736
01333000,soil_awc,0.1242783
01333000,twi,10.73029
01333000,dist_index,7
01334000,drainage_area,299.5632
01334000,elev,488.8596
01334000,slope,13.20862
01334000,soil_perm,2.700659
01334000,soil_awc,0.1535095
01334000,twi,10.70688
01334000,dist_index,18
01334500,drainage_area,1324.343
01334500,elev,430.132
01334500,slope,15.42819
01334500,soil_perm,2.896786
01334500,soil_awc,0.1318782
01334500,twi,10.65482
01334500,dist_index,18
01350000,drainage_area,612.5148
01350000,elev,651.9744
01350000,slope,18.3504
01350000,soil_perm,1.591889
01350000,soil_awc,0.1046102
01350000,twi,10.55584
01350000,dist_index,17
01350120,drainage_area,29.4678
01350120,elev,563.8251
01350120,slope,9.230769
01350120,soil_perm,1.20847
01350120,soil_awc,0.1148401
01350120,twi,10.82668
01350120,dist_index,12
01350140,drainage_area,43.7598
01350140,elev,572.4117
01350140,slope,11.84842
01350140,soil_perm,1.249669
01350140,soil_awc,0.1182393
01350140,twi,10.5634
01350140,dist_index,15
01350180,drainage_area,928.5067
01350180,elev,617.2198
01350180,slope,16.68135
01350180,soil_perm,1.476658
01350180,soil_awc,0.1076117
01350180,twi,10.54216
01350180,dist_index,20
01350355,drainage_area,1153.139
01350355,elev,600.2435
01350355,slope,15.89067
01350355,soil_perm,1.493195
01350355,soil_awc,0.1106194
01350355,twi,10.48225
01350355,dist_index,20
01351500,drainage_area,2320.989
01351500,elev,499.355
01351500,slope,13.3195
01351500,soil_perm,1.478197
01351500,soil_awc,0.1223532
01351500,twi,10.74696
01351500,dist_index,22
01357500,drainage_area,9113.444
01357500,elev,379.775
01357500,slope,7.858254
01357500,soil_perm,2.594026
01357500,soil_awc,0.1296469
01357500,twi,11.25435
01357500,dist_index,23
01362200,drainage_area,169.1902
01362200,elev,675.5042
01362200,slope,28.01414
01362200,soil_perm,1.431332
01362200,soil_awc,0.09650864
01362200,twi,9.973702
01362200,dist_index,15
01362500,drainage_area,493.1622
01362500,elev,600.5049
01362500,slope,27.71744
01362500,soil_perm,1.593848
01362500,soil_awc,0.09664188
01362500,twi,10.24272
01362500,dist_index,13
01365000,drainage_area,99.5688
01365000,elev,628.8352
01365000,slope,24.10107
01365000,soil_perm,1.191851
01365000,soil_awc,0.09695515
01365000,twi,10.14976
01365000,dist_index,8
01377500,drainage_area,73.6038
01377500,elev,87.94839
01377500,slope,3.692778
01377500,soil_perm,4.800781
01377500,soil_awc,0.1318647
01377500,twi,11.7005
01377500,dist_index,23
01378500,drainage_area,300.3462
01378500,elev,61.59075
01378500,slope,3.883005
01378500,soil_perm,4.893351
01378500,soil_awc,0.1325095
01378500,twi,12.413
01378500,dist_index,27
01379530,drainage_area,29.9142
01379530,elev,115.3276
01379530,slope,3.915744
01379530,soil_perm,1.034462
01379530,soil_awc,0.11448
01379530,twi,11.33202
01379530,dist_index,17
01381000,drainage_area,314.3538
01381000,elev,244.8705
01381000,slope,7.875748
01381000,soil_perm,3.73597
01381000,soil_awc,0.07936369
01381000,twi,11.77387
01381000,dist_index,21
01381500,drainage_area,76.87424
01381500,elev,169.9057
01381500,slope,7.535868
01381500,soil_perm,5.575752
01381500,soil_awc,0.1024148
01381500,twi,11.5866
01381500,dist_index,21
01381900,drainage_area,907.8039
01381900,elev,152.2766
01381900,slope,5.261306
01381900,soil_perm,3.426759
01381900,soil_awc,0.1085697
01381900,twi,12.52072
01381900,dist_index,30
01383500,drainage_area,75.3111
01383500,elev,273.9959
01383500,slope,10.71601
01383500,soil_perm,1.998357
01383500,soil_awc,0.1061355
01383500,twi,11.62
01383500,dist_index,21
01387400,drainage_area,231.6789
01387400,elev,248.4701
01387400,slope,11.38742
01387400,soil_perm,3.3011
01387400,soil_awc,0.1146576
01387400,twi,11.52367
01387400,dist_index,22
01387420,drainage_area,247.6512
01387420,elev,246.4612
01387420,slope,11.61187
01387420,soil_perm,3.395921
01387420,soil_awc,0.1139408
01387420,twi,11.47838
01387420,dist_index,21
01388000,drainage_area,420.579
01388000,elev,209.3638
01388000,slope,10.24818
01388000,soil_perm,3.818361
01388000,soil_awc,0.1152898
01388000,twi,11.58339
01388000,dist_index,25
01390500,drainage_area,57.50443
01390500,elev,107.8536
01390500,slope,4.526325
01390500,soil_perm,3.925589
01390500,soil_awc,0.1414303
01390500,twi,11.68295
01390500,dist_index,18
01391500,drainage_area,146.4624
01391500,elev,79.69479
01391500,slope,3.100908
01391500,soil_perm,5.437422
01391500,soil_awc,0.1275651
01391500,twi,12.34476
01391500,dist_index,22
01393450,drainage_area,45.5382
01393450,elev,38.04117
01393450,slope,1.541621
01393450,soil_perm,1.298763
01393450,soil_awc,0.1138007
01393450,twi,12.51624
01393450,dist_index,21
01394500,drainage_area,67.09879
01394500,elev,87.03838
01394500,slope,5.127124
01394500,soil_perm,1.048444
01394500,soil_awc,0.1146616
01394500,twi,11.81348
01394500,dist_index,20
01395000,drainage_area,107.8884
01395000,elev,66.79955
01395000,slope,3.825389
01395000,soil_perm,1.026154
01395000,soil_awc,0.1143721
01395000,twi,12.35078
01395000,dist_index,20
01396500,drainage_area,162.5247
01396500,elev,254.285
01396500,slope,7.121699
01396500,soil_perm,4.215939
01396500,soil_awc,0.1152921
01396500,twi,11.81251
01396500,dist_index,15
01396582,drainage_area,32.0868
01396582,elev,231.9522
01396582,slope,6.482812
01396582,soil_perm,5.0895
01396582,soil_awc,0.1005
01396582,twi,10.81082
01396582,dist_index,16
01396660,drainage_area,30.44061
01396660,elev,178.6305
01396660,slope,7.031199
01396660,soil_perm,5.46846
01396660,soil_awc,0.103785
01396660,twi,10.69838
01396660,dist_index,14
01398000,drainage_area,65.97871
01398000,elev,82.10831
01398000,slope,3.305105
01398000,soil_perm,2.205778
01398000,soil_awc,0.1354378
01398000,twi,12.32997
01398000,dist_index,15
01398500,drainage_area,68.9211
01398500,elev,197.8753
01398500,slope,7.814369
01398500,soil_perm,4.583189
01398500,soil_awc,0.1113001
01398500,twi,11.50651
01398500,dist_index,21
01399500,drainage_area,83.48874
01399500,elev,233.6725
01399500,slope,5.788072
01399500,soil_perm,5.406548
01399500,soil_awc,0.1103169
01399500,twi,11.94577
01399500,dist_index,17
01400000,drainage_area,485.0956
01400000,elev,139.4241
01400000,slope,5.854374
01400000,soil_perm,4.131988
01400000,soil_awc,0.1153445
01400000,twi,11.90868
01400000,dist_index,20
01401000,drainage_area,115.1827
01401000,elev,76.6099
01401000,slope,3.060564
01401000,soil_perm,1.631784
01401000,soil_awc,0.1386802
01401000,twi,12.00402
01401000,dist_index,25
01401650,drainage_area,13.2858
01401650,elev,46.3106
01401650,slope,2.867316
01401650,soil_perm,2.268144
01401650,soil_awc,0.1268263
01401650,twi,12.34567
01401650,dist_index,14
01402000,drainage_area,670.3794
01402000,elev,47.808839999999996
01402000,slope,1.860869
01402000,soil_perm,4.443463
01402000,soil_awc,0.1233989
01402000,twi,13.04269
01402000,dist_index,30
01403150,drainage_area,5.0409
01403150,elev,104.5615
01403150,slope,5.526946
01403150,soil_perm,1.908659
01403150,soil_awc,0.1270415
01403150,twi,12.03195
01403150,dist_index,16
01403400,drainage_area,16.3035
01403400,elev,116.9101
01403400,slope,7.369419
01403400,soil_perm,1.633888
01403400,soil_awc,0.1249849
01403400,twi,9.971317
01403400,dist_index,15
01403540,drainage_area,14.1219
01403540,elev,110.7558
01403540,slope,8.485451
01403540,soil_perm,1.39206
01403540,soil_awc,0.1346962
01403540,twi,10.24893
01403540,dist_index,16
01405400,drainage_area,100.7847
01405400,elev,34.6131
01405400,slope,1.490574
01405400,soil_perm,7.128154
01405400,soil_awc,0.1185656
01405400,twi,13.35517
01405400,dist_index,15
01407500,drainage_area,127.494
01407500,elev,38.3353
01407500,slope,2.570174
01407500,soil_perm,6.708009
01407500,soil_awc,0.1232245
01407500,twi,12.65327
01407500,dist_index,26
01407705,drainage_area,24.9957
01407705,elev,28.63987
01407705,slope,2.017978
01407705,soil_perm,11.33793
01407705,soil_awc,0.08703391
01407705,twi,13.34287
01407705,dist_index,26
01407760,drainage_area,16.254
01407760,elev,30.91755
01407760,slope,1.539555
01407760,soil_perm,11.04191
01407760,soil_awc,0.08916401
01407760,twi,12.236
01407760,dist_index,16
01408000,drainage_area,114.1338
01408000,elev,34.27927
01408000,slope,1.038633
01408000,soil_perm,8.099468
01408000,soil_awc,0.1084008
01408000,twi,13.19937
01408000,dist_index,24
01408120,drainage_area,91.2879
01408120,elev,28.71961
01408120,slope,1.062719
01408120,soil_perm,11.04451
01408120,soil_awc,0.08916517
01408120,twi,12.77681
01408120,dist_index,14
01408500,drainage_area,318.7953
01408500,elev,32.640860000000004
01408500,slope,0.8026481
01408500,soil_perm,10.90992
01408500,soil_awc,0.09488951
01408500,twi,13.36014
01408500,dist_index,17
01409400,drainage_area,116.244
01409400,elev,23.08401
01409400,slope,0.1412595
01409400,soil_perm,11.06673
01409400,soil_awc,0.09370549
01409400,twi,13.71233
01409400,dist_index,16
01410000,drainage_area,185.2785
01410000,elev,33.12108
01410000,slope,0.7439715
01410000,soil_perm,10.46566
01410000,soil_awc,0.09547567
01410000,twi,12.9786
01410000,dist_index,12
01410150,drainage_area,35.2665
01410150,elev,15.11014
01410150,slope,0.7382779
01410150,soil_perm,10.51751
01410150,soil_awc,0.08830529
01410150,twi,13.26518
01410150,dist_index,14
01411000,drainage_area,145.1837
01411000,elev,37.84781
01411000,slope,0.3943943
01411000,soil_perm,8.862139
01411000,soil_awc,0.104017
01411000,twi,13.28664
01411000,dist_index,17
01411300,drainage_area,79.3179
01411300,elev,16.16882
01411300,slope,0.2630251
01411300,soil_perm,8.13199
01411300,soil_awc,0.1060793
01411300,twi,13.32178
01411300,dist_index,11
01413500,drainage_area,424.1025
01413500,elev,666.2776
01413500,slope,20.51907
01413500,soil_perm,1.284843
01413500,soil_awc,0.1011
01413500,twi,10.84005
01413500,dist_index,11
01414500,drainage_area,64.4517
01414500,elev,715.3685
01414500,slope,22.62283
01414500,soil_perm,1.227331
01414500,soil_awc,0.1022677
01414500,twi,10.0296
01414500,dist_index,9
01415000,drainage_area,85.6287
01415000,elev,609.905
01415000,slope,18.33937
01415000,soil_perm,1.226223
01415000,soil_awc,0.1016903
01415000,twi,10.57272
01415000,dist_index,15
01420500,drainage_area,627.0471
01420500,elev,647.8768
01420500,slope,15.03294
01420500,soil_perm,1.444157
01420500,soil_awc,0.1026898
01420500,twi,10.9042
01420500,dist_index,19
01427510,drainage_area,4724.998
01427510,elev,555.7792
01427510,slope,16.58453
01427510,soil_perm,1.366158
01427510,soil_awc,0.1012404
01427510,twi,10.9638
01427510,dist_index,23
01428500,drainage_area,5242.786
01428500,elev,536.0481
01428500,slope,15.82033
01428500,soil_perm,1.344918
01428500,soil_awc,0.1016566
01428500,twi,11.0647
01428500,dist_index,22
01435000,drainage_area,172.458
01435000,elev,769.077
01435000,slope,19.80408
01435000,soil_perm,1.177162
01435000,soil_awc,0.09604773
01435000,twi,10.47985
01435000,dist_index,13
01437500,drainage_area,793.9593
01437500,elev,481.7377
01437500,slope,11.09558
01437500,soil_perm,1.53789
01437500,soil_awc,0.1010891
01437500,twi,11.29686
01437500,dist_index,25
01439500,drainage_area,305.8776
01439500,elev,387.0371
01439500,slope,6.029912
01439500,soil_perm,1.678249
01439500,soil_awc,0.1115916
01439500,twi,11.91999
01439500,dist_index,9
01440000,drainage_area,167.7204
01440000,elev,274.448
01440000,slope,9.35299
01440000,soil_perm,2.907287
01440000,soil_awc,0.1111622
01440000,twi,11.20196
01440000,dist_index,11
01440400,drainage_area,175.2084
01440400,elev,420.0294
01440400,slope,7.645776
01440400,soil_perm,1.172887
01440400,soil_awc,0.1083851
01440400,twi,11.00616
01440400,dist_index,17
01442500,drainage_area,677.5605
01442500,elev,344.7365
01442500,slope,7.649423
01442500,soil_perm,2.11876
01442500,soil_awc,0.1111467
01442500,twi,11.53157
01442500,dist_index,24
01447500,drainage_area,240.1902
01447500,elev,555.8969
01447500,slope,3.928628
01447500,soil_perm,1.716418
01447500,soil_awc,0.1152659
01447500,twi,12.01221
01447500,dist_index,13
01447680,drainage_area,51.7338
01447680,elev,571.8384
01447680,slope,1.733707
01447680,soil_perm,1.760266
01447680,soil_awc,0.1202726
01447680,twi,12.01923
01447680,dist_index,9
01447720,drainage_area,308.1267
01447720,elev,564.2985
01447720,slope,2.826135
01447720,soil_perm,1.479304
01447720,soil_awc,0.1215784
01447720,twi,12.19336
01447720,dist_index,18
01447800,drainage_area,752.6691
01447800,elev,555.5118
01447800,slope,4.129147
01447800,soil_perm,1.59296
01447800,soil_awc,0.1163545
01447800,twi,11.91796
01447800,dist_index,18
01449360,drainage_area,129.4857
01449360,elev,321.6715
01449360,slope,7.154393
01449360,soil_perm,4.113267
01449360,soil_awc,0.1031429
01449360,twi,11.85896
01449360,dist_index,14
01450500,drainage_area,198.1143
01450500,elev,263.5127
01450500,slope,12.5971
01450500,soil_perm,4.321888
01450500,soil_awc,0.1025664
01450500,twi,11.18965
01450500,dist_index,20
01451000,drainage_area,2297.016
01451000,elev,425.99
01451000,slope,7.892596
01451000,soil_perm,3.50108
01451000,soil_awc,0.1060902
01451000,twi,11.49579
01451000,dist_index,29
01451500,drainage_area,212.0562
01451500,elev,161.2183
01451500,slope,4.847423
01451500,soil_perm,2.269116
01451500,soil_awc,0.1415261
01451500,twi,12.74593
01451500,dist_index,15
01451800,drainage_area,135.8448
01451800,elev,204.3229
01451800,slope,7.615916
01451800,soil_perm,3.181146
01451800,soil_awc,0.09214156
01451800,twi,12.0914
01451800,dist_index,14
01452000,drainage_area,196.5627
01452000,elev,188.2282
01452000,slope,7.493159
01452000,soil_perm,2.999529
01452000,soil_awc,0.1019624
01452000,twi,12.264
01452000,dist_index,20
01452500,drainage_area,112.041
01452500,elev,149.428
01452500,slope,3.927291
01452500,soil_perm,2.442254
01452500,soil_awc,0.1334671
01452500,twi,12.73902
01452500,dist_index,21
01464000,drainage_area,233.0451
01464000,elev,31.93003
01464000,slope,0.9892685
01464000,soil_perm,6.287151
01464000,soil_awc,0.1184147
01464000,twi,13.4094
01464000,dist_index,39
01464500,drainage_area,200.8458
01464500,elev,35.03579
01464500,slope,1.256386
01464500,soil_perm,7.984608
01464500,soil_awc,0.1137726
01464500,twi,13.92123
01464500,dist_index,18
01465500,drainage_area,541.3914
01465500,elev,92.3005
01465500,slope,3.079841
01465500,soil_perm,1.419306
01465500,soil_awc,0.125218
01465500,twi,12.76089
01465500,dist_index,28
01465798,drainage_area,54.4905
01465798,elev,40.37904
01465798,slope,1.834036
01465798,soil_perm,2.884904
01465798,soil_awc,0.1556271
01465798,twi,12.23397
01465798,dist_index,23
01466500,drainage_area,5.376711
01466500,elev,43.6718
01466500,slope,0.6312849
01466500,soil_perm,11.86235
01466500,soil_awc,0.08327462
01466500,twi,11.62632
01466500,dist_index,12
01467000,drainage_area,323.5545
01467000,elev,34.25425
01467000,slope,0.4953638
01467000,soil_perm,10.61644
01467000,soil_awc,0.09624009
01467000,twi,13.3781
01467000,dist_index,20
01467048,drainage_area,129.4524
01467048,elev,70.1068
01467048,slope,3.062949
01467048,soil_perm,1.701872
01467048,soil_awc,0.130457
01467048,twi,13.16147
01467048,dist_index,21
01467081,drainage_area,23.1327
01467081,elev,18.62711
01467081,slope,0.9273984
01467081,soil_perm,5.170129
01467081,soil_awc,0.1299279
01467081,twi,12.71783
01467081,dist_index,23
01467150,drainage_area,46.98304
01467150,elev,25.53647
01467150,slope,1.435051
01467150,soil_perm,5.441282
01467150,soil_awc,0.126211
01467150,twi,12.56204
01467150,dist_index,17
01470779,drainage_area,179.1595
01470779,elev,159.1783
01470779,slope,3.752848
01470779,soil_perm,1.693501
01470779,soil_awc,0.1506353
01470779,twi,13.3226
01470779,dist_index,23
01472000,drainage_area,2971.815
01472000,elev,207.8795
01472000,slope,8.483343
01472000,soil_perm,3.470145
01472000,soil_awc,0.1125459
01472000,twi,11.86407
01472000,dist_index,29
01472157,drainage_area,152.29
01472157,elev,160.4229
01472157,slope,7.326525
01472157,soil_perm,1.947574
01472157,soil_awc,0.1275455
01472157,twi,11.87677
01472157,dist_index,16
01472198,drainage_area,97.51591
01472198,elev,188.8162
01472198,slope,7.588169
01472198,soil_perm,1.736507
01472198,soil_awc,0.1255077
01472198,twi,11.72116
01472198,dist_index,13
01472199,drainage_area,60.7572
01472199,elev,206.5161
01472199,slope,7.012667
01472199,soil_perm,1.609016
01472199,soil_awc,0.1277888
01472199,twi,11.40652
01472199,dist_index,13
01473000,drainage_area,721.4031
01473000,elev,141.8178
01473000,slope,5.042097
01473000,soil_perm,1.432635
01473000,soil_awc,0.1246838
01473000,twi,12.51018
01473000,dist_index,23
01474000,drainage_area,164.988
01474000,elev,85.94666
01474000,slope,3.645965
01474000,soil_perm,1.525653
01474000,soil_awc,0.1338591
01474000,twi,12.67693
01474000,dist_index,23
01475850,drainage_area,40.9815
01475850,elev,127.1133
01475850,slope,4.301781
01475850,soil_perm,1.016516
01475850,soil_awc,0.1327977
01475850,twi,12.60843
01475850,dist_index,18
01477000,drainage_area,156.9942
01477000,elev,102.5532
01477000,slope,4.982046
01477000,soil_perm,1.2049
01477000,soil_awc,0.1322272
01477000,twi,12.32492
01477000,dist_index,24
01477120,drainage_area,67.43215
01477120,elev,30.78185
01477120,slope,1.519579
01477120,soil_perm,5.912803
01477120,soil_awc,0.1222265
01477120,twi,15.86898
01477120,dist_index,16
01477800,drainage_area,18.9459
01477800,elev,82.8591
01477800,slope,2.320465
01477800,soil_perm,1.505734
01477800,soil_awc,0.1434124
01477800,twi,11.80807
01477800,dist_index,24
01478000,drainage_area,54.01347
01478000,elev,57.31505
01478000,slope,2.721339
01478000,soil_perm,2.533175
01478000,soil_awc,0.1451757
01478000,twi,12.00917
01478000,dist_index,17
01480000,drainage_area,122.6124
01480000,elev,101.8477
01480000,slope,4.984254
01480000,soil_perm,1.565802
01480000,soil_awc,0.1321622
01480000,twi,13.00366
01480000,dist_index,28
01480300,drainage_area,47.6586
01480300,elev,220.145
01480300,slope,3.802474
01480300,soil_perm,1.842433
01480300,soil_awc,0.1252289
01480300,twi,12.09337
01480300,dist_index,15
01480617,drainage_area,143.4861
01480617,elev,191.851
01480617,slope,5.318144
01480617,soil_perm,1.407405
01480617,soil_awc,0.130807
01480617,twi,11.94163
01480617,dist_index,31
01480675,drainage_area,22.1463
01480675,elev,181.9422
01480675,slope,5.119349
01480675,soil_perm,1.572
01480675,soil_awc,0.131
01480675,twi,11.26509
01480675,dist_index,15
01480700,drainage_area,155.2095
01480700,elev,169.3289
01480700,slope,5.337674
01480700,soil_perm,1.635047
01480700,soil_awc,0.1292924
01480700,twi,12.14855
01480700,dist_index,30
01480870,drainage_area,232.1622
01480870,elev,156.4814
01480870,slope,5.546978
01480870,soil_perm,1.638912
01480870,soil_awc,0.1315081
01480870,twi,12.23349
01480870,dist_index,31
01481500,drainage_area,823.9563
01481500,elev,143.0319
01481500,slope,5.623924
01481500,soil_perm,1.498276
01481500,soil_awc,0.1325491
01481500,twi,12.27303
01481500,dist_index,28
01483200,drainage_area,10.7901
01483200,elev,18.4716
01483200,slope,0.45845
01483200,soil_perm,6.2175
01483200,soil_awc,0.1185
01483200,twi,15.15844
01483200,dist_index,14
01483700,drainage_area,80.9622
01483700,elev,15.17756
01483700,slope,0.1836483
01483700,soil_perm,5.867897
01483700,soil_awc,0.120176
01483700,twi,14.37969
01483700,dist_index,13
01484100,drainage_area,9.004751
01484100,elev,15.78024
01484100,slope,0.03003337
01484100,soil_perm,9.60278
01484100,soil_awc,0.09233248
01484100,twi,14.22912
01484100,dist_index,9
01485000,drainage_area,137.9454
01485000,elev,11.91392
01485000,slope,0.03164832
01485000,soil_perm,6.400947
01485000,soil_awc,0.1118741
01485000,twi,14.71675
01485000,dist_index,15
01485500,drainage_area,141.5394
01485500,elev,13.51658
01485500,slope,0.06301215
01485500,soil_perm,7.132702
01485500,soil_awc,0.1068821
01485500,twi,13.79373
01485500,dist_index,9
01486000,drainage_area,11.1807
01486000,elev,8.019721
01486000,slope,0.02236136
01486000,soil_perm,5.772349
01486000,soil_awc,0.1162818
01486000,twi,14.52094
01486000,dist_index,7
01493000,drainage_area,50.922
01493000,elev,17.77812
01493000,slope,0.2296079
01493000,soil_perm,5.077579
01493000,soil_awc,0.1271102
01493000,twi,14.90361
01493000,dist_index,13
01493500,drainage_area,33.02334
01493500,elev,16.87702
01493500,slope,0.453418
01493500,soil_perm,3.506029
01493500,soil_awc,0.1582436
01493500,twi,14.59266
01493500,dist_index,10
01495000,drainage_area,138.1707
01495000,elev,123.8311
01495000,slope,4.561609
01495000,soil_perm,1.630037
01495000,soil_awc,0.132917
01495000,twi,12.22306
01495000,dist_index,15
01516350,drainage_area,395.1621
01516350,elev,570.121
01516350,slope,9.965414
01516350,soil_perm,1.420176
01516350,soil_awc,0.1211295
01516350,twi,11.14788
01516350,dist_index,7
01516500,drainage_area,31.4838
01516500,elev,536.0077
01516500,slope,11.5054
01516500,soil_perm,1.111856
01516500,soil_awc,0.1162942
01516500,twi,10.80189
01516500,dist_index,9
01521500,drainage_area,79.7373
01521500,elev,553.1973
01521500,slope,9.304953
01521500,soil_perm,1.946137
01521500,soil_awc,0.129863
01521500,twi,10.76346
01521500,dist_index,12
01523500,drainage_area,151.6824
01523500,elev,563.7721
01523500,slope,11.51833
01523500,soil_perm,2.356894
01523500,soil_awc,0.1267148
01523500,twi,10.89692
01523500,dist_index,19
01524500,drainage_area,407.664
01524500,elev,528.3409
01524500,slope,9.90908
01524500,soil_perm,2.540294
01524500,soil_awc,0.1263518
01524500,twi,11.13364
01524500,dist_index,24
01534300,drainage_area,98.5212
01534300,elev,590.5876
01534300,slope,7.606842
01534300,soil_perm,1.192923
01534300,soil_awc,0.1099645
01534300,twi,11.55253
01534300,dist_index,18
01534500,drainage_area,281.8395
01534500,elev,526.958
01534500,slope,8.849355
01534500,soil_perm,3.496798
01534500,soil_awc,0.09455936
01534500,twi,11.13847
01534500,dist_index,26
01536000,drainage_area,863.1477
01536000,elev,469.2285
01536000,slope,9.004239
01536000,soil_perm,3.494785
01536000,soil_awc,0.0971221
01536000,twi,11.02808
01536000,dist_index,26
01538000,drainage_area,103.0518
01538000,elev,408.0878
01538000,slope,8.119651
01538000,soil_perm,1.567731
01538000,soil_awc,0.1065897
01538000,twi,11.15375
01538000,dist_index,21
01539000,drainage_area,701.7795
01539000,elev,401.7072
01539000,slope,12.72914
01539000,soil_perm,1.860721
01539000,soil_awc,0.1107935
01539000,twi,11.24826
01539000,dist_index,13
01542810,drainage_area,13.6242
01542810,elev,561.2932
01542810,slope,19.88439
01542810,soil_perm,3.075989
01542810,soil_awc,0.1048126
01542810,twi,11.62008
01542810,dist_index,4
01544500,drainage_area,355.0644
01544500,elev,576.1971
01544500,slope,21.14914
01544500,soil_perm,4.008705
01544500,soil_awc,0.1052523
01544500,twi,11.66036
01544500,dist_index,5
01545000,drainage_area,604.3059
01545000,elev,546.6127
01545000,slope,21.72099
01545000,soil_perm,5.524252
01545000,soil_awc,0.1019374
01545000,twi,11.74875
01545000,dist_index,15
01545600,drainage_area,119.9975
01545600,elev,554.6959
01545600,slope,18.3053
01545600,soil_perm,7.012067
01545600,soil_awc,0.09744055
01545600,twi,11.65182
01545600,dist_index,5
01546500,drainage_area,223.6851
01546500,elev,388.2576
01546500,slope,7.493519
01546500,soil_perm,3.177241
01546500,soil_awc,0.1427755
01546500,twi,12.58596
01546500,dist_index,16
01547100,drainage_area,377.3214
01547100,elev,381.7223
01547100,slope,8.564154
01547100,soil_perm,3.322638
01547100,soil_awc,0.1414813
01547100,twi,12.10988
01547100,dist_index,22
01547200,drainage_area,694.2744
01547200,elev,399.8553
01547200,slope,12.44977
01547200,soil_perm,4.011489
01547200,soil_awc,0.1216706
01547200,twi,11.72435
01547200,dist_index,19
01547700,drainage_area,113.5386
01547700,elev,395.7114
01547700,slope,17.78521
01547700,soil_perm,4.490011
01547700,soil_awc,0.1021662
01547700,twi,10.44886
01547700,dist_index,8
01549500,drainage_area,97.4853
01549500,elev,538.1625
01549500,slope,17.53053
01549500,soil_perm,1.103749
01549500,soil_awc,0.1072773
01549500,twi,11.71039
01549500,dist_index,7
01552500,drainage_area,60.6384
01552500,elev,562.562
01552500,slope,15.67073
01552500,soil_perm,0.9881344
01552500,soil_awc,0.1084305
01552500,twi,11.36157
01552500,dist_index,6
01557500,drainage_area,115.2963
01557500,elev,496.5623
01557500,slope,14.58786
01557500,soil_perm,5.156967
01557500,soil_awc,0.09834676
01557500,twi,10.61878
01557500,dist_index,7
01558000,drainage_area,572.5287
01558000,elev,477.1758
01558000,slope,13.81373
01558000,soil_perm,5.117867
01558000,soil_awc,0.1073108
01558000,twi,10.92634
01558000,dist_index,19
01559000,drainage_area,2111.3
01559000,elev,431.5975
01559000,slope,12.80331
01559000,soil_perm,4.556963
01559000,soil_awc,0.1136079
01559000,twi,11.38732
01559000,dist_index,19
01567500,drainage_area,38.7729
01567500,elev,273.3712
01567500,slope,10.56361
01567500,soil_perm,2.398556
01567500,soil_awc,0.1186816
01567500,twi,11.13704
01567500,dist_index,9
01568000,drainage_area,534.3948
01568000,elev,304.74
01568000,slope,13.36452
01568000,soil_perm,4.97766
01568000,soil_awc,0.1039496
01568000,twi,11.54643
01568000,dist_index,9
01574000,drainage_area,1326.206
01574000,elev,189.6531
01574000,slope,4.751109
01574000,soil_perm,1.931012
01574000,soil_awc,0.1201103
01574000,twi,12.43449
01574000,dist_index,28
01576500,drainage_area,837.2034
01576500,elev,157.4276
01576500,slope,5.298436
01576500,soil_perm,1.973549
01576500,soil_awc,0.1366596
01576500,twi,12.68936
01576500,dist_index,25
01580000,drainage_area,244.3698
01580000,elev,196.11
01580000,slope,6.260132
01580000,soil_perm,1.786549
01580000,soil_awc,0.1388931
01580000,twi,11.81972
01580000,dist_index,20
01581700,drainage_area,90.0522
01581700,elev,156.8889
01581700,slope,4.81996
01581700,soil_perm,1.741372
01581700,soil_awc,0.1432223
01581700,twi,11.71921
01581700,dist_index,19
01582000,drainage_area,139.1994
01582000,elev,204.0366
01582000,slope,6.43166
01582000,soil_perm,1.817105
01582000,soil_awc,0.1400172
01582000,twi,12.01125
01582000,dist_index,14
01582500,drainage_area,413.7579
01582500,elev,210.5211
01582500,slope,6.786284
01582500,soil_perm,1.81882
01582500,soil_awc,0.1379246
01582500,twi,12.18093
01582500,dist_index,17
01583500,drainage_area,155.8494
01583500,elev,172.2228
01583500,slope,5.776595
01583500,soil_perm,1.8831039999999999
01583500,soil_awc,0.1430565
01583500,twi,11.97352
01583500,dist_index,15
01584050,drainage_area,24.0714
01584050,elev,124.119
01584050,slope,4.511435
01584050,soil_perm,1.838723
01584050,soil_awc,0.1419976
01584050,twi,12.52062
01584050,dist_index,15
01585100,drainage_area,19.7199
01585100,elev,60.40363
01585100,slope,3.845958
01585100,soil_perm,3.080746
01585100,soil_awc,0.1431662
01585100,twi,11.63419
01585100,dist_index,19
01585500,drainage_area,8.415
01585500,elev,257.7144
01585500,slope,5.919144
01585500,soil_perm,2.0205
01585500,soil_awc,0.1475
01585500,twi,12.61052
01585500,dist_index,16
01586000,drainage_area,144.5121
01586000,elev,235.7474
01586000,slope,5.704669
01586000,soil_perm,1.776164
01586000,soil_awc,0.1379909
01586000,twi,11.87786
01586000,dist_index,18
01591000,drainage_area,88.9722
01591000,elev,191.8577
01591000,slope,5.181706
01591000,soil_perm,2.15946
01591000,soil_awc,0.1136066
01591000,twi,12.00926
01591000,dist_index,15
01591400,drainage_area,59.094
01591400,elev,175.7825
01591400,slope,4.032023
01591400,soil_perm,1.624637
01591400,soil_awc,0.1329365
01591400,twi,12.20319
01591400,dist_index,13
01591610,drainage_area,205.335
01591610,elev,175.1904
01591610,slope,4.580662
01591610,soil_perm,1.933267
01591610,soil_awc,0.1275111
01591610,twi,12.17049
01591610,dist_index,20
01591700,drainage_area,70.27831
01591700,elev,145.1761
01591700,slope,3.195396
01591700,soil_perm,2.0205
01591700,soil_awc,0.1475
01591700,twi,12.34298
01591700,dist_index,21
01592500,drainage_area,344.178
01592500,elev,158.9511
01592500,slope,4.423141
01592500,soil_perm,1.978836
01592500,soil_awc,0.1350573
01592500,twi,12.33803
01592500,dist_index,30
01593500,drainage_area,98.0064
01593500,elev,124.9317
01593500,slope,3.165239
01593500,soil_perm,1.641862
01593500,soil_awc,0.1320887
01593500,twi,12.15273
01593500,dist_index,24
01594440,drainage_area,906.5709
01594440,elev,116.0428
01594440,slope,3.599894
01594440,soil_perm,2.546499
01594440,soil_awc,0.1357806
01594440,twi,12.43879
01594440,dist_index,28
01596500,drainage_area,124.6505
01596500,elev,754.9298
01596500,slope,16.73048
01596500,soil_perm,5.783905
01596500,soil_awc,0.1077539
01596500,twi,10.91319
01596500,dist_index,9
01597500,drainage_area,276.0048
01597500,elev,732.2175
01597500,slope,18.94096
01597500,soil_perm,6.546845
01597500,soil_awc,0.1057946
01597500,twi,11.11779
01597500,dist_index,17
01603000,drainage_area,2267.205
01603000,elev,653.9666
01603000,slope,16.05322
01603000,soil_perm,5.062017
01603000,soil_awc,0.106035
01603000,twi,10.78632
01603000,dist_index,28
01613050,drainage_area,27.8982
01613050,elev,372.8309
01613050,slope,14.88402
01613050,soil_perm,7.041558
01613050,soil_awc,0.08989822
01613050,twi,10.5096
01613050,dist_index,7
01615000,drainage_area,149.4738
01615000,elev,223.9246
01615000,slope,3.111862
01615000,soil_perm,2.018645
01615000,soil_awc,0.1158596
01615000,twi,13.77883
01615000,dist_index,17
01616500,drainage_area,706.3537
01616500,elev,197.7894
01616500,slope,3.1851409999999998
01616500,soil_perm,1.752223
01616500,soil_awc,0.1282504
01616500,twi,13.06312
01616500,dist_index,16
01617800,drainage_area,48.39819
01617800,elev,149.6187
01617800,slope,1.866171
01617800,soil_perm,1.37932
01617800,soil_awc,0.1669539
01617800,twi,12.57364
01617800,dist_index,15
01620500,drainage_area,44.74026
01620500,elev,961.3133
01620500,slope,25.78824
01620500,soil_perm,5.12541
01620500,soil_awc,0.1081887
01620500,twi,9.761443
01620500,dist_index,5
01632900,drainage_area,245.0484
01632900,elev,424.8294
01632900,slope,9.812322
01632900,soil_perm,3.164992
01632900,soil_awc,0.1186911
01632900,twi,11.87469
01632900,dist_index,10
01633000,drainage_area,1319.035
01633000,elev,480.9161
01633000,slope,13.5832
01633000,soil_perm,3.153847
01633000,soil_awc,0.1110964
01633000,twi,11.40588
01633000,dist_index,18
01634000,drainage_area,1995.23
01634000,elev,442.5666
01634000,slope,12.76205
01634000,soil_perm,3.275842
01634000,soil_awc,0.1129804
01634000,twi,11.37711
01634000,dist_index,16
01634500,drainage_area,263.9817
01634500,elev,418.3948
01634500,slope,14.87981
01634500,soil_perm,4.443087
01634500,soil_awc,0.09896428
01634500,twi,10.88054
01634500,dist_index,8
01635500,drainage_area,224.1522
01635500,elev,427.5836
01635500,slope,17.26714
01635500,soil_perm,5.881317
01635500,soil_awc,0.09556042
01635500,twi,10.67988
01635500,dist_index,8
01648000,drainage_area,136.8279
01648000,elev,112.1127
01648000,slope,3.60484
01648000,soil_perm,2.07272
01648000,soil_awc,0.1469833
01648000,twi,12.50565
01648000,dist_index,31
01649500,drainage_area,188.0622
01649500,elev,65.92496
01649500,slope,3.156071
01649500,soil_perm,2.928334
01649500,soil_awc,0.1475551
01649500,twi,12.22936
01649500,dist_index,20
01651000,drainage_area,127.8054
01651000,elev,98.37672
01651000,slope,3.701776
01651000,soil_perm,2.330925
01651000,soil_awc,0.1463901
01651000,twi,12.1094
01651000,dist_index,21
01653600,drainage_area,102.7305
01653600,elev,60.39517
01653600,slope,2.845059
01653600,soil_perm,3.871922
01653600,soil_awc,0.1360428
01653600,twi,12.83437
01653600,dist_index,15
01654000,drainage_area,60.70827
01654000,elev,105.3714
01654000,slope,3.079585
01654000,soil_perm,2.215804
01654000,soil_awc,0.1363687
01654000,twi,12.46161
01654000,dist_index,22
01656000,drainage_area,241.2711
01656000,elev,129.9753
01656000,slope,3.391551
01656000,soil_perm,2.722497
01656000,soil_awc,0.1276676
01656000,twi,12.53606
01656000,dist_index,19
01658500,drainage_area,19.34224
01658500,elev,104.6255
01658500,slope,3.254536
01658500,soil_perm,2.434109
01658500,soil_awc,0.1232983
01658500,twi,11.36722
01658500,dist_index,9
01660400,drainage_area,90.6984
01660400,elev,93.81681
01660400,slope,3.006392
01660400,soil_perm,2.143328
01660400,soil_awc,0.1448944
01660400,twi,12.5377
01660400,dist_index,13
01661050,drainage_area,47.85433
01661050,elev,33.32411
01661050,slope,2.38394
01661050,soil_perm,3.93788
01661050,soil_awc,0.1340066
01661050,twi,13.09182
01661050,dist_index,10
01661500,drainage_area,65.3904
01661500,elev,29.63064
01661500,slope,1.360606
01661500,soil_perm,3.652821
01661500,soil_awc,0.1380185
01661500,twi,13.26084
01661500,dist_index,21
01662800,drainage_area,66.6531
01662800,elev,199.0256
01662800,slope,9.869826
01662800,soil_perm,3.097767
01662800,soil_awc,0.1492485
01662800,twi,12.05054
01662800,dist_index,8
01665500,drainage_area,296.5932
01665500,elev,430.8967
01665500,slope,17.80158
01665500,soil_perm,2.994621
01665500,soil_awc,0.1310973
01665500,twi,11.18021
01665500,dist_index,9
01667500,drainage_area,1209.747
01667500,elev,263.3824
01667500,slope,10.43061
01667500,soil_perm,2.69203
01667500,soil_awc,0.1360627
01667500,twi,12.20647
01667500,dist_index,16
01668000,drainage_area,4135.021
01668000,elev,202.3167
01668000,slope,7.968153
01668000,soil_perm,2.61455
01668000,soil_awc,0.1373867
01668000,twi,12.2366
01668000,dist_index,18
01669000,drainage_area,71.84071
01669000,elev,40.51987
01669000,slope,2.886025
01669000,soil_perm,5.1665
01669000,soil_awc,0.111
01669000,twi,15.7936
01669000,dist_index,6
01671100,drainage_area,277.6545
01671100,elev,90.53776
01671100,slope,2.675034
01671100,soil_perm,2.554023
01671100,soil_awc,0.1405497
01671100,twi,14.48019
01671100,dist_index,21
01673550,drainage_area,65.34
01673550,elev,49.36467
01673550,slope,2.630983
01673550,soil_perm,4.977919
01673550,soil_awc,0.1120164
01673550,twi,13.833
01673550,dist_index,15
02011400,drainage_area,407.7162
02011400,elev,814.513
02011400,slope,18.93645
02011400,soil_perm,5.531756
02011400,soil_awc,0.1044632
02011400,twi,11.48827
02011400,dist_index,7
02011460,drainage_area,156.3408
02011460,elev,941.4713
02011460,slope,25.81951
02011460,soil_perm,5.813647
02011460,soil_awc,0.1038705
02011460,twi,10.61232
02011460,dist_index,6
02011500,drainage_area,348.0309
02011500,elev,866.9296
02011500,slope,26.65532
02011500,soil_perm,5.83394
02011500,soil_awc,0.1007651
02011500,twi,10.85648
02011500,dist_index,14
02015700,drainage_area,285.4062
02015700,elev,797.4222
02015700,slope,17.12331
02015700,soil_perm,6.369063
02015700,soil_awc,0.1027164
02015700,twi,10.74133
02015700,dist_index,6
02016000,drainage_area,1194.551
02016000,elev,661.119
02016000,slope,17.96662
02016000,soil_perm,5.319003
02016000,soil_awc,0.09727227
02016000,twi,10.75318
02016000,dist_index,7
02016500,drainage_area,3558.252
02016500,elev,704.3527
02016500,slope,20.16796
02016500,soil_perm,5.395133
02016500,soil_awc,0.1008898
02016500,twi,10.82072
02016500,dist_index,21
02019500,drainage_area,5378.53
02019500,elev,647.7079
02019500,slope,18.82872
02019500,soil_perm,5.071691
02019500,soil_awc,0.1038056
02019500,twi,10.86094
02019500,dist_index,17
02020500,drainage_area,365.6097
02020500,elev,714.2602
02020500,slope,19.86782
02020500,soil_perm,4.750914
02020500,soil_awc,0.09820288
02020500,twi,10.95963
02020500,dist_index,7
02021500,drainage_area,851.6961
02021500,elev,657.1459
02021500,slope,17.9273
02021500,soil_perm,4.859928
02021500,soil_awc,0.09859952
02021500,twi,11.06049
02021500,dist_index,10
02024000,drainage_area,1674.867
02024000,elev,589.7219
02024000,slope,16.56136
02024000,soil_perm,3.710099
02024000,soil_awc,0.1116826
02024000,twi,11.08979
02024000,dist_index,16
02036500,drainage_area,58.1571
02036500,elev,92.34182
02036500,slope,2.645905
02036500,soil_perm,1.667938
02036500,soil_awc,0.1398092
02036500,twi,14.11968
02036500,dist_index,12
02038850,drainage_area,22.00359
02038850,elev,207.7039
02038850,slope,4.048438
02038850,soil_perm,1.271572
02038850,soil_awc,0.1459609
02038850,twi,11.90673
02038850,dist_index,7
02039000,drainage_area,180.1008
02039000,elev,163.0462
02039000,slope,4.418452
02039000,soil_perm,1.529821
02039000,soil_awc,0.1460204
02039000,twi,12.70261
02039000,dist_index,17
02053500,drainage_area,165.8835
02053500,elev,18.27481
02053500,slope,0.1365774
02053500,soil_perm,5.463871
02053500,soil_awc,0.1242797
02053500,twi,14.76295
02053500,dist_index,9
02056000,drainage_area,1323.014
02056000,elev,531.9594
02056000,slope,15.6739
02056000,soil_perm,2.398644
02056000,soil_awc,0.1222361
02056000,twi,11.27172
02056000,dist_index,22
02056650,drainage_area,144.7011
02056650,elev,468.372
02056650,slope,17.43862
02056650,soil_perm,3.039781
02056650,soil_awc,0.145615
02056650,twi,11.1632
02056650,dist_index,12
02056900,drainage_area,298.1079
02056900,elev,466.5342
02056900,slope,13.32639
02056900,soil_perm,2.765278
02056900,soil_awc,0.1413865
02056900,twi,11.29151
02056900,dist_index,16
02077200,drainage_area,121.6944
02077200,elev,191.5382
02077200,slope,3.963417
02077200,soil_perm,1.689841
02077200,soil_awc,0.1424172
02077200,twi,13.27885
02077200,dist_index,12
02077303,drainage_area,526.7394
02077303,elev,174.8917
02077303,slope,3.783525
02077303,soil_perm,1.620094
02077303,soil_awc,0.1422768
02077303,twi,12.95308
02077303,dist_index,31
02077670,drainage_area,137.3355
02077670,elev,163.7103
02077670,slope,3.50913
02077670,soil_perm,1.380065
02077670,soil_awc,0.1425023
02077670,twi,12.78385
02077670,dist_index,23
02093800,drainage_area,53.3151
02093800,elev,278.7934
02093800,slope,3.402514
02093800,soil_perm,1.4405
02093800,soil_awc,0.141
02093800,twi,12.58101
02093800,dist_index,16
02094500,drainage_area,340.7031
02094500,elev,252.9554
02094500,slope,3.241292
02094500,soil_perm,1.411328
02094500,soil_awc,0.1407177
02094500,twi,13.07435
02094500,dist_index,23
02099000,drainage_area,37.6119
02099000,elev,272.9748
02099000,slope,2.585424
02099000,soil_perm,1.280143
02099000,soil_awc,0.1397344
02099000,twi,12.47657
02099000,dist_index,19
02102908,drainage_area,19.7253
02102908,elev,106.9865
02102908,slope,3.090633
02102908,soil_perm,6.013
02102908,soil_awc,0.0795
02102908,twi,11.90805
02102908,dist_index,7
02111000,drainage_area,74.0736
02111000,elev,661.8497
02111000,slope,23.61045
02111000,soil_perm,3.466073
02111000,soil_awc,0.1231343
02111000,twi,10.42687
02111000,dist_index,8
02111180,drainage_area,131.4666
02111180,elev,631.9119
02111180,slope,22.39276
02111180,soil_perm,3.102704
02111180,soil_awc,0.1198732
02111180,twi,10.86278
02111180,dist_index,9
02111500,drainage_area,233.6607
02111500,elev,555.6722
02111500,slope,18.27216
02111500,soil_perm,2.471671
02111500,soil_awc,0.1228389
02111500,twi,11.01781
02111500,dist_index,15
02142000,drainage_area,72.45631
02142000,elev,429.5992
02142000,slope,13.87381
02142000,soil_perm,1.881804
02142000,soil_awc,0.1455879
02142000,twi,11.12216
02142000,dist_index,9
02142900,drainage_area,42.6231
02142900,elev,237.0718
02142900,slope,2.3931
02142900,soil_perm,1.312757
02142900,soil_awc,0.1413587
02142900,twi,12.59742
02142900,dist_index,21
02143040,drainage_area,66.48413
02143040,elev,547.8144
02143040,slope,15.73629
02143040,soil_perm,2.013428
02143040,soil_awc,0.1456348
02143040,twi,10.18124
02143040,dist_index,7
02143500,drainage_area,181.2447
02143500,elev,289.4927
02143500,slope,3.837986
02143500,soil_perm,1.449723
02143500,soil_awc,0.1397882
02143500,twi,12.41888
02143500,dist_index,24
02144000,drainage_area,81.8424
02144000,elev,271.7284
02144000,slope,4.104819
02144000,soil_perm,1.392342
02144000,soil_awc,0.1428366
02144000,twi,12.26162
02144000,dist_index,28
02146300,drainage_area,78.13889
02146300,elev,225.1705
02146300,slope,2.788981
02146300,soil_perm,1.367957
02146300,soil_awc,0.1395884
02146300,twi,12.84266
02146300,dist_index,31
02146507,drainage_area,111.1383
02146507,elev,219.1145
02146507,slope,2.445315
02146507,soil_perm,1.372984
02146507,soil_awc,0.1386227
02146507,twi,12.47015
02146507,dist_index,33
02146600,drainage_area,100.2357
02146600,elev,215.9467
02146600,slope,2.663242
02146600,soil_perm,1.430148
02146600,soil_awc,0.1406355
02146600,twi,12.78218
02146600,dist_index,23
02146700,drainage_area,18.3393
02146700,elev,217.1338
02146700,slope,2.3297
02146700,soil_perm,1.370389
02146700,soil_awc,0.1385313
02146700,twi,11.90543
02146700,dist_index,24
02146750,drainage_area,238.3524
02146750,elev,206.3541
02146750,slope,2.739169
02146750,soil_perm,1.461784
02146750,soil_awc,0.1412866
02146750,twi,12.98508
02146750,dist_index,24
02147500,drainage_area,514.2348
02147500,elev,152.6169
02147500,slope,3.533796
02147500,soil_perm,1.638451
02147500,soil_awc,0.1401823
02147500,twi,12.41873
02147500,dist_index,14
02162093,drainage_area,14.3703
02162093,elev,86.54105
02162093,slope,2.434934
02162093,soil_perm,5.261887
02162093,soil_awc,0.1046714
02162093,twi,12.68762
02162093,dist_index,22
02231600,drainage_area,641.2878
02231600,elev,18.16506
02231600,slope,0.02518597
02231600,soil_perm,11.15114
02231600,soil_awc,0.09225894
02231600,twi,14.46011
02231600,dist_index,14
02232000,drainage_area,2575.944
02232000,elev,12.23657
02232000,slope,0.01102182
02232000,soil_perm,10.80073
02232000,soil_awc,0.1149071
02232000,twi,14.83817
02232000,dist_index,17
02232400,drainage_area,3388.338
02232400,elev,11.05177
02232400,slope,0.01224191
02232400,soil_perm,10.71039
02232400,soil_awc,0.111772
02232400,twi,14.793
02232400,dist_index,21
02232500,drainage_area,4094.564
02232500,elev,10.87821
02232500,slope,0.01689356
02232500,soil_perm,10.70703
02232500,soil_awc,0.1069782
02232500,twi,14.74978
02232500,dist_index,27
02234000,drainage_area,5361.742
02234000,elev,11.40703
02234000,slope,0.0347256
02234000,soil_perm,10.79986
02234000,soil_awc,0.1021838
02234000,twi,14.67102
02234000,dist_index,26
02234324,drainage_area,85.1463
02234324,elev,24.97368
02234324,slope,0.4833823
02234324,soil_perm,13.18608
02234324,soil_awc,0.05884753
02234324,twi,13.55922
02234324,dist_index,22
02234990,drainage_area,110.3107
02234990,elev,26.63938
02234990,slope,0.6750997
02234990,soil_perm,12.85778
02234990,soil_awc,0.06163416
02234990,twi,13.54617
02234990,dist_index,27
02235000,drainage_area,449.0403
02235000,elev,22.14531
02235000,slope,0.9444123
02235000,soil_perm,12.36466
02235000,soil_awc,0.07209931
02235000,twi,14.29304
02235000,dist_index,21
02236000,drainage_area,8186.593
02236000,elev,11.60981
02236000,slope,0.189379
02236000,soil_perm,11.19647
02236000,soil_awc,0.09682784
02236000,twi,14.50876
02236000,dist_index,29
02237293,drainage_area,552.1627
02237293,elev,35.03791
02237293,slope,0.8775665
02237293,soil_perm,12.7494
02237293,soil_awc,0.0987891
02237293,twi,14.36401
02237293,dist_index,20
02247510,drainage_area,144.9765
02247510,elev,9.074948
02247510,slope,0.03094844
02247510,soil_perm,10.8294
02247510,soil_awc,0.1191355
02247510,twi,15.21832
02247510,dist_index,19
02248000,drainage_area,93.5172
02248000,elev,7.765557
02248000,slope,0.02696341
02248000,soil_perm,10.681
02248000,soil_awc,0.09647664
02248000,twi,14.82416
02248000,dist_index,17
02262900,drainage_area,216.8874
02262900,elev,26.74481
02262900,slope,0.09541158
02262900,soil_perm,11.83308
02262900,soil_awc,0.0830064
02262900,twi,14.36829
02262900,dist_index,26
02263800,drainage_area,274.7514
02263800,elev,29.72059
02263800,slope,0.4049984
02263800,soil_perm,11.91626
02263800,soil_awc,0.08190813
02263800,twi,14.01392
02263800,dist_index,24
02263869,drainage_area,8.5248
02263869,elev,29.64358
02263869,slope,0.0917647
02263869,soil_perm,12.58285
02263869,soil_awc,0.08232952
02263869,twi,13.05796
02263869,dist_index,12
02264100,drainage_area,112.9824
02264100,elev,31.59666
02264100,slope,0.3645141
02264100,soil_perm,12.47646
02264100,soil_awc,0.09401221
02264100,twi,14.03846
02264100,dist_index,25
02266200,drainage_area,26.0874
02266200,elev,34.45784
02266200,slope,0.6689708
02266200,soil_perm,13.03995
02266200,soil_awc,0.1250851
02266200,twi,14.21021
02266200,dist_index,12
02266300,drainage_area,257.8464
02266300,elev,33.04354
02266300,slope,0.6157305
02266300,soil_perm,12.67246
02266300,soil_awc,0.1220699
02266300,twi,14.69392
02266300,dist_index,18
02266480,drainage_area,43.6077
02266480,elev,37.39965
02266480,slope,0.8742542
02266480,soil_perm,13.03543
02266480,soil_awc,0.1110853
02266480,twi,13.08672
02266480,dist_index,13
02270500,drainage_area,982.2276
02270500,elev,27.23873
02270500,slope,0.3398737
02270500,soil_perm,12.14017
02270500,soil_awc,0.09945965
02270500,twi,13.78514
02270500,dist_index,19
02271500,drainage_area,307.6326
02271500,elev,31.7542
02271500,slope,0.4246927
02271500,soil_perm,12.88359
02271500,soil_awc,0.06962324
02271500,twi,13.85199
02271500,dist_index,30
02301900,drainage_area,22.3596
02301900,elev,46.0386
02301900,slope,0.3479624
02301900,soil_perm,12.21961
02301900,soil_awc,0.06462578
02301900,twi,12.76645
02301900,dist_index,16
02302500,drainage_area,242.9253
02302500,elev,37.59319
02302500,slope,0.3568781
02302500,soil_perm,10.44881
02302500,soil_awc,0.09495813
02302500,twi,14.06735
02302500,dist_index,33
02303000,drainage_area,618.7212
02303000,elev,32.06749
02303000,slope,0.4627635
02303000,soil_perm,10.49458
02303000,soil_awc,0.0871672
02303000,twi,14.04251
02303000,dist_index,31
02303330,drainage_area,985.014
02303330,elev,28.42022
02303330,slope,0.4105373
02303330,soil_perm,10.53914
02303330,soil_awc,0.08519524
02303330,twi,14.07474
02303330,dist_index,30
02303400,drainage_area,120.3696
02303400,elev,35.00511
02303400,slope,0.945663
02303400,soil_perm,9.800623
02303400,soil_awc,0.08699659
02303400,twi,13.47004
02303400,dist_index,16
02303420,drainage_area,292.1625
02303420,elev,27.6562
02303420,slope,0.5080604
02303420,soil_perm,9.882187
02303420,soil_awc,0.08676764
02303420,twi,14.38863
02303420,dist_index,18
02303800,drainage_area,407.8359
02303800,elev,24.34751
02303800,slope,0.4128047
02303800,soil_perm,10.44203
02303800,soil_awc,0.09378646
02303800,twi,14.52353
02303800,dist_index,20
02304500,drainage_area,1600.519
02304500,elev,25.54047
02304500,slope,0.4016309
02304500,soil_perm,10.47578
02304500,soil_awc,0.08790504
02304500,twi,14.19566
02304500,dist_index,31
02306500,drainage_area,13.5585
02306500,elev,14.26505
02306500,slope,0.09705883
02306500,soil_perm,11.65663
02306500,soil_awc,0.07215553
02306500,twi,13.82017
02306500,dist_index,18
02307000,drainage_area,112.179
02307000,elev,15.29139
02307000,slope,0.08322937
02307000,soil_perm,11.86547
02307000,soil_awc,0.08449692
02307000,twi,14.24999
02307000,dist_index,27
02307359,drainage_area,80.02354
02307359,elev,11.66662
02307359,slope,0.1070268
02307359,soil_perm,12.19697
02307359,soil_awc,0.08576865
02307359,twi,14.71898
02307359,dist_index,19
02310000,drainage_area,177.6188
02310000,elev,15.57567
02310000,slope,0.03657439
02310000,soil_perm,11.0786
02310000,soil_awc,0.07819712
02310000,twi,14.5716
02310000,dist_index,18
02310947,drainage_area,649.5634
02310947,elev,35.81946
02310947,slope,0.09973361
02310947,soil_perm,10.36584
02310947,soil_awc,0.11448
02310947,twi,15.06925
02310947,dist_index,14
02312000,drainage_area,1372.373
02312000,elev,32.50386
02312000,slope,0.3183481
02312000,soil_perm,10.34208
02312000,soil_awc,0.09795886
02312000,twi,15.01868
02312000,dist_index,19
02312200,drainage_area,413.4789
02312200,elev,28.26356
02312200,slope,0.07358596
02312200,soil_perm,9.763217
02312200,soil_awc,0.08309196
02312200,twi,14.48826
02312200,dist_index,17
02312500,drainage_area,1970.221
02312500,elev,30.91239
02312500,slope,0.3589304
02312500,soil_perm,10.40398
02312500,soil_awc,0.09214131
02312500,twi,14.76765
02312500,dist_index,18
02312700,drainage_area,940.1255
02312700,elev,23.08203
02312700,slope,0.6358202
02312700,soil_perm,10.82023
02312700,soil_awc,0.08897346
02312700,twi,14.33755
02312700,dist_index,18
02312720,drainage_area,3981.51
02312720,elev,26.93446
02312720,slope,0.5901303
02312720,soil_perm,10.51343
02312720,soil_awc,0.09361236
02312720,twi,14.5097
02312720,dist_index,23
02313000,drainage_area,4742.193
02313000,elev,26.19545
02313000,slope,0.6191586
02313000,soil_perm,10.74201
02313000,soil_awc,0.09331761
02313000,twi,14.47925
02313000,dist_index,25
02313230,drainage_area,4894.051
02313230,elev,25.22552
02313230,slope,0.5954601
02313230,soil_perm,10.6825
02313230,soil_awc,0.09107946
02313230,twi,14.485290000000001
02313230,dist_index,25
02324000,drainage_area,791.0239
02324000,elev,21.46324
02324000,slope,0.7428821
02324000,soil_perm,8.734388
02324000,soil_awc,0.1019227
02324000,twi,14.68136
02324000,dist_index,7
02324400,drainage_area,176.2654
02324400,elev,27.65066
02324400,slope,0.05522168
02324400,soil_perm,7.407515
02324400,soil_awc,0.1205476
02324400,twi,14.61263
02324400,dist_index,16
02325000,drainage_area,419.5886
02325000,elev,23.23017
02325000,slope,0.1127583
02325000,soil_perm,8.016026
02325000,soil_awc,0.1048875
02325000,twi,14.61689
02325000,dist_index,21
02326000,drainage_area,556.4121
02326000,elev,23.72907
02326000,slope,0.2196354
02326000,soil_perm,7.175747
02326000,soil_awc,0.1169827
02326000,twi,14.27611
02326000,dist_index,12
02327100,drainage_area,271.1182
02327100,elev,22.2346
02327100,slope,0.7536147
02327100,soil_perm,9.468787
02327100,soil_awc,0.1007998
02327100,twi,14.1301
02327100,dist_index,6
02330450,drainage_area,116.6112
02330450,elev,757.0715
02330450,slope,24.82428
02330450,soil_perm,3.386308
02330450,soil_awc,0.1326664
02330450,twi,10.16342
02330450,dist_index,15
02331600,drainage_area,819.7617
02331600,elev,538.7726
02331600,slope,12.62945
02331600,soil_perm,2.333269
02331600,soil_awc,0.1323885
02331600,twi,11.45606
02331600,dist_index,22
02337500,drainage_area,92.3145
02337500,elev,330.8257
02337500,slope,5.058875
02337500,soil_perm,1.802601
02337500,soil_awc,0.1339427
02337500,twi,11.99726
02337500,dist_index,12
02338660,drainage_area,323.3853
02338660,elev,241.4596
02338660,slope,3.968853
02338660,soil_perm,1.618109
02338660,soil_awc,0.1366861
02338660,twi,12.82804
02338660,dist_index,23
02349900,drainage_area,122.8673
02349900,elev,124.0084
02349900,slope,1.686131
02349900,soil_perm,3.081191
02349900,soil_awc,0.1165603
02349900,twi,13.0989
02349900,dist_index,12
02381600,drainage_area,10.3248
02381600,elev,488.3166
02381600,slope,9.917396
02381600,soil_perm,2.71332
02381600,soil_awc,0.1351574
02381600,twi,10.88301
02381600,dist_index,9
02382200,drainage_area,309.8763
02382200,elev,416.139
02382200,slope,9.131358
02382200,soil_perm,2.232788
02382200,soil_awc,0.1389856
02382200,twi,11.61953
02382200,dist_index,19
02430085,drainage_area,40.5621
02430085,elev,146.4549
02430085,slope,4.109414
02430085,soil_perm,2.320311
02430085,soil_awc,0.1445878
02430085,twi,12.69175
02430085,dist_index,7
02430880,drainage_area,47.6676
02430880,elev,122.9409
02430880,slope,4.900546
02430880,soil_perm,2.364
02430880,soil_awc,0.145
02430880,twi,12.76634
02430880,dist_index,9
02465493,drainage_area,83.4174
02465493,elev,101.8745
02465493,slope,6.918698
02465493,soil_perm,2.439721
02465493,soil_awc,0.1339952
02465493,twi,11.93041
02465493,dist_index,7
02479130,drainage_area,920.6991
02479130,elev,93.43372
02479130,slope,2.669277
02479130,soil_perm,2.533002
02479130,soil_awc,0.1305065
02479130,twi,12.5586
02479130,dist_index,18
02479155,drainage_area,137.2806
02479155,elev,67.76971
02479155,slope,2.359682
02479155,soil_perm,3.364339
02479155,soil_awc,0.1171641
02479155,twi,12.6789
02479155,dist_index,6
02479300,drainage_area,1144.201
02479300,elev,62.90169
02479300,slope,1.946876
02479300,soil_perm,1.62942
02479300,soil_awc,0.1374019
02479300,twi,12.48151
02479300,dist_index,13
03011800,drainage_area,100.0953
03011800,elev,624.6469
03011800,slope,7.598761
03011800,soil_perm,4.112737
03011800,soil_awc,0.1066986
03011800,twi,12.05249
03011800,dist_index,8
03014500,drainage_area,499.3146
03014500,elev,453.9752
03014500,slope,3.920724
03014500,soil_perm,2.077443
03014500,soil_awc,0.1254723
03014500,twi,12.18339
03014500,dist_index,31
03015000,drainage_area,2083.342
03015000,elev,461.6013
03015000,slope,5.001099
03015000,soil_perm,2.181404
03015000,soil_awc,0.1308485
03015000,twi,11.95934
03015000,dist_index,23
03016000,drainage_area,9480.153
03016000,elev,534.5591
03016000,slope,11.33246
03016000,soil_perm,2.573432
03016000,soil_awc,0.1182143
03016000,twi,11.33841
03016000,dist_index,19
03021350,drainage_area,239.6691
03021350,elev,485.7244
03021350,slope,4.870461
03021350,soil_perm,2.045517
03021350,soil_awc,0.1298878
03021350,twi,11.81359
03021350,dist_index,13
03024000,drainage_area,2762.845
03024000,elev,418.4553
03024000,slope,3.954305
03024000,soil_perm,2.315427
03024000,soil_awc,0.1269213
03024000,twi,11.95399
03024000,dist_index,20
03026500,drainage_area,20.3058
03026500,elev,629.4807
03026500,slope,7.044938
03026500,soil_perm,4.093152
03026500,soil_awc,0.1065955
03026500,twi,10.98178
03026500,dist_index,5
03028000,drainage_area,161.1102
03028000,elev,595.8367
03028000,slope,10.7562
03028000,soil_perm,3.846369
03028000,soil_awc,0.1052967
03028000,twi,11.43879
03028000,dist_index,7
03049800,drainage_area,14.8878
03049800,elev,337.0115
03049800,slope,11.72966
03049800,soil_perm,1.778124
03049800,soil_awc,0.1290188
03049800,twi,11.50577
03049800,dist_index,16
03052500,drainage_area,37.323
03052500,elev,577.4708
03052500,slope,12.61272
03052500,soil_perm,1.6825
03052500,soil_awc,0.125
03052500,twi,12.27235
03052500,dist_index,12
03053500,drainage_area,697.7826
03053500,elev,634.6259
03053500,slope,14.94742
03053500,soil_perm,3.451893
03053500,soil_awc,0.1215641
03053500,twi,11.87544
03053500,dist_index,13
03076600,drainage_area,127.3991
03076600,elev,753.4921
03076600,slope,13.78734
03076600,soil_perm,4.750175
03076600,soil_awc,0.1125963
03076600,twi,11.06431
03076600,dist_index,8
03078000,drainage_area,161.4825
03078000,elev,786.9
03078000,slope,8.578729
03078000,soil_perm,5.120072
03078000,soil_awc,0.1113195
03078000,twi,11.46034
03078000,dist_index,9
03079000,drainage_area,990.8361
03079000,elev,719.3406
03079000,slope,8.491729
03079000,soil_perm,3.278253
03079000,soil_awc,0.117358
03079000,twi,11.45271
03079000,dist_index,16
03080000,drainage_area,313.3376
03080000,elev,672.6883
03080000,slope,11.7664
03080000,soil_perm,3.576906
03080000,soil_awc,0.116125
03080000,twi,11.46901
03080000,dist_index,13
03081000,drainage_area,2659.891
03081000,elev,721.6108
03081000,slope,10.25973
03081000,soil_perm,3.877933
03081000,soil_awc,0.1149522
03081000,twi,11.52152
03081000,dist_index,18
03117000,drainage_area,1336.8
03117000,elev,325.6009
03117000,slope,2.39481
03117000,soil_perm,1.884693
03117000,soil_awc,0.1345244
03117000,twi,13.37845
03117000,dist_index,28
03117500,drainage_area,656.2251
03117500,elev,353.6834
03117500,slope,6.089977
03117500,soil_perm,2.413713
03117500,soil_awc,0.1252222
03117500,twi,12.99802
03117500,dist_index,19
03118000,drainage_area,116.2062
03118000,elev,350.0394
03118000,slope,1.5854
03118000,soil_perm,1.978838
03118000,soil_awc,0.1282978
03118000,twi,13.26868
03118000,dist_index,20
03118500,drainage_area,453.5037
03118500,elev,346.426
03118500,slope,2.154598
03118500,soil_perm,2.307691
03118500,soil_awc,0.128612
03118500,twi,13.45831
03118500,dist_index,25
03139000,drainage_area,1202.849
03139000,elev,324.3251
03139000,slope,4.910094
03139000,soil_perm,1.541233
03139000,soil_awc,0.1345299
03139000,twi,12.91481
03139000,dist_index,15
03140000,drainage_area,70.3458
03140000,elev,307.3976
03140000,slope,8.178627
03140000,soil_perm,1.246145
03140000,soil_awc,0.1398273
03140000,twi,12.60572
03140000,dist_index,13
03157000,drainage_area,228.8763
03157000,elev,299.4467
03157000,slope,5.715297
03157000,soil_perm,1.893192
03157000,soil_awc,0.1382804
03157000,twi,12.43373
03157000,dist_index,17
03157500,drainage_area,1194.712
03157500,elev,290.5402
03157500,slope,5.636412
03157500,soil_perm,1.947608
03157500,soil_awc,0.1345807
03157500,twi,12.81943
03157500,dist_index,24
03159500,drainage_area,2447.092
03159500,elev,274.304
03159500,slope,7.301953
03159500,soil_perm,2.047343
03159500,soil_awc,0.1361689
03159500,twi,12.89581
03159500,dist_index,21
03165000,drainage_area,101.9961
03165000,elev,809.5118
03165000,slope,9.565039
03165000,soil_perm,3.296947
03165000,soil_awc,0.1435776
03165000,twi,11.15873
03165000,dist_index,10
03170000,drainage_area,794.6403
03170000,elev,761.2078
03170000,slope,11.03891
03170000,soil_perm,3.341691
03170000,soil_awc,0.1414373
03170000,twi,11.24789
03170000,dist_index,10
03206600,drainage_area,99.585
03206600,elev,340.5257
03206600,slope,23.81073
03206600,soil_perm,3.2715
03206600,soil_awc,0.112
03206600,twi,11.91431
03206600,dist_index,6
03210000,drainage_area,146.1393
03210000,elev,439.4249
03210000,slope,31.98685
03210000,soil_perm,4.515444
03210000,soil_awc,0.1229863
03210000,twi,10.94082
03210000,dist_index,17
03237280,drainage_area,32.9542
03237280,elev,293.6019
03237280,slope,16.85177
03237280,soil_perm,2.1445
03237280,soil_awc,0.13
03237280,twi,10.94512
03237280,dist_index,8
03274650,drainage_area,26.7885
03274650,elev,347.9613
03274650,slope,1.197526
03274650,soil_perm,0.856
03274650,soil_awc,0.134
03274650,twi,13.41155
03274650,dist_index,13
03275600,drainage_area,520.2549
03275600,elev,330.4974
03275600,slope,1.877465
03275600,soil_perm,1.492113
03275600,soil_awc,0.1434163
03275600,twi,13.32951
03275600,dist_index,23
03291780,drainage_area,71.4105
03291780,elev,278.307
03291780,slope,3.531692
03291780,soil_perm,0.6662894
03291780,soil_awc,0.1515044
03291780,twi,12.02306
03291780,dist_index,16
03293000,drainage_area,48.7755
03293000,elev,184.7729
03293000,slope,1.17288
03293000,soil_perm,1.0095
03293000,soil_awc,0.1655
03293000,twi,12.44286
03293000,dist_index,22
03294000,drainage_area,489.3039
03294000,elev,184.3863
03294000,slope,4.619874
03294000,soil_perm,1.063696
03294000,soil_awc,0.1565902
03294000,twi,12.72239
03294000,dist_index,22
03298000,drainage_area,358.1919
03298000,elev,225.7562
03298000,slope,3.531247
03298000,soil_perm,0.6866862
03298000,soil_awc,0.153293
03298000,twi,12.89911
03298000,dist_index,23
03298500,drainage_area,3098.887
03298500,elev,222.041
03298500,slope,4.203508
03298500,soil_perm,0.7857134
03298500,soil_awc,0.1517862
03298500,twi,12.74695
03298500,dist_index,23
03302000,drainage_area,166.7052
03302000,elev,160.8108
03302000,slope,2.540053
03302000,soil_perm,0.9653377
03302000,soil_awc,0.14788
03302000,twi,13.37837
03302000,dist_index,27
03302220,drainage_area,169.2783
03302220,elev,232.6467
03302220,slope,3.369935
03302220,soil_perm,1.257451
03302220,soil_awc,0.1692887
03302220,twi,11.91346
03302220,dist_index,19
03302680,drainage_area,49.5567
03302680,elev,264.3562
03302680,slope,3.514608
03302680,soil_perm,1.2405
03302680,soil_awc,0.1625
03302680,twi,11.48954
03302680,dist_index,11
03302800,drainage_area,731.1042
03302800,elev,246.2966
03302800,slope,3.413954
03302800,soil_perm,1.274828
03302800,soil_awc,0.1637387
03302800,twi,12.4934
03302800,dist_index,17
03303000,drainage_area,1231.501
03303000,elev,235.3188
03303000,slope,4.569475
03303000,soil_perm,1.297492
03303000,soil_awc,0.1610381
03303000,twi,12.31667
03303000,dist_index,15
03326500,drainage_area,1769.698
03326500,elev,286.2467
03326500,slope,0.7261535
03326500,soil_perm,0.7512217
03326500,soil_awc,0.1472761
03326500,twi,14.1411
03326500,dist_index,22
03327500,drainage_area,7079.218
03327500,elev,266.298
03327500,slope,0.6150273
03327500,soil_perm,0.7608925
03327500,soil_awc,0.1489095
03327500,twi,14.24236
03327500,dist_index,29
03335500,drainage_area,18944.17
03335500,elev,247.1302
03335500,slope,0.6481985
03335500,soil_perm,2.179069
03335500,soil_awc,0.1497289
03335500,twi,13.83602
03335500,dist_index,25
03337000,drainage_area,10.9719
03337000,elev,227.2978
03337000,slope,0.4817518
03337000,soil_perm,1.149342
03337000,soil_awc,0.1872634
03337000,twi,13.25624
03337000,dist_index,18
03340800,drainage_area,357.6537
03340800,elev,284.0307
03340800,slope,0.8541678
03340800,soil_perm,1.009607
03340800,soil_awc,0.1695536
03340800,twi,13.11018
03340800,dist_index,15
03341300,drainage_area,1159.87
03341300,elev,232.9853
03341300,slope,1.795214
03341300,soil_perm,1.184696
03341300,soil_awc,0.1714409
03341300,twi,12.68182
03341300,dist_index,22
03347000,drainage_area,627.1389
03347000,elev,326.575
03347000,slope,0.9254954
03347000,soil_perm,0.8775335
03347000,soil_awc,0.1489981
03347000,twi,13.80505
03347000,dist_index,20
03349000,drainage_area,2211.125
03349000,elev,287.6009
03349000,slope,0.7750431
03349000,soil_perm,1.005632
03349000,soil_awc,0.1564239
03349000,twi,14.46042
03349000,dist_index,25
03350700,drainage_area,132.6105
03350700,elev,253.701
03350700,slope,0.3388424
03350700,soil_perm,1.346647
03350700,soil_awc,0.1612618
03350700,twi,14.83195
03350700,dist_index,23
03351000,drainage_area,3119.411
03351000,elev,280.1463
03351000,slope,0.6625509
03351000,soil_perm,1.101839
03351000,soil_awc,0.1583843
03351000,twi,14.28582
03351000,dist_index,31
03351310,drainage_area,46.1358
03351310,elev,249.7601
03351310,slope,0.3618036
03351310,soil_perm,0.8128464
03351310,soil_awc,0.1585706
03351310,twi,12.86974
03351310,dist_index,24
03351500,drainage_area,413.6364
03351500,elev,285.5569
03351500,slope,0.5689893
03351500,soil_perm,1.756622
03351500,soil_awc,0.1569197
03351500,twi,13.81108
03351500,dist_index,18
03352500,drainage_area,772.2104
03352500,elev,271.6875
03352500,slope,0.8396612
03352500,soil_perm,1.434789
03352500,soil_awc,0.1603669
03352500,twi,13.99539
03352500,dist_index,21
03353120,drainage_area,21.2616
03353120,elev,257.4247
03353120,slope,0.4012201
03353120,soil_perm,0.794935
03353120,soil_awc,0.1632012
03353120,twi,13.91565
03353120,dist_index,23
03353200,drainage_area,273.8592
03353200,elev,283.8047
03353200,slope,0.500639
03353200,soil_perm,0.8066746
03353200,soil_awc,0.1658663
03353200,twi,13.61208
03353200,dist_index,26
03353600,drainage_area,63.5409
03353600,elev,243.3808
03353600,slope,0.2973228
03353600,soil_perm,1.379234
03353600,soil_awc,0.1580296
03353600,twi,12.73143
03353600,dist_index,21
03353620,drainage_area,38.8503
03353620,elev,254.8854
03353620,slope,0.5965588
03353620,soil_perm,0.7970514
03353620,soil_awc,0.1647885
03353620,twi,12.97372
03353620,dist_index,22
03353800,drainage_area,549.6057
03353800,elev,261.5847
03353800,slope,0.8564461
03353800,soil_perm,0.9380309
03353800,soil_awc,0.1634775
03353800,twi,12.81289
03353800,dist_index,28
03357350,drainage_area,7.7535
03357350,elev,276.4391
03357350,slope,1.372423
03357350,soil_perm,0.8689321
03357350,soil_awc,0.157982
03357350,twi,12.96309
03357350,dist_index,13
03358000,drainage_area,633.5784
03358000,elev,246.1788
03358000,slope,1.151353
03358000,soil_perm,1.177174
03358000,soil_awc,0.1651879
03358000,twi,12.98781
03358000,dist_index,21
03360000,drainage_area,2151.338
03360000,elev,287.8514
03360000,slope,2.041583
03360000,soil_perm,1.177552
03360000,soil_awc,0.1646701
03360000,twi,12.66883
03360000,dist_index,25
03360500,drainage_area,12138.57
03360500,elev,272.0375
03360500,slope,2.059232
03360500,soil_perm,1.261214
03360500,soil_awc,0.1617112
03360500,twi,13.15962
03360500,dist_index,25
03361500,drainage_area,1088.071
03361500,elev,295.6058
03361500,slope,1.11848
03361500,soil_perm,1.503103
03361500,soil_awc,0.1543154
03361500,twi,13.98516
03361500,dist_index,23
03361650,drainage_area,243.2359
03361650,elev,280.352
03361650,slope,0.3197648
03361650,soil_perm,1.165308
03361650,soil_awc,0.1612409
03361650,twi,14.40606
03361650,dist_index,20
03361850,drainage_area,203.9679
03361850,elev,256.2082
03361850,slope,0.3852073
03361850,soil_perm,0.8016109
03361850,soil_awc,0.1635753
03361850,twi,14.1681
03361850,dist_index,21
03362000,drainage_area,260.4294
03362000,elev,235.7239
03362000,slope,0.6421574
03362000,soil_perm,1.163474
03362000,soil_awc,0.1639195
03362000,twi,13.10833
03362000,dist_index,25
03362500,drainage_area,1221.927
03362500,elev,248.6411
03362500,slope,0.5680683
03362500,soil_perm,1.216487
03362500,soil_awc,0.1644008
03362500,twi,14.04692
03362500,dist_index,25
03363500,drainage_area,772.065
03363500,elev,310.2039
03363500,slope,1.113907
03363500,soil_perm,1.407278
03363500,soil_awc,0.1560762
03363500,twi,14.38128
03363500,dist_index,19
03363900,drainage_area,1385.573
03363900,elev,280.8888
03363900,slope,0.9910719
03363900,soil_perm,1.512358
03363900,soil_awc,0.1593773
03363900,twi,14.29594
03363900,dist_index,20
03364000,drainage_area,4418.793
03364000,elev,268.5212
03364000,slope,1.016653
03364000,soil_perm,1.464164
03364000,soil_awc,0.1595695
03364000,twi,14.08915
03364000,dist_index,25
03364500,drainage_area,237.0879
03364500,elev,285.6343
03364500,slope,0.8573959
03364500,soil_perm,1.039252
03364500,soil_awc,0.15953319999999999
03364500,twi,14.0622
03364500,dist_index,14
03365500,drainage_area,6059.154
03365500,elev,260.6303
03365500,slope,1.03395
03365500,soil_perm,1.394826
03365500,soil_awc,0.159389
03365500,twi,14.09416
03365500,dist_index,24
03366500,drainage_area,755.2151
03366500,elev,246.7059
03366500,slope,1.84267
03366500,soil_perm,0.7702545
03366500,soil_awc,0.1527616
03366500,twi,13.11311
03366500,dist_index,17
03368000,drainage_area,29.7216
03368000,elev,258.8444
03368000,slope,1.809588
03368000,soil_perm,0.7452567
03368000,soil_awc,0.1529569
03368000,twi,15.23339
03368000,dist_index,8
03369500,drainage_area,512.2854
03369500,elev,260.834
03369500,slope,2.027406
03369500,soil_perm,0.7924248
03369500,soil_awc,0.1516633
03369500,twi,13.95154
03369500,dist_index,22
03378550,drainage_area,269.7336
03378550,elev,139.7094
03378550,slope,1.917065
03378550,soil_perm,1.241265
03378550,soil_awc,0.1917886
03378550,twi,13.17451
03378550,dist_index,20
03431700,drainage_area,63.9675
03431700,elev,184.1185
03431700,slope,6.052056
03431700,soil_perm,1.670722
03431700,soil_awc,0.1489676
03431700,twi,11.86723
03431700,dist_index,17
03478400,drainage_area,68.1156
03478400,elev,627.6928
03478400,slope,8.562895
03478400,soil_perm,1.4115
03478400,soil_awc,0.138
03478400,twi,11.87698
03478400,dist_index,24
03611260,drainage_area,34.4331
03611260,elev,137.3375
03611260,slope,2.077057
03611260,soil_perm,1.754089
03611260,soil_awc,0.1603218
03611260,twi,12.03334
03611260,dist_index,18
03612000,drainage_area,631.9773
03612000,elev,149.6439
03612000,slope,4.698919
03612000,soil_perm,1.238045
03612000,soil_awc,0.1888056
03612000,twi,12.67604
03612000,dist_index,13
04024430,drainage_area,1091.25
04024430,elev,325.2431
04024430,slope,1.874428
04024430,soil_perm,4.230851
04024430,soil_awc,0.1932724
04024430,twi,12.64536
04024430,dist_index,6
04025500,drainage_area,302.7636
04025500,elev,351.4298
04025500,slope,2.178355
04025500,soil_perm,7.118486
04025500,soil_awc,0.1543836
04025500,twi,12.34121
04025500,dist_index,6
04037500,drainage_area,132.3
04037500,elev,524.7141
04037500,slope,2.339557
04037500,soil_perm,3.589554
04037500,soil_awc,0.1623173
04037500,twi,13.55648
04037500,dist_index,13
04043050,drainage_area,76.6224
04043050,elev,288.3926
04043050,slope,3.450607
04043050,soil_perm,3.931513
04043050,soil_awc,0.0706154
04043050,twi,11.41198
04043050,dist_index,10
04057510,drainage_area,473.5728
04057510,elev,240.6444
04057510,slope,1.056785
04057510,soil_perm,9.558319
04057510,soil_awc,0.1803525
04057510,twi,13.49745
04057510,dist_index,6
04057800,drainage_area,115.8705
04057800,elev,503.7419
04057800,slope,4.033308
04057800,soil_perm,3.541479
04057800,soil_awc,0.1787237
04057800,twi,12.6693
04057800,dist_index,7
04087030,drainage_area,87.85307
04087030,elev,270.4353
04087030,slope,1.493855
04087030,soil_perm,1.224291
04087030,soil_awc,0.155749
04087030,twi,12.96877
04087030,dist_index,15
04087088,drainage_area,46.6749
04087088,elev,242.3961
04087088,slope,1.799872
04087088,soil_perm,0.6526087
04087088,soil_awc,0.1550136
04087088,twi,12.47763
04087088,dist_index,20
04087120,drainage_area,320.58
04087120,elev,245.2897
04087120,slope,1.617431
04087120,soil_perm,0.8092508
04087120,soil_awc,0.1552459
04087120,twi,12.91382
04087120,dist_index,21
04087204,drainage_area,66.79314
04087204,elev,215.5195
04087204,slope,0.9938595
04087204,soil_perm,0.7227843
04087204,soil_awc,0.1592512
04087204,twi,13.17083
04087204,dist_index,19
04087220,drainage_area,128.0809
04087220,elev,238.5914
04087220,slope,1.626756
04087220,soil_perm,1.434288
04087220,soil_awc,0.1511305
04087220,twi,13.01422
04087220,dist_index,21
04087240,drainage_area,491.4198
04087240,elev,228.5108
04087240,slope,1.218583
04087240,soil_perm,0.878116
04087240,soil_awc,0.1625767
04087240,twi,13.12086
04087240,dist_index,22
04087257,drainage_area,98.0937
04087257,elev,213.326
04087257,slope,0.8070999
04087257,soil_perm,0.7363226
04087257,soil_awc,0.1747795
04087257,twi,13.12154
04087257,dist_index,14
04093000,drainage_area,320.805
04093000,elev,207.4629
04093000,slope,0.8750857
04093000,soil_perm,1.240314
04093000,soil_awc,0.1491137
04093000,twi,13.47264
04093000,dist_index,32
04094000,drainage_area,172.6497
04094000,elev,215.0212
04094000,slope,1.406789
04094000,soil_perm,2.53026
04094000,soil_awc,0.1503809
04094000,twi,13.03798
04094000,dist_index,28
04096405,drainage_area,535.293
04096405,elev,324.2055
04096405,slope,1.210386
04096405,soil_perm,4.680253
04096405,soil_awc,0.1446152
04096405,twi,13.30951
04096405,dist_index,15
04096515,drainage_area,126.6021
04096515,elev,331.9195
04096515,slope,1.319216
04096515,soil_perm,3.022165
04096515,soil_awc,0.1550443
04096515,twi,12.73282
04096515,dist_index,10
04097540,drainage_area,309.3849
04097540,elev,284.3977
04097540,slope,0.7080747
04097540,soil_perm,6.387235
04097540,soil_awc,0.1285193
04097540,twi,14.18776
04097540,dist_index,12
04099000,drainage_area,4883.223
04099000,elev,284.6913
04099000,slope,0.9105009
04099000,soil_perm,5.995966
04099000,soil_awc,0.1311747
04099000,twi,13.66417
04099000,dist_index,21
04099510,drainage_area,273.0069
04099510,elev,309.0399
04099510,slope,1.247766
04099510,soil_perm,2.798838
04099510,soil_awc,0.1558022
04099510,twi,13.87963
04099510,dist_index,23
04099750,drainage_area,932.0832
04099750,elev,292.5771
04099750,slope,1.071697
04099750,soil_perm,4.866706
04099750,soil_awc,0.1370555
04099750,twi,13.78941
04099750,dist_index,19
04100222,drainage_area,370.2411
04100222,elev,290.2052
04100222,slope,1.097523
04100222,soil_perm,3.393855
04100222,soil_awc,0.1696181
04100222,twi,13.97513
04100222,dist_index,23
04100500,drainage_area,1525.99
04100500,elev,275.7379
04100500,slope,1.020026
04100500,soil_perm,3.889616
04100500,soil_awc,0.155445
04100500,twi,13.98093
04100500,dist_index,24
04105700,drainage_area,98.0415
04105700,elev,279.4804
04105700,slope,2.244447
04105700,soil_perm,7.409937
04105700,soil_awc,0.1190157
04105700,twi,12.99599
04105700,dist_index,10
04106400,drainage_area,65.7432
04106400,elev,284.3111
04106400,slope,1.71657
04106400,soil_perm,8.999373
04106400,soil_awc,0.09862243
04106400,twi,12.61362
04106400,dist_index,14
04108600,drainage_area,173.268
04108600,elev,241.6781
04108600,slope,1.253784
04108600,soil_perm,4.094936
04108600,soil_awc,0.1435912
04108600,twi,13.22689
04108600,dist_index,14
04112000,drainage_area,25.6194
04112000,elev,276.5829
04112000,slope,0.3719656
04112000,soil_perm,1.371633
04112000,soil_awc,0.1698747
04112000,twi,13.29434
04112000,dist_index,14
04121300,drainage_area,560.2203
04121300,elev,397.6633
04121300,slope,1.628939
04121300,soil_perm,9.30914
04121300,soil_awc,0.09682015
04121300,twi,13.08515
04121300,dist_index,11
04121500,drainage_area,3714.378
04121500,elev,362.3606
04121500,slope,1.185958
04121500,soil_perm,8.764242
04121500,soil_awc,0.12035
04121500,twi,13.24806
04121500,dist_index,14
04122100,drainage_area,40.8942
04122100,elev,203.5676
04122100,slope,0.9104771
04122100,soil_perm,3.690026
04122100,soil_awc,0.1272736
04122100,twi,13.49873
04122100,dist_index,13
04127800,drainage_area,173.5164
04127800,elev,281.1093
04127800,slope,5.502105
04127800,soil_perm,9.983612
04127800,soil_awc,0.09539342
04127800,twi,11.80124
04127800,dist_index,5
04127997,drainage_area,487.1601
04127997,elev,332.5351
04127997,slope,4.057103
04127997,soil_perm,8.623957
04127997,soil_awc,0.0884105
04127997,twi,12.07247
04127997,dist_index,11
04128990,drainage_area,150.9579
04128990,elev,352.3642
04128990,slope,2.755003
04128990,soil_perm,7.953298
04128990,soil_awc,0.122611
04128990,twi,12.13348
04128990,dist_index,9
04135700,drainage_area,1011.484
04135700,elev,369.758
04135700,slope,1.403565
04135700,soil_perm,11.19618
04135700,soil_awc,0.09763071
04135700,twi,12.91601
04135700,dist_index,13
04136500,drainage_area,3524.812
04136500,elev,372.3676
04136500,slope,1.69401
04136500,soil_perm,11.51981
04136500,soil_awc,0.07933744
04136500,twi,12.7539
04136500,dist_index,11
04146000,drainage_area,130.8474
04146000,elev,290.5923
04146000,slope,1.861323
04146000,soil_perm,2.936
04146000,soil_awc,0.1605
04146000,twi,13.05126
04146000,dist_index,19
04146063,drainage_area,560.8962
04146063,elev,283.6741
04146063,slope,1.742677
04146063,soil_perm,4.189609
04146063,soil_awc,0.1474538
04146063,twi,12.88908
04146063,dist_index,21
04147500,drainage_area,1395.162
04147500,elev,265.7071
04147500,slope,1.313279
04147500,soil_perm,3.61705
04147500,soil_awc,0.153074
04147500,twi,13.05893
04147500,dist_index,19
04148140,drainage_area,276.3117
04148140,elev,280.7604
04148140,slope,1.411656
04148140,soil_perm,3.521156
04148140,soil_awc,0.1548234
04148140,twi,13.13836
04148140,dist_index,13
04148500,drainage_area,2525.034
04148500,elev,262.725
04148500,slope,1.184426
04148500,soil_perm,3.179742
04148500,soil_awc,0.1545779
04148500,twi,13.19007
04148500,dist_index,22
04163400,drainage_area,47.04358
04163400,elev,215.9483
04163400,slope,0.5865589
04163400,soil_perm,2.811652
04163400,soil_awc,0.152556
04163400,twi,13.34653
04163400,dist_index,17
04164100,drainage_area,54.9972
04164100,elev,288.0909
04164100,slope,2.076097
04164100,soil_perm,2.965489
04164100,soil_awc,0.1600716
04164100,twi,12.94521
04164100,dist_index,13
04164300,drainage_area,32.8032
04164300,elev,240.5076
04164300,slope,0.1413772
04164300,soil_perm,1.1085
04164300,soil_awc,0.153
04164300,twi,13.97877
04164300,dist_index,17
04164500,drainage_area,511.9173
04164500,elev,230.4
04164500,slope,0.5989525
04164500,soil_perm,1.721054
04164500,soil_awc,0.1506408
04164500,twi,13.75756
04164500,dist_index,19
04166100,drainage_area,224.3466
04166100,elev,251.3107
04166100,slope,1.583886
04166100,soil_perm,3.7263
04166100,soil_awc,0.1409883
04166100,twi,13.04033
04166100,dist_index,19
04166300,drainage_area,45.5742
04166300,elev,271.8254
04166300,slope,1.765003
04166300,soil_perm,1.901163
04166300,soil_awc,0.1602974
04166300,twi,12.37626
04166300,dist_index,15
04166500,drainage_area,475.9533
04166500,elev,234.1604
04166500,slope,1.179335
04166500,soil_perm,5.205007
04166500,soil_awc,0.1295037
04166500,twi,13.30324
04166500,dist_index,23
04285500,drainage_area,181.8963
04285500,elev,443.3997
04285500,slope,14.68254
04285500,soil_perm,1.750201
04285500,soil_awc,0.1813467
04285500,twi,10.28689
04285500,dist_index,9
04286000,drainage_area,1022.999
04286000,elev,411.4848
04286000,slope,11.38014
04286000,soil_perm,1.92334
04286000,soil_awc,0.1426653
04286000,twi,10.92172
04286000,dist_index,18
04287000,drainage_area,198.5157
04287000,elev,443.0399
04287000,slope,15.561
04287000,soil_perm,1.945826
04287000,soil_awc,0.1749831
04287000,twi,10.60745
04287000,dist_index,15
04288000,drainage_area,364.0464
04288000,elev,490.8225
04288000,slope,18.6249
04288000,soil_perm,2.883358
04288000,soil_awc,0.1701903
04288000,twi,10.30248
04288000,dist_index,8
04290500,drainage_area,2625
04290500,elev,412.3534
04290500,slope,15.14683
04290500,soil_perm,2.44304
04290500,soil_awc,0.1554341
04290500,twi,10.58185
04290500,dist_index,19
04296000,drainage_area,302.1894
04296000,elev,382.9609
04296000,slope,9.765504
04296000,soil_perm,3.878592
04296000,soil_awc,0.1300629
04296000,twi,11.82481
04296000,dist_index,8
05287890,drainage_area,222.1204
05287890,elev,292.1359
05287890,slope,1.455642
05287890,soil_perm,1.313831
05287890,soil_awc,0.1920096
05287890,twi,13.23578
05287890,dist_index,19
05426250,drainage_area,306.8001
05426250,elev,283.4966
05426250,slope,1.941648
05426250,soil_perm,5.789886
05426250,soil_awc,0.1592486
05426250,twi,13.56952
05426250,dist_index,21
05427948,drainage_area,46.9296
05427948,elev,310.3848
05427948,slope,2.774545
05427948,soil_perm,6.102099
05427948,soil_awc,0.1414065
05427948,twi,12.11103
05427948,dist_index,16
05430150,drainage_area,224.5698
05430150,elev,286.0984
05430150,slope,1.62122
05430150,soil_perm,6.040491
05430150,soil_awc,0.141831
05430150,twi,12.78308
05430150,dist_index,22
05431486,drainage_area,491.1426
05431486,elev,289.0809
05431486,slope,1.140803
05431486,soil_perm,2.781819
05431486,soil_awc,0.1741319
05431486,twi,13.18454
05431486,dist_index,19
05448000,drainage_area,162.684
05448000,elev,227.9929
05448000,slope,2.69786
05448000,soil_perm,1.319825
05448000,soil_awc,0.1968662
05448000,twi,12.9873
05448000,dist_index,18
05451700,drainage_area,308.5146
05451700,elev,302.4793
05451700,slope,2.596713
05451700,soil_perm,1.249855
05451700,soil_awc,0.1979199
05451700,twi,12.95802
05451700,dist_index,14
05451900,drainage_area,146.2338
05451900,elev,285.785
05451900,slope,3.000546
05451900,soil_perm,1.422814
05451900,soil_awc,0.1957064
05451900,twi,12.52691
05451900,dist_index,10
05452000,drainage_area,516.6864
05452000,elev,283.3499
05452000,slope,2.310634
05452000,soil_perm,1.44417
05452000,soil_awc,0.1939321
05452000,twi,12.68833
05452000,dist_index,11
05452200,drainage_area,182.6649
05452200,elev,281.3812
05452200,slope,2.949871
05452200,soil_perm,1.26169
05452200,soil_awc,0.1975784
05452200,twi,12.93168
05452200,dist_index,17
05453000,drainage_area,483.6276
05453000,elev,280.457
05453000,slope,2.721855
05453000,soil_perm,1.215512
05453000,soil_awc,0.1983924
05453000,twi,12.89971
05453000,dist_index,12
05466500,drainage_area,1151.567
05466500,elev,225.0609
05466500,slope,2.016537
05466500,soil_perm,1.365826
05466500,soil_awc,0.1932499
05466500,twi,12.99619
05466500,dist_index,16
05467000,drainage_area,448.6401
05467000,elev,220.5661
05467000,slope,1.750724
05467000,soil_perm,1.249093
05467000,soil_awc,0.1951286
05467000,twi,13.24897
05467000,dist_index,11
05469000,drainage_area,1126.56
05469000,elev,217.7885
05469000,slope,1.268891
05469000,soil_perm,1.200929
05469000,soil_awc,0.1975985
05469000,twi,13.37937
05469000,dist_index,18
05484800,drainage_area,201.5955
05484800,elev,297.6083
05484800,slope,1.577875
05484800,soil_perm,1.33995
05484800,soil_awc,0.1805356
05484800,twi,12.7646
05484800,dist_index,19
05503800,drainage_area,212.6412
05503800,elev,232.7576
05503800,slope,1.333568
05503800,soil_perm,0.3929265
05503800,soil_awc,0.1476331
05503800,twi,13.3542
05503800,dist_index,10
05515500,drainage_area,1371.498
05515500,elev,229.1983
05515500,slope,0.6777344
05515500,soil_perm,6.719229
05515500,soil_awc,0.1558052
05515500,twi,13.54791
05515500,dist_index,27
05516500,drainage_area,764.811
05516500,elev,251.6663
05516500,slope,0.3433684
05516500,soil_perm,2.371652
05516500,soil_awc,0.1648039
05516500,twi,13.93178
05516500,dist_index,25
05517000,drainage_area,1127.209
05517000,elev,246.5907
05517000,slope,0.4760016
05517000,soil_perm,3.571472
05517000,soil_awc,0.1529266
05517000,twi,13.71709
05517000,dist_index,23
05517500,drainage_area,3467.25
05517500,elev,230.0625
05517500,slope,0.4742465
05517500,soil_perm,6.388268
05517500,soil_awc,0.1424479
05517500,twi,13.8271
05517500,dist_index,24
05517530,drainage_area,3535.799
05517530,elev,229.5723
05517530,slope,0.4690919
05517530,soil_perm,6.458929
05517530,soil_awc,0.1416166
05517530,twi,13.83628
05517530,dist_index,28
05518000,drainage_area,4587.032
05518000,elev,225.7696
05518000,slope,0.4274614
05518000,soil_perm,6.687527
05518000,soil_awc,0.1368235
05518000,twi,13.81938
05518000,dist_index,29
05527800,drainage_area,317.6778
05527800,elev,227.5376
05527800,slope,1.125614
05527800,soil_perm,0.7209724
05527800,soil_awc,0.1687319
05527800,twi,12.8719
05527800,dist_index,22
05528500,drainage_area,58.0851
05528500,elev,232.6636
05528500,slope,1.14832
05528500,soil_perm,0.667016
05528500,soil_awc,0.1586329
05528500,twi,12.80733
05528500,dist_index,23
05529000,drainage_area,943.0974
05529000,elev,224.5422
05529000,slope,1.028667
05529000,soil_perm,0.8048918
05529000,soil_awc,0.162139
05529000,twi,12.79442
05529000,dist_index,27
05529500,drainage_area,21.9222
05529500,elev,208.4465
05529500,slope,0.3523505
05529500,soil_perm,0.6528226
05529500,soil_awc,0.1680399
05529500,twi,13.49184
05529500,dist_index,23
05530990,drainage_area,70.95151
05530990,elev,233.7654
05530990,slope,0.9974655
05530990,soil_perm,0.7667277
05530990,soil_awc,0.1649218
05530990,twi,12.92686
05530990,dist_index,23
05531500,drainage_area,290.5999
05531500,elev,221.5114
05531500,slope,0.8931398
05531500,soil_perm,0.9017959
05531500,soil_awc,0.1651173
05531500,twi,13.28818
05531500,dist_index,32
05532000,drainage_area,47.12884
05532000,elev,202.8011
05532000,slope,0.3399872
05532000,soil_perm,0.616282
05532000,soil_awc,0.1738218
05532000,twi,13.16133
05532000,dist_index,26
05532500,drainage_area,1634.157
05532500,elev,217.7662
05532500,slope,0.8248729
05532500,soil_perm,1.152345
05532500,soil_awc,0.1635386
05532500,twi,13.08484
05532500,dist_index,28
05533000,drainage_area,42.70919
05533000,elev,212.2345
05533000,slope,1.279728
05533000,soil_perm,0.6609984
05533000,soil_awc,0.1657138
05533000,twi,12.8816
05533000,dist_index,27
05534500,drainage_area,51.6546
05534500,elev,207.7051
05534500,slope,0.5228111
05534500,soil_perm,0.3796182
05534500,soil_awc,0.1257805
05534500,twi,12.82281
05534500,dist_index,17
05535000,drainage_area,30.1419
05535000,elev,209.7123
05535000,slope,0.662372
05535000,soil_perm,0.4355839
05535000,soil_awc,0.1343784
05535000,twi,12.87135
05535000,dist_index,18
05535070,drainage_area,51.6663
05535070,elev,205.7141
05535070,slope,0.7408766
05535070,soil_perm,0.5177101
05535070,soil_awc,0.1495589
05535070,twi,13.08058
05535070,dist_index,24
05535500,drainage_area,29.9682
05535500,elev,204.8896
05535500,slope,0.4418914
05535500,soil_perm,0.3608691
05535500,soil_awc,0.1252964
05535500,twi,12.80391
05535500,dist_index,25
05536000,drainage_area,254.6775
05536000,elev,201.0502
05536000,slope,0.4965252
05536000,soil_perm,0.944223
05536000,soil_awc,0.1504719
05536000,twi,13.21993
05536000,dist_index,22
05536195,drainage_area,254.4282
05536195,elev,199.2813
05536195,slope,0.6590114
05536195,soil_perm,5.86696
05536195,soil_awc,0.1175606
05536195,twi,14.10618
05536195,dist_index,34
05536215,drainage_area,64.9755
05536215,elev,216.0246
05536215,slope,0.7069045
05536215,soil_perm,0.564119
05536215,soil_awc,0.1615659
05536215,twi,12.70864
05536215,dist_index,30
05536235,drainage_area,59.4018
05536235,elev,218.0083
05536235,slope,0.859454
05536235,soil_perm,0.6116541
05536235,soil_awc,0.1555471
05536235,twi,13.2337
05536235,dist_index,23
05536255,drainage_area,60.3423
05536255,elev,214.2469
05536255,slope,0.570126
05536255,soil_perm,0.5501597
05536255,soil_awc,0.149631
05536255,twi,13.55672
05536255,dist_index,22
05536275,drainage_area,268.2657
05536275,elev,208.1837
05536275,slope,0.6701953
05536275,soil_perm,1.417064
05536275,soil_awc,0.1553137
05536275,twi,13.45017
05536275,dist_index,30
05536290,drainage_area,558.3186
05536290,elev,202.5238
05536290,slope,0.6461084
05536290,soil_perm,3.912863
05536290,soil_awc,0.1347378
05536290,twi,13.80563
05536290,dist_index,33
05536340,drainage_area,32.9751
05536340,elev,212.2592
05536340,slope,0.7455153
05536340,soil_perm,0.487047
05536340,soil_awc,0.1449921
05536340,twi,12.9525
05536340,dist_index,21
05536500,drainage_area,29.12728
05536500,elev,209.3496
05536500,slope,0.9883282
05536500,soil_perm,0.5269109
05536500,soil_awc,0.1534151
05536500,twi,13.23516
05536500,dist_index,18
05537500,drainage_area,54.621
05537500,elev,218.7005
05537500,slope,1.526171
05537500,soil_perm,0.636
05537500,soil_awc,0.155
05537500,twi,13.29748
05537500,dist_index,22
05539000,drainage_area,278.9082
05539000,elev,213.8832
05539000,slope,1.159623
05539000,soil_perm,0.5572981
05539000,soil_awc,0.1458334
05539000,twi,13.13921
05539000,dist_index,24
05539900,drainage_area,71.9064
05539900,elev,240.624
05539900,slope,1.015721
05539900,soil_perm,2.26209
05539900,soil_awc,0.1511928
05539900,twi,13.3528
05539900,dist_index,25
05540095,drainage_area,237.0537
05540095,elev,233.1242
05540095,slope,0.872432
05540095,soil_perm,2.610332
05540095,soil_awc,0.1545661
05540095,twi,13.37069
05540095,dist_index,22
05540500,drainage_area,838.863
05540500,elev,215.7038
05540500,slope,0.8346029
05540500,soil_perm,2.507898
05540500,soil_awc,0.1578219
05540500,twi,13.21842
05540500,dist_index,27
05543830,drainage_area,328.5189
05543830,elev,272.2432
05543830,slope,2.042155
05543830,soil_perm,1.795488
05543830,soil_awc,0.158455
05543830,twi,12.82502
05543830,dist_index,23
05544200,drainage_area,191.2055
05544200,elev,274.0649
05544200,slope,2.016939
05544200,soil_perm,7.269
05544200,soil_awc,0.1424088
05544200,twi,12.59385
05544200,dist_index,17
05548280,drainage_area,498.2472
05548280,elev,271.5097
05548280,slope,1.281343
05548280,soil_perm,4.220129
05548280,soil_awc,0.1592321
05548280,twi,12.90282
05548280,dist_index,19
05550500,drainage_area,94.13141
05550500,elev,249.6987
05550500,slope,1.200021
05550500,soil_perm,1.177484
05550500,soil_awc,0.1557941
05550500,twi,13.33693
05550500,dist_index,20
05551200,drainage_area,133.9793
05551200,elev,260.3718
05551200,slope,1.371663
05551200,soil_perm,1.702692
05551200,soil_awc,0.1622322
05551200,twi,12.95463
05551200,dist_index,17
05551700,drainage_area,182.2446
05551700,elev,219.0782
05551700,slope,0.8447406
05551700,soil_perm,1.597425
05551700,soil_awc,0.173308
05551700,twi,13.06632
05551700,dist_index,15
05568800,drainage_area,163.6585
05568800,elev,229.8176
05568800,slope,1.505165
05568800,soil_perm,0.9996375
05568800,soil_awc,0.1915942
05568800,twi,13.16032
05568800,dist_index,12
05569500,drainage_area,2773.11
05569500,elev,219.4296
05569500,slope,1.733198
05569500,soil_perm,1.063731
05569500,soil_awc,0.1893795
05569500,twi,12.94485
05569500,dist_index,18
05577500,drainage_area,270.1998
05577500,elev,189.6283
05577500,slope,0.5701336
05577500,soil_perm,0.9956791
05577500,soil_awc,0.1918821
05577500,twi,13.73496
05577500,dist_index,19
05579500,drainage_area,552.1221
05579500,elev,192.2572
05579500,slope,0.3902271
05579500,soil_perm,1.193911
05579500,soil_awc,0.1876154
05579500,twi,13.86128
05579500,dist_index,16
05580000,drainage_area,591.4535
05580000,elev,235.3696
05580000,slope,0.8120265
05580000,soil_perm,1.088656
05580000,soil_awc,0.1827978
05580000,twi,13.17112
05580000,dist_index,18
05580950,drainage_area,88.1388
05580950,elev,247.6428
05580950,slope,1.072158
05580950,soil_perm,1.12244
05580950,soil_awc,0.1892565
05580950,twi,12.73604
05580950,dist_index,26
05587900,drainage_area,546.2568
05587900,elev,179.1772
05587900,slope,1.388119
05587900,soil_perm,0.9019788
05587900,soil_awc,0.1886754
05587900,twi,13.33092
05587900,dist_index,22
05588000,drainage_area,97.4646
05588000,elev,163.2135
05588000,slope,1.178373
05588000,soil_perm,1.081638
05588000,soil_awc,0.191233
05588000,twi,13.09701
05588000,dist_index,19
05590800,drainage_area,389.7567
05590800,elev,208.0916
05590800,slope,0.1039598
05590800,soil_perm,1.201876
05590800,soil_awc,0.1907613
05590800,twi,14.57455
05590800,dist_index,19
05591200,drainage_area,1227.573
05591200,elev,207.4463
05591200,slope,0.1767433
05591200,soil_perm,1.281677
05591200,soil_awc,0.1894643
05591200,twi,14.20814
05591200,dist_index,22
05591550,drainage_area,96.20551
05591550,elev,209.9629
05591550,slope,0.3047005
05591550,soil_perm,1.260019
05591550,soil_awc,0.1908446
05591550,twi,13.47927
05591550,dist_index,16
05591700,drainage_area,297.1521
05591700,elev,210.4202
05591700,slope,0.1070912
05591700,soil_perm,1.149757
05591700,soil_awc,0.1880973
05591700,twi,13.72842
05591700,dist_index,19
05592050,drainage_area,254.1213
05592050,elev,198.2499
05592050,slope,0.6759948
05592050,soil_perm,0.9959227
05592050,soil_awc,0.1791219
05592050,twi,13.16388
05592050,dist_index,11
05593900,drainage_area,145.4472
05593900,elev,202.8275
05593900,slope,0.8174756
05593900,soil_perm,0.5465369
05593900,soil_awc,0.1787406
05593900,twi,13.80711
05593900,dist_index,17
06062500,drainage_area,85.3542
06062500,elev,1988.836
06062500,slope,23.53173
06062500,soil_perm,4.72809
06062500,soil_awc,0.08338745
06062500,twi,10.08215
06062500,dist_index,17
06204050,drainage_area,137.3634
06204050,elev,2976.707
06204050,slope,46.35452
06204050,soil_perm,5.030472
06204050,soil_awc,0.06997915
06204050,twi,9.322609
06204050,dist_index,13
06295113,drainage_area,319.7511
06295113,elev,1373.938
06295113,slope,11.66245
06295113,soil_perm,1.558153
06295113,soil_awc,0.1396346
06295113,twi,11.02412
06295113,dist_index,7
06332515,drainage_area,191.4867
06332515,elev,707.458
06332515,slope,5.296016
06332515,soil_perm,1.234451
06332515,soil_awc,0.1679688
06332515,twi,11.94856
06332515,dist_index,6
06409000,drainage_area,205.3285
06409000,elev,2027.997
06409000,slope,12.07247
06409000,soil_perm,1.056121
06409000,soil_awc,0.1310497
06409000,twi,10.8758
06409000,dist_index,3
06410500,drainage_area,762.5259
06410500,elev,1878.852
06410500,slope,13.08449
06410500,soil_perm,1.21416
06410500,soil_awc,0.1182665
06410500,twi,10.9287
06410500,dist_index,6
06421500,drainage_area,1566.496
06421500,elev,1485.539
06421500,slope,10.3135
06421500,soil_perm,1.149728
06421500,soil_awc,0.12238
06421500,twi,11.13799
06421500,dist_index,20
06436190,drainage_area,200.0997
06436190,elev,1490.18
06436190,slope,15.94993
06436190,soil_perm,1.756616
06436190,soil_awc,0.1303576
06436190,twi,10.9281
06436190,dist_index,23
06453600,drainage_area,2101.42
06453600,elev,593.1393
06453600,slope,2.71391
06453600,soil_perm,3.615435
06453600,soil_awc,0.1337052
06453600,twi,12.00594
06453600,dist_index,10
06470800,drainage_area,1071.145
06470800,elev,432.5739
06470800,slope,0.3872422
06470800,soil_perm,1.64782
06470800,soil_awc,0.1627861
06470800,twi,13.92461
06470800,dist_index,9
06470878,drainage_area,13773.15
06470878,elev,490.8603
06470878,slope,0.9489983
06470878,soil_perm,1.787122
06470878,soil_awc,0.1627823
06470878,twi,13.65927
06470878,dist_index,14
06471000,drainage_area,14790.2
06471000,elev,485.2169
06471000,slope,0.9023091
06471000,soil_perm,1.789952
06471000,soil_awc,0.1628176
06471000,twi,13.70402
06471000,dist_index,12
06614800,drainage_area,4.0284
06614800,elev,3428.822
06614800,slope,34.1596
06614800,soil_perm,8.9795
06614800,soil_awc,0.0785
06614800,twi,8.808953
06614800,dist_index,8
06622700,drainage_area,98.703
06622700,elev,2871.819
06622700,slope,14.32314
06622700,soil_perm,4.057783
06622700,soil_awc,0.07668446
06622700,twi,10.01799
06622700,dist_index,6
06632400,drainage_area,162.9855
06632400,elev,2986.357
06632400,slope,16.13968
06632400,soil_perm,3.972129
06632400,soil_awc,0.08271656
06632400,twi,10.63379
06632400,dist_index,8
06712000,drainage_area,436.2993
06712000,elev,2161.39
06712000,slope,4.551377
06712000,soil_perm,5.648677
06712000,soil_awc,0.1327467
06712000,twi,12.38036
06712000,dist_index,14
06746095,drainage_area,8.9046
06746095,elev,3286.369
06746095,slope,26.19064
06746095,soil_perm,6.932497
06746095,soil_awc,0.07242031
06746095,twi,8.702985
06746095,dist_index,6
06803000,drainage_area,433.5349
06803000,elev,414.4167
06803000,slope,2.575593
06803000,soil_perm,0.4415789
06803000,soil_awc,0.1638806
06803000,twi,12.56055
06803000,dist_index,23
06803510,drainage_area,113.2785
06803510,elev,383.9389
06803510,slope,3.101068
06803510,soil_perm,0.8160012
06803510,soil_awc,0.1805572
06803510,twi,12.13534
06803510,dist_index,11
06803520,drainage_area,123.0615
06803520,elev,390.7415
06803520,slope,2.681678
06803520,soil_perm,0.7893692
06803520,soil_awc,0.1808415
06803520,twi,12.37448
06803520,dist_index,15
06803530,drainage_area,309.7458
06803530,elev,388.7105
06803530,slope,2.884482
06803530,soil_perm,0.9348221
06803530,soil_awc,0.1910692
06803530,twi,12.43393
06803530,dist_index,14
06804000,drainage_area,698.9238
06804000,elev,410.1309
06804000,slope,2.850727
06804000,soil_perm,0.9606664
06804000,soil_awc,0.1936675
06804000,twi,12.38391
06804000,dist_index,21
06823500,drainage_area,488.2086
06823500,elev,1104.689
06823500,slope,1.783734
06823500,soil_perm,13.03216
06823500,soil_awc,0.07873781
06823500,twi,12.74061
06823500,dist_index,8
06879650,drainage_area,11.5065
06879650,elev,394.4697
06879650,slope,6.714534
06879650,soil_perm,0.4618644
06879650,soil_awc,0.1453959
06879650,twi,11.19634
06879650,dist_index,5
06893080,drainage_area,117.81
06893080,elev,316.8372
06893080,slope,2.280611
06893080,soil_perm,0.6105994
06893080,soil_awc,0.1687969
06893080,twi,12.25809
06893080,dist_index,17
06893300,drainage_area,68.71951
06893300,elev,307.4202
06893300,slope,2.557303
06893300,soil_perm,0.6582488
06893300,soil_awc,0.1726384
06893300,twi,12.38738
06893300,dist_index,26
06893500,drainage_area,477.0423
06893500,elev,302.1448
06893500,slope,2.905452
06893500,soil_perm,0.6579292
06893500,soil_awc,0.1722855
06893500,twi,12.48009
06893500,dist_index,28
07083000,drainage_area,60.76139
07083000,elev,3645.98
07083000,slope,41.81387
07083000,soil_perm,3.963251
07083000,soil_awc,0.08180954
07083000,twi,9.410097
07083000,dist_index,6
07105900,drainage_area,170.4186
07105900,elev,1846.047
07105900,slope,3.776311
07105900,soil_perm,1.659858
07105900,soil_awc,0.1455821
07105900,twi,12.35075
07105900,dist_index,12
07106300,drainage_area,2194.774
07106300,elev,2111.254
07106300,slope,10.73198
07106300,soil_perm,5.316282
07106300,soil_awc,0.1147461
07106300,twi,11.39721
07106300,dist_index,27
07195500,drainage_area,1629.999
07195500,elev,377.7002
07195500,slope,4.129366
07195500,soil_perm,1.585429
07195500,soil_awc,0.1120439
07195500,twi,12.21662
07195500,dist_index,23
07195800,drainage_area,38.2347
07195800,elev,405.3462
07195800,slope,2.871989
07195800,soil_perm,1.697149
07195800,soil_awc,0.10486
07195800,twi,11.90301
07195800,dist_index,15
07195855,drainage_area,147.1878
07195855,elev,373.302
07195855,slope,2.699184
07195855,soil_perm,1.601805
07195855,soil_awc,0.1090976
07195855,twi,12.23083
07195855,dist_index,29
07196000,drainage_area,298.8576
07196000,elev,354.5213
07196000,slope,3.139291
07196000,soil_perm,1.577987
07196000,soil_awc,0.110186
07196000,twi,12.16366
07196000,dist_index,26
07196500,drainage_area,2454.301
07196500,elev,358.6526
07196500,slope,4.664237
07196500,soil_perm,1.691026
07196500,soil_awc,0.1096339
07196500,twi,12.06963
07196500,dist_index,22
07196900,drainage_area,106.3521
07196900,elev,407.7249
07196900,slope,8.228983
07196900,soil_perm,1.897271
07196900,soil_awc,0.1073303
07196900,twi,11.92098
07196900,dist_index,10
07197000,drainage_area,808.4485
07197000,elev,346.3187
07197000,slope,6.542701
07197000,soil_perm,1.826343
07197000,soil_awc,0.1066902
07197000,twi,11.80448
07197000,dist_index,11
07340300,drainage_area,230.4347
07340300,elev,400.7599
07340300,slope,17.32739
07340300,soil_perm,1.841361
07340300,soil_awc,0.1025389
07340300,twi,11.08632
07340300,dist_index,4
07352000,drainage_area,384.2865
07352000,elev,84.15823
07352000,slope,2.696927
07352000,soil_perm,2.203377
07352000,soil_awc,0.1449953
07352000,twi,12.57968
07352000,dist_index,12
08010000,drainage_area,368.8311
08010000,elev,17.58277
08010000,slope,0.04333324
08010000,soil_perm,0.5295978
08010000,soil_awc,0.2011552
08010000,twi,14.77215
08010000,dist_index,17
08012000,drainage_area,1308.219
08012000,elev,22.2229
08012000,slope,0.2411347
08012000,soil_perm,0.5394061
08012000,soil_awc,0.1969404
08012000,twi,14.35619
08012000,dist_index,17
08017200,drainage_area,210.4038
08017200,elev,183.6931
08017200,slope,1.038005
08017200,soil_perm,0.5034904
08017200,soil_awc,0.16034
08017200,twi,12.90481
08017200,dist_index,19
08017300,drainage_area,201.4569
08017300,elev,168.8272
08017300,slope,0.8126459
08017300,soil_perm,0.5001684
08017300,soil_awc,0.1565778
08017300,twi,13.05126
08017300,dist_index,12
08023080,drainage_area,187.6086
08023080,elev,85.29958
08023080,slope,1.433999
08023080,soil_perm,0.8414191
08023080,soil_awc,0.1577569
08023080,twi,12.51445
08023080,dist_index,10
08025500,drainage_area,383.0247
08025500,elev,86.41448
08025500,slope,2.519937
08025500,soil_perm,1.607946
08025500,soil_awc,0.1560168
08025500,twi,12.67207
08025500,dist_index,13
08029500,drainage_area,333.3996
08029500,elev,98.74911
08029500,slope,2.935382
08029500,soil_perm,4.270558
08029500,soil_awc,0.1396625
08029500,twi,12.56009
08029500,dist_index,8
08049700,drainage_area,162.8559
08049700,elev,212.8871
08049700,slope,1.604361
08049700,soil_perm,1.129887
08049700,soil_awc,0.1576845
08049700,twi,12.5137
08049700,dist_index,13
08061540,drainage_area,310.6431
08061540,elev,196.8671
08061540,slope,1.298516
08061540,soil_perm,0.4834037
08061540,soil_awc,0.1646591
08061540,twi,12.67563
08061540,dist_index,19
08066300,drainage_area,383.5714
08066300,elev,68.38829
08066300,slope,1.2058
08066300,soil_perm,2.3846
08066300,soil_awc,0.1492674
08066300,twi,13.06174
08066300,dist_index,12
08068500,drainage_area,1046.265
08068500,elev,68.8231
08068500,slope,0.7576635
08068500,soil_perm,3.626328
08068500,soil_awc,0.1221372
08068500,twi,13.15895
08068500,dist_index,25
08068720,drainage_area,280.2456
08068720,elev,64.37222
08068720,slope,0.1500625
08068720,soil_perm,1.47458
08068720,soil_awc,0.1522267
08068720,twi,13.96634
08068720,dist_index,21
08068740,drainage_area,331.8849
08068740,elev,62.28191
08068740,slope,0.1410832
08068740,soil_perm,1.501163
08068740,soil_awc,0.1525652
08068740,twi,14.0297
08068740,dist_index,26
08069000,drainage_area,726.4197
08069000,elev,54.67864
08069000,slope,0.09863266
08069000,soil_perm,1.53398
08069000,soil_awc,0.1536517
08069000,twi,13.9103
08069000,dist_index,31
08070000,drainage_area,841.0554
08070000,elev,88.66618
08070000,slope,1.762354
08070000,soil_perm,2.728581
08070000,soil_awc,0.1367778
08070000,twi,12.66897
08070000,dist_index,9
08070500,drainage_area,272.9007
08070500,elev,87.42415
08070500,slope,1.512842
08070500,soil_perm,2.197418
08070500,soil_awc,0.1289313
08070500,twi,12.75744
08070500,dist_index,13
08072730,drainage_area,59.6403
08072730,elev,44.09607
08072730,slope,0.03188454
08072730,soil_perm,1.035042
08072730,soil_awc,0.1581874
08072730,twi,14.60081
08072730,dist_index,21
08074500,drainage_area,246.2607
08074500,elev,30.09538
08074500,slope,0.04998374
08074500,soil_perm,1.162831
08074500,soil_awc,0.1661248
08074500,twi,14.31265
08074500,dist_index,30
08075000,drainage_area,261.5814
08075000,elev,21.74653
08075000,slope,0.026935
08075000,soil_perm,0.6240358
08075000,soil_awc,0.1655694
08075000,twi,14.52267
08075000,dist_index,35
08075730,drainage_area,23.9301
08075730,elev,10.40235
08075730,slope,0.004187605
08075730,soil_perm,0.902218
08075730,soil_awc,0.1666556
08075730,twi,14.02479
08075730,dist_index,27
08075770,drainage_area,47.6199
08075770,elev,15.51904
08075770,slope,0.04580794
08075770,soil_perm,0.9541454
08075770,soil_awc,0.1719037
08075770,twi,13.71921
08075770,dist_index,33
08076000,drainage_area,154.3689
08076000,elev,30.11058
08076000,slope,0.01049087
08076000,soil_perm,1.289101
08076000,soil_awc,0.1661928
08076000,twi,14.22448
08076000,dist_index,27
08078000,drainage_area,221.5926
08078000,elev,14.6996
08078000,slope,0.00171426
08078000,soil_perm,0.6537918
08078000,soil_awc,0.1693467
08078000,twi,15.05963
08078000,dist_index,23
08082700,drainage_area,276.0354
08082700,elev,448.4697
08082700,slope,0.4885178
08082700,soil_perm,0.3996064
08082700,soil_awc,0.1436026
08082700,twi,12.90678
08082700,dist_index,12
08083100,drainage_area,686.4678
08083100,elev,669.5157
08083100,slope,1.238615
08083100,soil_perm,1.408754
08083100,soil_awc,0.1438751
08083100,twi,12.52273
08083100,dist_index,12
08084000,drainage_area,5787.941
08084000,elev,621.7154
08084000,slope,1.730744
08084000,soil_perm,1.487876
08084000,soil_awc,0.1434542
08084000,twi,12.47369
08084000,dist_index,17
08084800,drainage_area,1243.851
08084800,elev,519.0012
08084800,slope,0.3506449
08084800,soil_perm,0.9235795
08084800,soil_awc,0.1437496
08084800,twi,12.85255
08084800,dist_index,17
08085500,drainage_area,10425.37
08085500,elev,563.8563
08085500,slope,1.622448
08085500,soil_perm,1.180393
08085500,soil_awc,0.1400307
08085500,twi,12.55896
08085500,dist_index,20
08103900,drainage_area,86.00084
08103900,elev,369.8257
08103900,slope,2.975491
08103900,soil_perm,0.9
08103900,soil_awc,0.1205
08103900,twi,11.99273
08103900,dist_index,7
08104900,drainage_area,342.6174
08104900,elev,342.1851
08104900,slope,2.356161
08104900,soil_perm,0.7489954
08104900,soil_awc,0.1216697
08104900,twi,12.05976
08104900,dist_index,14
08110325,drainage_area,621.4761
08110325,elev,162.7432
08110325,slope,1.010507
08110325,soil_perm,0.7622406
08110325,soil_awc,0.1498639
08110325,twi,12.98254
08110325,dist_index,17
08110430,drainage_area,252.0918
08110430,elev,143.4071
08110430,slope,1.273683
08110430,soil_perm,3.329057
08110430,soil_awc,0.1232546
08110430,twi,12.952209999999999
08110430,dist_index,17
08115000,drainage_area,116.6994
08115000,elev,31.04765
08115000,slope,0.009259259
08115000,soil_perm,0.6460443
08115000,soil_awc,0.162391
08115000,twi,14.26644
08115000,dist_index,19
08154700,drainage_area,58.6764
08154700,elev,264.3241
08154700,slope,7.318058
08154700,soil_perm,0.7831094
08154700,soil_awc,0.1149655
08154700,twi,12.32901
08154700,dist_index,19
08155300,drainage_area,303.0147
08155300,elev,316.0707
08155300,slope,5.114486
08155300,soil_perm,0.8665348
08155300,soil_awc,0.1186617
08155300,twi,11.84078
08155300,dist_index,13
08158600,drainage_area,134.586
08158600,elev,215.4911
08158600,slope,2.508539
08158600,soil_perm,0.6339884
08158600,soil_awc,0.1407964
08158600,twi,12.31735
08158600,dist_index,19
08158700,drainage_area,320.3442
08158700,elev,372.5473
08158700,slope,4.133837
08158700,soil_perm,0.8953148
08158700,soil_awc,0.1202117
08158700,twi,11.76286
08158700,dist_index,7
08158810,drainage_area,31.7889
08158810,elev,320.4745
08158810,slope,4.073562
08158810,soil_perm,0.9
08158810,soil_awc,0.1205
08158810,twi,11.47485
08158810,dist_index,8
08160800,drainage_area,44.6445
08160800,elev,102.6225
08160800,slope,2.1393
08160800,soil_perm,6.907131
08160800,soil_awc,0.1011369
08160800,twi,12.46915
08160800,dist_index,15
08164450,drainage_area,764.3853
08164450,elev,61.83067
08164450,slope,0.3835656
08164450,soil_perm,2.028651
08164450,soil_awc,0.1279264
08164450,twi,13.88921
08164450,dist_index,18
08164503,drainage_area,444.879
08164503,elev,36.3837
08164503,slope,0.03479121
08164503,soil_perm,0.6409559
08164503,soil_awc,0.1467013
08164503,twi,14.44918
08164503,dist_index,18
08164600,drainage_area,253.9206
08164600,elev,40.8078
08164600,slope,0.2605065
08164600,soil_perm,1.7492
08164600,soil_awc,0.1247098
08164600,twi,13.76766
08164600,dist_index,10
08164800,drainage_area,172.1907
08164800,elev,20.68291
08164800,slope,0.02217964
08164800,soil_perm,0.5042597
08164800,soil_awc,0.1642905
08164800,twi,14.30683
08164800,dist_index,18
08165300,drainage_area,435.9924
08165300,elev,664.4734
08165300,slope,3.964287
08165300,soil_perm,0.4683542
08165300,soil_awc,0.1196139
08165300,twi,12.16437
08165300,dist_index,5
08167000,drainage_area,2174.374
08167000,elev,597.665
08167000,slope,5.68119
08167000,soil_perm,0.6142031
08167000,soil_awc,0.1114425
08167000,twi,11.79879
08167000,dist_index,13
08167500,drainage_area,3456.595
08167500,elev,540.8986
08167500,slope,5.653258
08167500,soil_perm,0.6885616
08167500,soil_awc,0.1110079
08167500,twi,11.66138
08167500,dist_index,11
08169000,drainage_area,342.0178
08169000,elev,279.4166
08169000,slope,3.124137
08169000,soil_perm,0.4931033
08169000,soil_awc,0.1053971
08169000,twi,12.03898
08169000,dist_index,19
08171000,drainage_area,924.5476
08171000,elev,417.3062
08171000,slope,5.17869
08171000,soil_perm,0.9519425
08171000,soil_awc,0.1199175
08171000,twi,11.60978
08171000,dist_index,10
08171300,drainage_area,1067.474
08171300,elev,400.7331
08171300,slope,5.332537
08171300,soil_perm,0.9115412
08171300,soil_awc,0.1176
08171300,twi,11.5693
08171300,dist_index,10
08172000,drainage_area,2172.789
08172000,elev,295.0352
08172000,slope,3.686342
08172000,soil_perm,0.8900595
08172000,soil_awc,0.128332
08172000,twi,11.96294
08172000,dist_index,19
08181400,drainage_area,38.7909
08181400,elev,404.7146
08181400,slope,8.512012
08181400,soil_perm,0.4585
08181400,soil_awc,0.097
08181400,twi,11.27832
08181400,dist_index,17
08185000,drainage_area,698.9526
08185000,elev,408.8865
08185000,slope,4.77004
08185000,soil_perm,0.7420795
08185000,soil_awc,0.1089305
08185000,twi,11.78805
08185000,dist_index,20
08186000,drainage_area,2136.467
08186000,elev,247.4825
08186000,slope,2.499314
08186000,soil_perm,1.808834
08186000,soil_awc,0.1281294
08186000,twi,12.28868
08186000,dist_index,21
08189200,drainage_area,159.0165
08189200,elev,22.42102
08189200,slope,0.01321503
08189200,soil_perm,0.5475064
08189200,soil_awc,0.1296829
08189200,twi,13.95993
08189200,dist_index,13
08189700,drainage_area,631.2708
08189700,elev,73.03227
08189700,slope,0.858442
08189700,soil_perm,0.9648367
08189700,soil_awc,0.1332331
08189700,twi,13.0372
08189700,dist_index,13
08200000,drainage_area,249.1146
08200000,elev,476.4967
08200000,slope,11.24368
08200000,soil_perm,0.6550148
08200000,soil_awc,0.1114983
08200000,twi,11.32089
08200000,dist_index,7
08201500,drainage_area,116.8353
08201500,elev,522.189
08201500,slope,14.2545
08201500,soil_perm,0.4998955
08201500,soil_awc,0.106521
08201500,twi,11.13493
08201500,dist_index,4
08202700,drainage_area,434.745
08202700,elev,424.3368
08202700,slope,7.70471
08202700,soil_perm,0.6663203
08202700,soil_awc,0.1212866
08202700,twi,11.76856
08202700,dist_index,6
08211520,drainage_area,227.5173
08211520,elev,20.01275
08211520,slope,0.0206181
08211520,soil_perm,0.9024422
08211520,soil_awc,0.1494484
08211520,twi,14.36887
08211520,dist_index,28
08265000,drainage_area,290.1681
08265000,elev,3093.038
08265000,slope,33.91624
08265000,soil_perm,2.86833
08265000,soil_awc,0.09659479
08265000,twi,9.747467
08265000,dist_index,10
08267500,drainage_area,96.2577
08267500,elev,3166.509
08267500,slope,44.3875
08267500,soil_perm,5.041985
08267500,soil_awc,0.08627764
08267500,twi,9.257307
08267500,dist_index,5
08275500,drainage_area,207.8658
08275500,elev,2852.686
08275500,slope,25.76246
08275500,soil_perm,1.48305
08275500,soil_awc,0.09649348
08275500,twi,9.924453
08275500,dist_index,6
08276300,drainage_area,995.1879
08276300,elev,2692.177
08276300,slope,22.72054
08276300,soil_perm,2.812857
08276300,soil_awc,0.1028062
08276300,twi,10.34042
08276300,dist_index,19
08291000,drainage_area,238.815
08291000,elev,2803.205
08291000,slope,28.16396
08291000,soil_perm,3.978584
08291000,soil_awc,0.08884891
08291000,twi,10.02607
08291000,dist_index,4
08294210,drainage_area,87.4377
08294210,elev,2847.338
08294210,slope,32.95955
08294210,soil_perm,3.539869
08294210,soil_awc,0.08992144
08294210,twi,9.472406
08294210,dist_index,13
08316000,drainage_area,47.3652
08316000,elev,2893.554
08316000,slope,34.72773
08316000,soil_perm,4.400777
08316000,soil_awc,0.08746018
08316000,twi,9.659241
08316000,dist_index,11
08377900,drainage_area,139.0311
08377900,elev,3141.534
08377900,slope,24.82402
08377900,soil_perm,2.962043
08377900,soil_awc,0.09815861
08377900,twi,9.675262
08377900,dist_index,3
09024000,drainage_area,71.6175
09024000,elev,3292.431
09024000,slope,34.1726
09024000,soil_perm,7.3417
09024000,soil_awc,0.07363567
09024000,twi,9.856779
09024000,dist_index,13
09025000,drainage_area,73.8018
09025000,elev,3329.783
09025000,slope,29.49675
09025000,soil_perm,7.244157
09025000,soil_awc,0.07529436
09025000,twi,9.497774
09025000,dist_index,11
09026500,drainage_area,85.34609
09026500,elev,3275.941
09026500,slope,31.09332
09026500,soil_perm,6.334916
09026500,soil_awc,0.07690421
09026500,twi,9.568189
09026500,dist_index,9
09032000,drainage_area,51.8418
09032000,elev,3184.961
09032000,slope,25.14393
09032000,soil_perm,6.770392
09032000,soil_awc,0.07227587
09032000,twi,9.428252
09032000,dist_index,11
09034900,drainage_area,15.6492
09034900,elev,3602.97
09034900,slope,42.60814
09034900,soil_perm,8.9795
09034900,soil_awc,0.0785
09034900,twi,9.20447
09034900,dist_index,5
09035700,drainage_area,91.5084
09035700,elev,3386.617
09035700,slope,37.12138
09035700,soil_perm,7.854873
09035700,soil_awc,0.07530186
09035700,twi,9.681444
09035700,dist_index,10
09035900,drainage_area,72.8421
09035900,elev,3353.157
09035900,slope,35.67326
09035900,soil_perm,7.843871
09035900,soil_awc,0.07528988
09035900,twi,9.497977
09035900,dist_index,4
09036000,drainage_area,231.8877
09036000,elev,3320.308
09036000,slope,35.25302
09036000,soil_perm,7.29874
09036000,soil_awc,0.07402895
09036000,twi,9.621885
09036000,dist_index,8
09046600,drainage_area,319.5819
09046600,elev,3352.233
09046600,slope,27.91529
09046600,soil_perm,6.7493
09046600,soil_awc,0.07990404
09046600,twi,9.872878
09046600,dist_index,15
09047700,drainage_area,23.5701
09047700,elev,3313.093
09047700,slope,30.16561
09047700,soil_perm,6.937962
09047700,soil_awc,0.07243655
09047700,twi,9.407753
09047700,dist_index,4
09050100,drainage_area,224.2575
09050100,elev,3416.096
09050100,slope,31.06693
09050100,soil_perm,7.09709
09050100,soil_awc,0.08887196
09050100,twi,10.02482
09050100,dist_index,11
09063900,drainage_area,16.7517
09063900,elev,3473.622
09063900,slope,40.73605
09063900,soil_perm,7.499599
09063900,soil_awc,0.07410464
09063900,twi,9.169383
09063900,dist_index,10
09066200,drainage_area,16.0965
09066200,elev,3306.427
09066200,slope,43.20412
09066200,soil_perm,6.844441
09066200,soil_awc,0.07215879
09066200,twi,8.748208
09066200,dist_index,5
09066300,drainage_area,15.5223
09066300,elev,3188.796
09066300,slope,31.01994
09066300,soil_perm,6.183205
09066300,soil_awc,0.07019489
09066300,twi,8.965291
09066300,dist_index,6
09067000,drainage_area,38.3886
09067000,elev,3107.192
09067000,slope,32.67344
09067000,soil_perm,5.05806
09067000,soil_awc,0.09044626
09067000,twi,9.393112
09067000,dist_index,12
09073300,drainage_area,196.7139
09073300,elev,3514.769
09073300,slope,39.0588
09073300,soil_perm,7.747975
09073300,soil_awc,0.07553371
09073300,twi,9.809578
09073300,dist_index,14
09073400,drainage_area,276.8967
09073400,elev,3430.997
09073400,slope,36.11411
09073400,soil_perm,7.424156
09073400,soil_awc,0.07436578
09073400,twi,9.681234
09073400,dist_index,13
09081600,drainage_area,432.8928
09081600,elev,3098.12
09081600,slope,41.07839
09081600,soil_perm,3.142503
09081600,soil_awc,0.09916462
09081600,twi,9.633258
09081600,dist_index,5
09085000,drainage_area,3762.712
09085000,elev,2925.569
09085000,slope,31.61985
09085000,soil_perm,3.891021
09085000,soil_awc,0.1018622
09085000,twi,9.76399
09085000,dist_index,16
09126000,drainage_area,173.2248
09126000,elev,3308.199
09126000,slope,38.00266
09126000,soil_perm,2.544927
09126000,soil_awc,0.08593208
09126000,twi,9.836019
09126000,dist_index,13
09146200,drainage_area,384.2453
09146200,elev,3047.414
09146200,slope,36.57944
09146200,soil_perm,2.580071
09146200,soil_awc,0.0947715
09146200,twi,9.822225
09146200,dist_index,20
09147500,drainage_area,1159.221
09147500,elev,2812.285
09147500,slope,26.74281
09147500,soil_perm,1.962375
09147500,soil_awc,0.1158545
09147500,twi,10.03168
09147500,dist_index,19
09149500,drainage_area,2899.502
09149500,elev,2388.233
09149500,slope,15.69689
09149500,soil_perm,1.395481
09149500,soil_awc,0.1338004
09149500,twi,10.68443
09149500,dist_index,24
09261700,drainage_area,200.1717
09261700,elev,2536.79
09261700,slope,15.16002
09261700,soil_perm,5.196602
09261700,soil_awc,0.08354792
09261700,twi,10.39453
09261700,dist_index,17
09266500,drainage_area,262.7073
09266500,elev,2882.035
09266500,slope,16.0984
09266500,soil_perm,6.984353
09266500,soil_awc,0.06901143
09266500,twi,10.73369
09266500,dist_index,6
09306242,drainage_area,81.9855
09306242,elev,2300.193
09306242,slope,16.55754
09306242,soil_perm,2.468889
09306242,soil_awc,0.1105652
09306242,twi,10.56393
09306242,dist_index,6
09310700,drainage_area,70.59151
09310700,elev,2727.808
09310700,slope,29.68908
09310700,soil_perm,1.410041
09310700,soil_awc,0.1434779
09310700,twi,10.36617
09310700,dist_index,6
09312600,drainage_area,195.2946
09312600,elev,2511.073
09312600,slope,20.94493
09312600,soil_perm,1.610373
09312600,soil_awc,0.1435908
09312600,twi,10.38644
09312600,dist_index,6
09337000,drainage_area,175.0293
09337000,elev,2858.936
09337000,slope,16.14587
09337000,soil_perm,2.065491
09337000,soil_awc,0.1090087
09337000,twi,10.14776
09337000,dist_index,6
09352900,drainage_area,188.1514
09352900,elev,3459.588
09352900,slope,47.12519
09352900,soil_perm,2.719307
09352900,soil_awc,0.08631743
09352900,twi,9.443028
09352900,dist_index,5
09354500,drainage_area,1343.914
09354500,elev,2735.56
09354500,slope,25.10021
09354500,soil_perm,1.932051
09354500,soil_awc,0.1178592
09354500,twi,10.40495
09354500,dist_index,14
09378630,drainage_area,10.4238
09378630,elev,2634.551
09378630,slope,27.12704
09378630,soil_perm,3.336681
09378630,soil_awc,0.1093893
09378630,twi,9.237845
09378630,dist_index,5
09403600,drainage_area,502.8489
09403600,elev,1992.39
09403600,slope,13.0107
09403600,soil_perm,6.767215
09403600,soil_awc,0.1118992
09403600,twi,11.29435
09403600,dist_index,3
09404450,drainage_area,192.96
09404450,elev,2214.46
09404450,slope,23.29943
09404450,soil_perm,1.527884
09404450,soil_awc,0.1293608
09404450,twi,10.50352
09404450,dist_index,4
09408000,drainage_area,39.9078
09408000,elev,1925.574
09408000,slope,30.09887
09408000,soil_perm,2.685002
09408000,soil_awc,0.1254524
09408000,twi,9.531758
09408000,dist_index,4
09408400,drainage_area,48.6837
09408400,elev,2632.044
09408400,slope,33.53077
09408400,soil_perm,2.447906
09408400,soil_awc,0.09554043
09408400,twi,8.916356
09408400,dist_index,4
09423350,drainage_area,2.2428
09423350,elev,1961.278
09423350,slope,29.97778
09423350,soil_perm,1.691398
09423350,soil_awc,0.08525492
09423350,twi,8.059282
09423350,dist_index,5
09430600,drainage_area,190.522
09430600,elev,2371.317
09430600,slope,40.64787
09430600,soil_perm,2.054693
09430600,soil_awc,0.09635
09430600,twi,9.955337
09430600,dist_index,2
09480000,drainage_area,213.381
09480000,elev,1550.728
09480000,slope,6.148032
09480000,soil_perm,1.139276
09480000,soil_awc,0.1373076
09480000,twi,11.70351
09480000,dist_index,5
09492400,drainage_area,128.9673
09492400,elev,2570.091
09492400,slope,21.94237
09492400,soil_perm,5.071
09492400,soil_awc,0.086
09492400,twi,10.26056
09492400,dist_index,8
09497800,drainage_area,750.8628
09497800,elev,1747.114
09497800,slope,19.37016
09497800,soil_perm,0.9097809
09497800,soil_awc,0.1242105
09497800,twi,10.41731
09497800,dist_index,3
09497980,drainage_area,516.798
09497980,elev,1688.635
09497980,slope,19.94358
09497980,soil_perm,3.026995
09497980,soil_awc,0.1014564
09497980,twi,10.56913
09497980,dist_index,3
09508300,drainage_area,93.0006
09508300,elev,1496.54
09508300,slope,27.82111
09508300,soil_perm,2.680517
09508300,soil_awc,0.08552824
09508300,twi,10.04707
09508300,dist_index,2
09512280,drainage_area,188.7093
09512280,elev,1150.095
09512280,slope,21.06839
09512280,soil_perm,5.246212
09512280,soil_awc,0.1062041
09512280,twi,10.42278
09512280,dist_index,7
09513780,drainage_area,177.4701
09513780,elev,1208.857
09513780,slope,22.50679
09513780,soil_perm,3.453616
09513780,soil_awc,0.1241023
09513780,twi,10.10059
09513780,dist_index,6
09513860,drainage_area,170.1477
09513860,elev,681.7085
09513860,slope,9.834675
09513860,soil_perm,1.52994
09513860,soil_awc,0.09993274
09513860,twi,11.72289
09513860,dist_index,11
10134500,drainage_area,374.4549
10134500,elev,2141.657
10134500,slope,22.015
10134500,soil_perm,1.604541
10134500,soil_awc,0.118561
10134500,twi,10.47445
10134500,dist_index,20
10136500,drainage_area,4216.987
10136500,elev,2188.497
10136500,slope,21.81017
10136500,soil_perm,2.088174
10136500,soil_awc,0.1228541
10136500,twi,10.29684
10136500,dist_index,18
10141000,drainage_area,5371.414
10141000,elev,2125.552
10141000,slope,21.88589
10141000,soil_perm,2.218157
10141000,soil_awc,0.1196187
10141000,twi,10.42627
10141000,dist_index,23
10146400,drainage_area,586.7406
10146400,elev,2009.49
10146400,slope,21.29341
10146400,soil_perm,1.448687
10146400,soil_awc,0.1203648
10146400,twi,10.73827
10146400,dist_index,11
10172700,drainage_area,69.92911
10172700,elev,2154.969
10172700,slope,15.30891
10172700,soil_perm,1.797666
10172700,soil_awc,0.08338697
10172700,twi,10.53265
10172700,dist_index,4
10172800,drainage_area,11.0709
10172800,elev,2548.858
10172800,slope,48.75949
10172800,soil_perm,1.6245
10172800,soil_awc,0.088
10172800,twi,9.388033
10172800,dist_index,5
10172952,drainage_area,22.5072
10172952,elev,2498.891
10172952,slope,30.91111
10172952,soil_perm,4.2735
10172952,soil_awc,0.079
10172952,twi,8.886664
10172952,dist_index,4
10173450,drainage_area,268.5276
10173450,elev,2753.925
10173450,slope,10.71044
10173450,soil_perm,2.1045
10173450,soil_awc,0.1050974
10173450,twi,10.79822
10173450,dist_index,7
10183500,drainage_area,2889.713
10183500,elev,2415.406
10183500,slope,13.68388
10183500,soil_perm,2.578409
10183500,soil_awc,0.1083075
10183500,twi,11.63941
10183500,dist_index,10
10215900,drainage_area,68.55569
10215900,elev,2793.348
10215900,slope,24.65646
10215900,soil_perm,1.272232
10215900,soil_awc,0.1154853
10215900,twi,9.550728
10215900,dist_index,7
10244950,drainage_area,28.1961
10244950,elev,2737.875
10244950,slope,30.41141
10244950,soil_perm,2.164159
10244950,soil_awc,0.09884834
10244950,twi,9.587136
10244950,dist_index,4
10249280,drainage_area,60.4323
10249280,elev,2619.901
10249280,slope,44.43909
10249280,soil_perm,1.58
10249280,soil_awc,0.124
10249280,twi,10.3105
10249280,dist_index,7
10249300,drainage_area,50.1957
10249300,elev,2740.028
10249300,slope,43.73092
10249300,soil_perm,1.790152
10249300,soil_awc,0.1059974
10249300,twi,9.489663
10249300,dist_index,2
10258000,drainage_area,43.6914
10258000,elev,2090.035
10258000,slope,37.14896
10258000,soil_perm,9.076541
10258000,soil_awc,0.06093278
10258000,twi,8.238633
10258000,dist_index,6
10259000,drainage_area,22.4568
10259000,elev,1382.516
10259000,slope,46.01556
10259000,soil_perm,6.682422
10259000,soil_awc,0.0654333
10259000,twi,9.020295
10259000,dist_index,6
10259200,drainage_area,79.1235
10259200,elev,1415.096
10259200,slope,24.89406
10259200,soil_perm,4.590673
10259200,soil_awc,0.09566745
10259200,twi,9.349996
10259200,dist_index,7
10311100,drainage_area,10.6929
10311100,elev,2058.174
10311100,slope,26.23343
10311100,soil_perm,2.321966
10311100,soil_awc,0.08694062
10311100,twi,8.623741
10311100,dist_index,6
10311200,drainage_area,13.5099
10311200,elev,2232.525
10311200,slope,32.2265
10311200,soil_perm,5.383793
10311200,soil_awc,0.0735634
10311200,twi,9.091161
10311200,dist_index,9
10336645,drainage_area,19.5984
10336645,elev,2185.516
10336645,slope,19.32397
10336645,soil_perm,4.80779
10336645,soil_awc,0.06185078
10336645,twi,10.15368
10336645,dist_index,5
10336660,drainage_area,29.7963
10336660,elev,2216.39
10336660,slope,28.43629
10336660,soil_perm,3.978013
10336660,soil_awc,0.09198693
10336660,twi,10.39664
10336660,dist_index,6
10336676,drainage_area,24.7167
10336676,elev,2218.42
10336676,slope,24.58881
10336676,soil_perm,3.874214
10336676,soil_awc,0.07743744
10336676,twi,9.331226
10336676,dist_index,6
10336698,drainage_area,19.8369
10336698,elev,2523.219
10336698,slope,25.03072
10336698,soil_perm,2.590765
10336698,soil_awc,0.1105202
10336698,twi,8.877995
10336698,dist_index,13
10336780,drainage_area,95.1021
10336780,elev,2409.371
10336780,slope,26.10946
10336780,soil_perm,10.34586
10336780,soil_awc,0.06170295
10336780,twi,9.092427
10336780,dist_index,5
10343500,drainage_area,27.6027
10343500,elev,2159.8
10343500,slope,14.21123
10343500,soil_perm,2.364488
10343500,soil_awc,0.1117493
10343500,twi,9.958921
10343500,dist_index,6
10348460,drainage_area,8.5095
10348460,elev,2433.899
10348460,slope,16.87779
10348460,soil_perm,13.3985
10348460,soil_awc,0.061
10348460,twi,9.140741
10348460,dist_index,12
10349300,drainage_area,350.244
10349300,elev,1886.581
10349300,slope,18.65758
10349300,soil_perm,6.352067
10349300,soil_awc,0.09439892
10349300,twi,10.75547
10349300,dist_index,13
10349980,drainage_area,631.8891
10349980,elev,1797.451
10349980,slope,16.47804
10349980,soil_perm,4.611888
10349980,soil_awc,0.1045728
10349980,twi,11.04464
10349980,dist_index,19
11023340,drainage_area,109.6047
11023340,elev,263.0117
11023340,slope,12.82155
11023340,soil_perm,2.818835
11023340,soil_awc,0.1238066
11023340,twi,11.67133
11023340,dist_index,18
11055500,drainage_area,44.2323
11055500,elev,1216.264
11055500,slope,30.87234
11055500,soil_perm,5.73885
11055500,soil_awc,0.07767628
11055500,twi,9.498873
11055500,dist_index,11
11055800,drainage_area,50.5341
11055800,elev,1197.002
11055800,slope,34.37794
11055800,soil_perm,5.911706
11055800,soil_awc,0.07785838
11055800,twi,9.720304
11055800,dist_index,5
11058500,drainage_area,22.8519
11058500,elev,1096.326
11058500,slope,36.4849
11058500,soil_perm,5.602818
11058500,soil_awc,0.08146098
11058500,twi,9.166111
11058500,dist_index,15
11063680,drainage_area,14.3568
11063680,elev,1168.17
11063680,slope,39.01258
11063680,soil_perm,4.893791
11063680,soil_awc,0.08405507
11063680,twi,8.787275
11063680,dist_index,12
11065000,drainage_area,364.7268
11065000,elev,1250.051
11065000,slope,27.26429
11065000,soil_perm,6.615295
11065000,soil_awc,0.08403666
11065000,twi,9.999079
11065000,dist_index,10
11073360,drainage_area,132.2937
11073360,elev,1050.367
11073360,slope,27.10892
11073360,soil_perm,6.952149
11073360,soil_awc,0.08954573
11073360,twi,10.28547
11073360,dist_index,29
11075800,drainage_area,34.8165
11075800,elev,888.1409
11075800,slope,36.52687
11075800,soil_perm,2.32704
11075800,soil_awc,0.1317355
11075800,twi,8.845731
11075800,dist_index,11
11097000,drainage_area,395.8578
11097000,elev,1100.611
11097000,slope,31.35337
11097000,soil_perm,3.46906
11097000,soil_awc,0.1112563
11097000,twi,9.907479
11097000,dist_index,17
11098000,drainage_area,41.5665
11098000,elev,1095.977
11098000,slope,42.75216
11098000,soil_perm,2.455895
11098000,soil_awc,0.1296501
11098000,twi,9.606049
11098000,dist_index,10
11101250,drainage_area,237.2832
11101250,elev,471.2747
11101250,slope,19.58479
11101250,soil_perm,2.609522
11101250,soil_awc,0.1291862
11101250,twi,10.80031
11101250,dist_index,31
11102300,drainage_area,326.5812
11102300,elev,383.2162
11102300,slope,14.78654
11102300,soil_perm,2.535897
11102300,soil_awc,0.1296789
11102300,twi,11.34849
11102300,dist_index,36
11119500,drainage_area,34.0506
11119500,elev,583.4688
11119500,slope,32.56602
11119500,soil_perm,1.243049
11119500,soil_awc,0.1470382
11119500,twi,9.31528
11119500,dist_index,9
11119750,drainage_area,22.644
11119750,elev,495.2724
11119750,slope,25.23579
11119750,soil_perm,1.607098
11119750,soil_awc,0.1437526
11119750,twi,9.613213
11119750,dist_index,30
11119940,drainage_area,16.3899
11119940,elev,424.25
11119940,slope,23.49605
11119940,soil_perm,1.479512
11119940,soil_awc,0.1448875
11119940,twi,9.473869
11119940,dist_index,16
11120000,drainage_area,49.3047
11120000,elev,310.7208
11120000,slope,17.7865
11120000,soil_perm,2.17345
11120000,soil_awc,0.1376303
11120000,twi,10.23827
11120000,dist_index,18
11120500,drainage_area,14.3649
11120500,elev,516.3597
11120500,slope,24.55649
11120500,soil_perm,1.256404
11120500,soil_awc,0.1471946
11120500,twi,8.903044
11120500,dist_index,12
11141280,drainage_area,54.0072
11141280,elev,551.1315
11141280,slope,37.13653
11141280,soil_perm,1.219432
11141280,soil_awc,0.1132135
11141280,twi,10.16771
11141280,dist_index,5
11159200,drainage_area,70.9929
11159200,elev,305.1939
11159200,slope,20.98322
11159200,soil_perm,2.590159
11159200,soil_awc,0.1232898
11159200,twi,10.11787
11159200,dist_index,12
11160000,drainage_area,104.373
11160000,elev,365.7696
11160000,slope,24.79517
11160000,soil_perm,2.87819
11160000,soil_awc,0.122975
11160000,twi,10.39968
11160000,dist_index,12
11160500,drainage_area,275.8086
11160500,elev,364.2502
11160500,slope,25.08045
11160500,soil_perm,3.003514
11160500,soil_awc,0.1229347
11160500,twi,10.75445
11160500,dist_index,20
11162500,drainage_area,118.8711
11162500,elev,346.2512
11162500,slope,26.68502
11162500,soil_perm,2.795958
11162500,soil_awc,0.1236333
11162500,twi,10.36649
11162500,dist_index,16
11162630,drainage_area,69.7779
11162630,elev,237.8258
11162630,slope,25.01032
11162630,soil_perm,1.253134
11162630,soil_awc,0.129017
11162630,twi,10.29167
11162630,dist_index,17
11169500,drainage_area,22.8501
11169500,elev,545.3505
11169500,slope,30.2021
11169500,soil_perm,2.466012
11169500,soil_awc,0.1267131
11169500,twi,9.196703
11169500,dist_index,10
11180825,drainage_area,46.5219
11180825,elev,280.4358
11180825,slope,21.42492
11180825,soil_perm,1.2735
11180825,soil_awc,0.1405
11180825,twi,10.56569
11180825,dist_index,10
11180960,drainage_area,15.0624
11180960,elev,258.0714
11180960,slope,23.27081
11180960,soil_perm,1.2735
11180960,soil_awc,0.1405
11180960,twi,10.18886
11180960,dist_index,10
11181008,drainage_area,14.2983
11181008,elev,100.8386
11181008,slope,6.623158
11181008,soil_perm,0.8271077
11181008,soil_awc,0.1422451
11181008,twi,12.46489
11181008,dist_index,30
11182500,drainage_area,15.696
11182500,elev,347.788
11182500,slope,21.63312
11182500,soil_perm,1.156211
11182500,soil_awc,0.1401494
11182500,twi,9.622686
11182500,dist_index,11
11200800,drainage_area,214.65
11200800,elev,1214.887
11200800,slope,30.80229
11200800,soil_perm,2.767689
11200800,soil_awc,0.1227829
11200800,twi,9.773462
11200800,dist_index,8
11208000,drainage_area,134.154
11208000,elev,2388.822
11208000,slope,30.60243
11208000,soil_perm,6.857266
11208000,soil_awc,0.07867217
11208000,twi,9.206467
11208000,dist_index,8
11230215,drainage_area,480.1302
11230215,elev,3193.009
11230215,slope,34.24417
11230215,soil_perm,9.970079
11230215,soil_awc,0.04505645
11230215,twi,9.698319
11230215,dist_index,13
11230500,drainage_area,135.5301
11230500,elev,3244.583
11230500,slope,35.04643
11230500,soil_perm,9.304061
11230500,soil_awc,0.04442982
11230500,twi,9.681661
11230500,dist_index,8
11234760,drainage_area,2600.879
11234760,elev,2637.509
11234760,slope,29.76438
11234760,soil_perm,9.149541
11234760,soil_awc,0.06001262
11234760,twi,9.699107
11234760,dist_index,18
11237500,drainage_area,59.8239
11237500,elev,2437.313
11237500,slope,15.32331
11237500,soil_perm,12.22206
11237500,soil_awc,0.04924515
11237500,twi,9.939737
11237500,dist_index,10
11284400,drainage_area,41.7168
11284400,elev,959.5541
11284400,slope,13.5624
11284400,soil_perm,1.314
11284400,soil_awc,0.1325
11284400,twi,10.64624
11284400,dist_index,13
11315000,drainage_area,54.0108
11315000,elev,2261.557
11315000,slope,19.38566
11315000,soil_perm,7.154485
11315000,soil_awc,0.05805708
11315000,twi,9.722191
11315000,dist_index,5
11316800,drainage_area,54.5454
11316800,elev,1418.952
11316800,slope,16.76723
11316800,soil_perm,3.386485
11316800,soil_awc,0.09949973
11316800,twi,9.696763
11316800,dist_index,7
11317000,drainage_area,177.6699
11317000,elev,1335.276
11317000,slope,18.03426
11317000,soil_perm,3.569381
11317000,soil_awc,0.1050741
11317000,twi,10.24608
11317000,dist_index,12
11376025,drainage_area,68.0202
11376025,elev,1621.763
11376025,slope,11.67634
11376025,soil_perm,2.717868
11376025,soil_awc,0.1389472
11376025,twi,10.45595
11376025,dist_index,14
11376550,drainage_area,935.505
11376550,elev,1242.17
11376550,slope,13.4405
11376550,soil_perm,2.699993
11376550,soil_awc,0.1239819
11376550,twi,10.48689
11376550,dist_index,16
11381500,drainage_area,337.6305
11381500,elev,1204.709
11381500,slope,26.95332
11381500,soil_perm,2.856066
11381500,soil_awc,0.1164529
11381500,twi,10.29868
11381500,dist_index,6
11409400,drainage_area,75.1689
11409400,elev,1233.911
11409400,slope,21.51901
11409400,soil_perm,2.755135
11409400,soil_awc,0.1086557
11409400,twi,10.11039
11409400,dist_index,18
11421790,drainage_area,55.566
11421790,elev,1284.538
11421790,slope,23.81113
11421790,soil_perm,1.883492
11421790,soil_awc,0.107564
11421790,twi,11.51838
11421790,dist_index,30
11427700,drainage_area,25.5231
11427700,elev,1949.964
11427700,slope,25.29996
11427700,soil_perm,3.495884
11427700,soil_awc,0.07677991
11427700,twi,9.171854
11427700,dist_index,8
11427750,drainage_area,27.2088
11427750,elev,1944.568
11427750,slope,26.05486
11427750,soil_perm,3.457523
11427750,soil_awc,0.07612997
11427750,twi,9.308718
11427750,dist_index,7
11435100,drainage_area,22.7952
11435100,elev,2498.084
11435100,slope,25.2655
11435100,soil_perm,9.056714
11435100,soil_awc,0.04903519
11435100,twi,9.293088
11435100,dist_index,12
11436000,drainage_area,39.0204
11436000,elev,2451.176
11436000,slope,19.65711
11436000,soil_perm,8.292018
11436000,soil_awc,0.05231611
11436000,twi,9.759319
11436000,dist_index,13
11439500,drainage_area,499.6917
11439500,elev,2162.01
11439500,slope,23.73989
11439500,soil_perm,6.290361
11439500,soil_awc,0.07141805
11439500,twi,9.913309
11439500,dist_index,11
11449500,drainage_area,95.3343
11449500,elev,804.1229
11449500,slope,19.9573
11449500,soil_perm,1.175856
11449500,soil_awc,0.1082511
11449500,twi,10.94215
11449500,dist_index,9
11459500,drainage_area,46.4625
11459500,elev,161.2901
11459500,slope,19.52793
11459500,soil_perm,1.259512
11459500,soil_awc,0.1282441
11459500,twi,11.00984
11459500,dist_index,21
11463170,drainage_area,33.8634
11463170,elev,868.1259
11463170,slope,28.85007
11463170,soil_perm,1.005309
11463170,soil_awc,0.1239359
11463170,twi,9.415504
11463170,dist_index,6
11475560,drainage_area,16.794
11475560,elev,847.9674
11475560,slope,34.19172
11475560,soil_perm,2.997198
11475560,soil_awc,0.1088065
11475560,twi,9.782026
11475560,dist_index,4
11476600,drainage_area,71.8452
11476600,elev,472.8815
11476600,slope,29.17156
11476600,soil_perm,1.558711
11476600,soil_awc,0.1270412
11476600,twi,10.02643
11476600,dist_index,7
12010000,drainage_area,142.182
12010000,elev,292.3867
12010000,slope,24.67818
12010000,soil_perm,1.666475
12010000,soil_awc,0.1843316
12010000,twi,10.7201
12010000,dist_index,6
12025700,drainage_area,103.3029
12025700,elev,608.0618
12025700,slope,27.74501
12025700,soil_perm,2.507282
12025700,soil_awc,0.1615978
12025700,twi,10.02807
12025700,dist_index,8
12026150,drainage_area,170.0397
12026150,elev,507.8981
12026150,slope,24.76176
12026150,soil_perm,2.117728
12026150,soil_awc,0.1572134
12026150,twi,10.21434
12026150,dist_index,18
12026400,drainage_area,298.7541
12026400,elev,362.4601
12026400,slope,18.8968
12026400,soil_perm,2.703682
12026400,soil_awc,0.1539351
12026400,twi,11.11867
12026400,dist_index,19
12027500,drainage_area,2326.556
12027500,elev,255.4737
12027500,slope,15.39843
12027500,soil_perm,2.574227
12027500,soil_awc,0.160785
12027500,twi,11.80499
12027500,dist_index,21
12031000,drainage_area,3360.889
12031000,elev,224.4157
12031000,slope,14.22631
12031000,soil_perm,3.330639
12031000,soil_awc,0.1528636
12031000,twi,11.98276
12031000,dist_index,19
12035400,drainage_area,106.1001
12035400,elev,696.0298
12035400,slope,44.63629
12035400,soil_perm,2.093591
12035400,soil_awc,0.1493305
12035400,twi,9.827982
12035400,dist_index,19
12036000,drainage_area,190.7046
12036000,elev,550.4467
12036000,slope,37.15332
12036000,soil_perm,1.96493
12036000,soil_awc,0.1566429
12036000,twi,10.39886
12036000,dist_index,18
12037400,drainage_area,399.6459
12037400,elev,334.72
12037400,slope,22.85312
12037400,soil_perm,1.93158
12037400,soil_awc,0.1695216
12037400,twi,11.56992
12037400,dist_index,17
12054000,drainage_area,171.675
12054000,elev,1073.822
12054000,slope,54.2331
12054000,soil_perm,1.846482
12054000,soil_awc,0.1217545
12054000,twi,9.3870730000000009
12054000,dist_index,3
12056500,drainage_area,146.9715
12056500,elev,990.589
12056500,slope,53.0554
12056500,soil_perm,1.951444
12056500,soil_awc,0.1229682
12056500,twi,9.248461
12056500,dist_index,4
12091100,drainage_area,34.6986
12091100,elev,94.717
12091100,slope,2.533622
12091100,soil_perm,10.28386
12091100,soil_awc,0.08985846
12091100,twi,12.76394
12091100,dist_index,19
12091200,drainage_area,12.2202
12091200,elev,101.2827
12091200,slope,2.873977
12091200,soil_perm,10.03211
12091200,soil_awc,0.08152836
12091200,twi,11.17079
12091200,dist_index,22
12099600,drainage_area,41.6871
12099600,elev,451.6213
12099600,slope,15.36832
12099600,soil_perm,4.139542
12099600,soil_awc,0.143907
12099600,twi,10.31563
12099600,dist_index,24
12108500,drainage_area,71.07653
12108500,elev,262.2211
12108500,slope,6.255032
12108500,soil_perm,2.856532
12108500,soil_awc,0.1442718
12108500,twi,12.53227
12108500,dist_index,13
12113000,drainage_area,1066.557
12113000,elev,594.9594
12113000,slope,22.92193
12113000,soil_perm,4.58457
12113000,soil_awc,0.1338029
12113000,twi,10.64996
12113000,dist_index,22
12115000,drainage_area,102.7983
12115000,elev,1010.255
12115000,slope,38.2899
12115000,soil_perm,4.100573
12115000,soil_awc,0.1321897
12115000,twi,10.06731
12115000,dist_index,9
12115500,drainage_area,34.7184
12115500,elev,993.4973
12115500,slope,31.2985
12115500,soil_perm,2.51211
12115500,soil_awc,0.149149
12115500,twi,9.183003
12115500,dist_index,10
12119000,drainage_area,448.3881
12119000,elev,623.9786
12119000,slope,24.33574
12119000,soil_perm,5.516439
12119000,soil_awc,0.1276335
12119000,twi,10.72123
12119000,dist_index,19
12121600,drainage_area,147.6099
12121600,elev,281.1382
12121600,slope,16.54736
12121600,soil_perm,5.303792
12121600,soil_awc,0.1164936
12121600,twi,10.99691
12121600,dist_index,16
12143400,drainage_area,107.8965
12143400,elev,1042.471
12143400,slope,43.37327
12143400,soil_perm,8.537845
12143400,soil_awc,0.08009686
12143400,twi,9.28658
12143400,dist_index,8
12143700,drainage_area,3.4209
12143700,elev,483.3738
12143700,slope,8.959064
12143700,soil_perm,8.615433
12143700,soil_awc,0.1159417
12143700,twi,11.76494
12143700,dist_index,10
12143900,drainage_area,14.0328
12143900,elev,392.3378
12143900,slope,17.53561
12143900,soil_perm,8.262996
12143900,soil_awc,0.1181479
12143900,twi,11.22448
12143900,dist_index,17
12147600,drainage_area,14.1264
12147600,elev,1027.909
12147600,slope,50.25106
12147600,soil_perm,8.311131
12147600,soil_awc,0.08685721
12147600,twi,8.890247
12147600,dist_index,7
12149000,drainage_area,1561.414
12149000,elev,707.4683
12149000,slope,33.81648
12149000,soil_perm,5.649373
12149000,soil_awc,0.119779
12149000,twi,10.21433
12149000,dist_index,17
12178100,drainage_area,69.6834
12178100,elev,1300.645
12178100,slope,58.25064
12178100,soil_perm,2.350722
12178100,soil_awc,0.117278
12178100,twi,9.22949
12178100,dist_index,3
12330000,drainage_area,182.4732
12330000,elev,2112.623
12330000,slope,28.03546
12330000,soil_perm,4.24049
12330000,soil_awc,0.07018229
12330000,twi,10.01007
12330000,dist_index,5
12332000,drainage_area,315.1476
12332000,elev,2169.689
12332000,slope,24.471
12332000,soil_perm,1.765201
12332000,soil_awc,0.08730011
12332000,twi,10.18319
12332000,dist_index,5
12447390,drainage_area,58.10103
12447390,elev,1936.799
12447390,slope,35.30999
12447390,soil_perm,2.709616
12447390,soil_awc,0.09565675
12447390,twi,9.850947
12447390,dist_index,4
13018300,drainage_area,27.90146
13018300,elev,2535.388
13018300,slope,33.18309
13018300,soil_perm,4.180855
13018300,soil_awc,0.09797409
13018300,twi,9.043776
13018300,dist_index,3
13083000,drainage_area,133.1838
13083000,elev,1942.504
13083000,slope,22.91612
13083000,soil_perm,1.253317
13083000,soil_awc,0.1041017
13083000,twi,10.32649
13083000,dist_index,7
13239000,drainage_area,375.6537
13239000,elev,1973.9
13239000,slope,19.94815
13239000,soil_perm,7.596458
13239000,soil_awc,0.08772787
13239000,twi,10.44028
13239000,dist_index,11
13240000,drainage_area,125.5698
13240000,elev,2107.697
13240000,slope,38.02606
13240000,soil_perm,10.96791
13240000,soil_awc,0.07735876
13240000,twi,9.959843
13240000,dist_index,7
13297330,drainage_area,75.6405
13297330,elev,2325.27
13297330,slope,39.82345
13297330,soil_perm,5.498409
13297330,soil_awc,0.07303771
13297330,twi,9.917581
13297330,dist_index,13
13346800,drainage_area,45.8334
13346800,elev,868.4877
13346800,slope,8.184669
13346800,soil_perm,1.376492
13346800,soil_awc,0.1846675
13346800,twi,12.63979
13346800,dist_index,12
14015000,drainage_area,249.9192
14015000,elev,1030.12
14015000,slope,32.39848
14015000,soil_perm,1.444866
14015000,soil_awc,0.1658923
14015000,twi,10.30353
14015000,dist_index,11
14018500,drainage_area,4294.051
14018500,elev,626.5587
14018500,slope,15.15591
14018500,soil_perm,1.517339
14018500,soil_awc,0.1792823
14018500,twi,11.25831
14018500,dist_index,17
14138800,drainage_area,21.2886
14138800,elev,1000.284
14138800,slope,25.88191
14138800,soil_perm,3.274697
14138800,soil_awc,0.1660828
14138800,twi,10.03811
14138800,dist_index,8
14138850,drainage_area,124.4574
14138850,elev,907.2359
14138850,slope,27.9569
14138850,soil_perm,2.971305
14138850,soil_awc,0.1466094
14138850,twi,10.0487
14138850,dist_index,18
14138870,drainage_area,14.02431
14138870,elev,900.3061
14138870,slope,27.12733
14138870,soil_perm,3.280905
14138870,soil_awc,0.1466475
14138870,twi,8.821058
14138870,dist_index,8
14138900,drainage_area,21.6828
14138900,elev,850.9587
14138900,slope,18.95398
14138900,soil_perm,2.732305
14138900,soil_awc,0.1597617
14138900,twi,9.36511
14138900,dist_index,10
14139800,drainage_area,40.7034
14139800,elev,798.1758
14139800,slope,21.94298
14139800,soil_perm,2.783486
14139800,soil_awc,0.1583506
14139800,twi,10.09519
14139800,dist_index,7
14140000,drainage_area,278.091
14140000,elev,780.0875
14140000,slope,23.70577
14140000,soil_perm,2.633991
14140000,soil_awc,0.1466592
14140000,twi,10.18015
14140000,dist_index,18
14158790,drainage_area,40.5711
14158790,elev,1220.149
14158790,slope,31.2339
14158790,soil_perm,3.280462
14158790,soil_awc,0.1620445
14158790,twi,10.36097
14158790,dist_index,6
14158850,drainage_area,480.1356
14158850,elev,1262.053
14158850,slope,16.98341
14158850,soil_perm,5.016623
14158850,soil_awc,0.143174
14158850,twi,10.52048
14158850,dist_index,14
14182500,drainage_area,286.8498
14182500,elev,818.2591
14182500,slope,35.85889
14182500,soil_perm,2.566641
14182500,soil_awc,0.1528823
14182500,twi,10.1005
14182500,dist_index,9
14211500,drainage_area,68.4882
14211500,elev,160.5515
14211500,slope,7.689132
14211500,soil_perm,1.209827
14211500,soil_awc,0.1674349
14211500,twi,11.66529
14211500,dist_index,17
14219800,drainage_area,32.7789
14219800,elev,652.8591
14219800,slope,29.55305
14219800,soil_perm,2.054219
14219800,soil_awc,0.1316552
14219800,twi,8.653979
14219800,dist_index,10
14309500,drainage_area,224.9208
14309500,elev,736.2654
14309500,slope,32.95816
14309500,soil_perm,2.679669
14309500,soil_awc,0.1297136
14309500,twi,10.83607
14309500,dist_index,5
14310000,drainage_area,1194.809
14310000,elev,710.4463
14310000,slope,30.92251
14310000,soil_perm,2.044533
14310000,soil_awc,0.1139726
14310000,twi,10.70132
14310000,dist_index,16
14314500,drainage_area,107.3304
14314500,elev,1580.946
14314500,slope,14.13002
14314500,soil_perm,3.421929
14314500,soil_awc,0.1421102
14314500,twi,10.32541
14314500,dist_index,9
14316500,drainage_area,1217.343
14316500,elev,1471.741
14316500,slope,20.23899
14316500,soil_perm,3.627831
14316500,soil_awc,0.1418439
14316500,twi,10.32525
14316500,dist_index,16
01054200,age,417
01055000,age,424
01055500,age,432
01059000,age,429
01073000,age,450
01073500,age,514
01094400,age,517
01094500,age,543
01097000,age,730
01097300,age,710
01100600,age,601
01101000,age,578
01101500,age,525
01102000,age,528
01102500,age,748
01103500,age,647
01104200,age,655
01104500,age,661
01105000,age,609
01105500,age,662
01105600,age,636
01105730,age,458
01105870,age,682
01109000,age,396
01109060,age,390
01109070,age,311
01110000,age,703
01111300,age,766
01111500,age,723
01112500,age,713
01114000,age,541
01114500,age,632
01116000,age,362
01117000,age,354
01117468,age,409
01117500,age,572
01117800,age,489
01118000,age,509
01118300,age,771
01119500,age,513
01121000,age,576
01122500,age,588
01123000,age,553
01127500,age,614
01134500,age,416
01135500,age,412
01137500,age,343
01139000,age,411
01139800,age,410
01142500,age,423
01162000,age,507
01162500,age,389
01163200,age,673
01166500,age,471
01169000,age,531
01169900,age,408
01170100,age,469
01173500,age,520
01174500,age,419
01175670,age,737
01176000,age,584
01181000,age,974
01183500,age,564
01184100,age,188
01185500,age,1292
01186500,age,1186
01187300,age,949
01188000,age,418
01192883,age,241
01193500,age,597
01197000,age,1131
01197500,age,850
01199000,age,755
01199050,age,495
01200500,age,738
01208873,age,446
01208950,age,459
01208990,age,653
01209700,age,503
01303500,age,83
01304500,age,83
01305000,age,83
01305500,age,83
01306460,age,83
01306500,age,83
01308000,age,83
01308500,age,83
01311500,age,83
01331500,age,687
01332500,age,734
01333000,age,598
01334000,age,763
01334500,age,689
01350000,age,375
01350120,age,382
01350140,age,382
01350180,age,375
01350355,age,377
01351500,age,391
01357500,age,545
01362200,age,372
01362500,age,373
01365000,age,372
01377500,age,193
01378500,age,196
01379530,age,188
01381000,age,1094
01381500,age,1156
01381900,age,649
01383500,age,699
01387400,age,1216
01387420,age,1222
01388000,age,957
01390500,age,191
01391500,age,180
01393450,age,173
01394500,age,181
01395000,age,178
01396500,age,1075
01396582,age,1270
01396660,age,702
01398000,age,204
01398500,age,1152
01399500,age,1022
01400000,age,685
01401000,age,205
01401650,age,178
01402000,age,161
01403150,age,188
01403400,age,188
01403540,age,188
01405400,age,75
01407500,age,68
01407705,age,19
01407760,age,19
01408000,age,48
01408120,age,22
01408500,age,15
01409400,age,13
01410000,age,13
01410150,age,13
01411000,age,13
01411300,age,13
01413500,age,372
01414500,age,372
01415000,age,372
01420500,age,369
01427510,age,371
01428500,age,371
01435000,age,372
01437500,age,369
01439500,age,373
01440000,age,425
01440400,age,372
01442500,age,380
01447500,age,372
01447680,age,372
01447720,age,372
01447800,age,370
01449360,age,380
01450500,age,399
01451000,age,370
01451500,age,910
01451800,age,466
01452000,age,467
01452500,age,497
01464000,age,226
01464500,age,35
01465500,age,286
01465798,age,598
01466500,age,13
01467000,age,14
01467048,age,808
01467081,age,76
01467150,age,46
01470779,age,490
01472000,age,560
01472157,age,1505
01472198,age,1522
01472199,age,1396
01473000,age,562
01474000,age,381
01475850,age,1948
01477000,age,1849
01477120,age,26
01477800,age,338
01478000,age,505
01480000,age,810
01480300,age,2168
01480617,age,1907
01480675,age,2561
01480700,age,2497
01480870,age,2076
01481500,age,1383
01483200,age,34
01483700,age,34
01484100,age,34
01485000,age,24
01485500,age,1
01486000,age,1
01493000,age,2
01493500,age,9
01495000,age,483
01516350,age,349
01516500,age,370
01521500,age,372
01523500,age,372
01524500,age,372
01534300,age,372
01534500,age,351
01536000,age,350
01538000,age,372
01539000,age,370
01542810,age,370
01544500,age,371
01545000,age,368
01545600,age,357
01546500,age,475
01547100,age,474
01547200,age,429
01547700,age,368
01549500,age,370
01552500,age,371
01557500,age,370
01558000,age,400
01559000,age,426
01567500,age,414
01568000,age,423
01574000,age,520
01576500,age,414
01580000,age,1217
01581700,age,1477
01582000,age,1431
01582500,age,1474
01583500,age,1671
01584050,age,1463
01585100,age,401
01585500,age,1521
01586000,age,1521
01591000,age,1521
01591400,age,1519
01591610,age,1503
01591700,age,1432
01592500,age,1466
01593500,age,1518
01594440,age,1107
01596500,age,379
01597500,age,374
01603000,age,344
01613050,age,372
01615000,age,472
01616500,age,476
01617800,age,481
01620500,age,380
01632900,age,467
01633000,age,436
01634000,age,442
01634500,age,411
01635500,age,411
01648000,age,1377
01649500,age,395
01651000,age,1056
01653600,age,8
01654000,age,600
01656000,age,414
01658500,age,493
01660400,age,561
01661050,age,6
01661500,age,4
01662800,age,1133
01665500,age,1191
01667500,age,907
01668000,age,828
01669000,age,34
01671100,age,960
01673550,age,13
02011400,age,422
02011460,age,413
02011500,age,405
02015700,age,407
02016000,age,400
02016500,age,407
02019500,age,415
02020500,age,392
02021500,age,399
02024000,age,466
02036500,age,1309
02038850,age,766
02039000,age,748
02053500,age,34
02056000,age,582
02056650,age,1142
02056900,age,1018
02077200,age,596
02077303,age,628
02077670,age,713
02093800,age,342
02094500,age,420
02099000,age,477
02102908,age,106
02111000,age,928
02111180,age,966
02111500,age,771
02142000,age,735
02142900,age,634
02143040,age,682
02143500,age,691
02144000,age,666
02146300,age,485
02146507,age,572
02146600,age,724
02146700,age,741
02146750,age,668
02147500,age,721
02162093,age,106
02231600,age,1
02232000,age,1
02232400,age,1
02232500,age,1
02234000,age,1
02234324,age,2
02234990,age,3
02235000,age,5
02236000,age,2
02237293,age,3
02247510,age,1
02248000,age,1
02262900,age,1
02263800,age,2
02263869,age,2
02264100,age,3
02266200,age,3
02266300,age,3
02266480,age,3
02270500,age,2
02271500,age,2
02301900,age,3
02302500,age,9
02303000,age,15
02303330,age,13
02303400,age,12
02303420,age,9
02303800,age,7
02304500,age,10
02306500,age,1
02307000,age,1
02307359,age,1
02310000,age,3
02310947,age,6
02312000,age,13
02312200,age,17
02312500,age,14
02312700,age,17
02312720,age,17
02313000,age,17
02313230,age,19
02324000,age,18
02324400,age,1
02325000,age,8
02326000,age,6
02327100,age,1
02330450,age,2423
02331600,age,2424
02337500,age,2426
02338660,age,2425
02349900,age,35
02381600,age,2426
02382200,age,2426
02430085,age,83
02430880,age,83
02465493,age,88
02479130,age,9
02479155,age,7
02479300,age,11
03011800,age,326
03014500,age,335
03015000,age,363
03016000,age,362
03021350,age,372
03024000,age,361
03026500,age,316
03028000,age,323
03049800,age,311
03052500,age,311
03053500,age,306
03076600,age,357
03078000,age,311
03079000,age,320
03080000,age,315
03081000,age,327
03117000,age,341
03117500,age,311
03118000,age,311
03118500,age,311
03139000,age,354
03140000,age,314
03157000,age,349
03157500,age,347
03159500,age,331
03165000,age,758
03170000,age,843
03206600,age,311
03210000,age,311
03237280,age,374
03274650,age,434
03275600,age,449
03291780,age,445
03293000,age,413
03294000,age,357
03298000,age,461
03298500,age,456
03302000,age,260
03302220,age,341
03302680,age,341
03302800,age,341
03303000,age,341
03326500,age,435
03327500,age,433
03335500,age,419
03337000,age,315
03340800,age,341
03341300,age,328
03347000,age,437
03349000,age,436
03350700,age,434
03351000,age,435
03351310,age,386
03351500,age,430
03352500,age,426
03353120,age,391
03353200,age,391
03353600,age,376
03353620,age,383
03353800,age,342
03357350,age,341
03358000,age,341
03360000,age,335
03360500,age,370
03361500,age,419
03361650,age,399
03361850,age,393
03362000,age,362
03362500,age,385
03363500,age,440
03363900,age,419
03364000,age,403
03364500,age,415
03365500,age,402
03366500,age,407
03368000,age,433
03369500,age,423
03378550,age,311
03431700,age,460
03478400,age,492
03611260,age,31
03612000,age,329
04024430,age,1251
04025500,age,1300
04037500,age,2676
04043050,age,1171
04057510,age,455
04057800,age,2501
04087030,age,434
04087088,age,434
04087120,age,434
04087204,age,434
04087220,age,434
04087240,age,435
04087257,age,434
04093000,age,388
04094000,age,377
04096405,age,341
04096515,age,341
04097540,age,341
04099000,age,342
04099510,age,341
04099750,age,342
04100222,age,366
04100500,age,380
04105700,age,341
04106400,age,341
04108600,age,341
04112000,age,311
04121300,age,321
04121500,age,306
04122100,age,341
04127800,age,375
04127997,age,374
04128990,age,358
04135700,age,341
04136500,age,342
04146000,age,341
04146063,age,341
04147500,age,341
04148140,age,338
04148500,age,338
04163400,age,341
04164100,age,341
04164300,age,341
04164500,age,344
04166100,age,345
04166300,age,347
04166500,age,356
04285500,age,570
04286000,age,438
04287000,age,520
04288000,age,722
04290500,age,586
04296000,age,429
05287890,age,489
05426250,age,458
05427948,age,499
05430150,age,485
05431486,age,464
05448000,age,327
05451700,age,339
05451900,age,369
05452000,age,380
05452200,age,374
05453000,age,359
05466500,age,316
05467000,age,320
05469000,age,325
05484800,age,313
05503800,age,314
05515500,age,373
05516500,age,378
05517000,age,382
05517500,age,379
05517530,age,380
05518000,age,380
05527800,age,437
05528500,age,434
05529000,age,435
05529500,age,434
05530990,age,434
05531500,age,434
05532000,age,434
05532500,age,434
05533000,age,434
05534500,age,434
05535000,age,434
05535070,age,434
05535500,age,434
05536000,age,434
05536195,age,420
05536215,age,434
05536235,age,434
05536255,age,434
05536275,age,434
05536290,age,425
05536340,age,434
05536500,age,434
05537500,age,434
05539000,age,434
05539900,age,434
05540095,age,434
05540500,age,434
05543830,age,436
05544200,age,462
05548280,age,440
05550500,age,435
05551200,age,439
05551700,age,440
05568800,age,308
05569500,age,308
05577500,age,306
05579500,age,305
05580000,age,305
05580950,age,305
05587900,age,306
05588000,age,306
05590800,age,307
05591200,age,308
05591550,age,305
05591700,age,305
05592050,age,305
05593900,age,305
06062500,age,93
06204050,age,3242
06295113,age,56
06332515,age,61
06409000,age,480
06410500,age,1363
06421500,age,929
06436190,age,603
06453600,age,45
06470800,age,83
06470878,age,83
06471000,age,83
06614800,age,242
06622700,age,639
06632400,age,1077
06712000,age,45
06746095,age,1355
06803000,age,218
06803510,age,123
06803520,age,204
06803530,age,123
06804000,age,123
06823500,age,8
06879650,age,276
06893080,age,311
06893300,age,311
06893500,age,310
07083000,age,1638
07105900,age,60
07106300,age,386
07195500,age,337
07195800,age,341
07195855,age,341
07196000,age,343
07196500,age,331
07196900,age,329
07197000,age,313
07340300,age,368
07352000,age,34
08010000,age,1
08012000,age,1
08017200,age,57
08017300,age,62
08023080,age,43
08025500,age,31
08029500,age,8
08049700,age,78
08061540,age,83
08066300,age,4
08068500,age,3
08068720,age,3
08068740,age,3
08069000,age,2
08070000,age,7
08070500,age,8
08072730,age,1
08074500,age,1
08075000,age,1
08075730,age,1
08075770,age,1
08076000,age,1
08078000,age,1
08082700,age,191
08083100,age,80
08084000,age,143
08084800,age,152
08085500,age,171
08103900,age,123
08104900,age,119
08110325,age,60
08110430,age,53
08115000,age,1
08154700,age,123
08155300,age,121
08158600,age,85
08158700,age,118
08158810,age,121
08160800,age,7
08164450,age,3
08164503,age,1
08164600,age,1
08164800,age,1
08165300,age,107
08167000,age,107
08167500,age,111
08169000,age,93
08171000,age,118
08171300,age,116
08172000,age,88
08181400,age,119
08185000,age,113
08186000,age,65
08189200,age,1
08189700,age,7
08200000,age,111
08201500,age,115
08202700,age,95
08211520,age,1
08265000,age,633
08267500,age,1055
08275500,age,295
08276300,age,356
08291000,age,1788
08294210,age,1761
08316000,age,1748
08377900,age,930
09024000,age,1291
09025000,age,1086
09026500,age,1454
09032000,age,1553
09034900,age,1300
09035700,age,1574
09035900,age,1947
09036000,age,1751
09046600,age,768
09047700,age,2050
09050100,age,922
09063900,age,1861
09066200,age,1451
09066300,age,769
09067000,age,998
09073300,age,956
09073400,age,968
09081600,age,190
09085000,age,386
09126000,age,21
09146200,age,93
09147500,age,72
09149500,age,79
09261700,age,291
09266500,age,300
09306242,age,45
09310700,age,78
09312600,age,45
09337000,age,37
09352900,age,1529
09354500,age,556
09378630,age,119
09403600,age,123
09404450,age,54
09408000,age,38
09408400,age,23
09423350,age,328
09430600,age,27
09480000,age,63
09492400,age,16
09497800,age,269
09497980,age,926
09508300,age,1374
09512280,age,715
09513780,age,841
09513860,age,328
10134500,age,81
10136500,age,134
10141000,age,174
10146400,age,73
10172700,age,441
10172800,age,307
10172952,age,1334
10173450,age,22
10183500,age,22
10215900,age,35
10244950,age,401
10249280,age,461
10249300,age,29
10258000,age,185
10259000,age,425
10259200,age,900
10311100,age,188
10311200,age,143
10336645,age,86
10336660,age,235
10336676,age,9
10336698,age,37
10336780,age,95
10343500,age,8
10348460,age,95
10349300,age,45
10349980,age,31
11023340,age,212
11055500,age,230
11055800,age,281
11058500,age,137
11063680,age,1161
11065000,age,178
11073360,age,404
11075800,age,234
11097000,age,462
11098000,age,420
11101250,age,102
11102300,age,74
11119500,age,36
11119750,age,32
11119940,age,34
11120000,age,24
11120500,age,41
11141280,age,32
11159200,age,14
11160000,age,25
11160500,age,38
11162500,age,23
11162630,age,59
11169500,age,68
11180825,age,72
11180960,age,23
11181008,age,71
11182500,age,14
11200800,age,249
11208000,age,213
11230215,age,143
11230500,age,121
11234760,age,120
11237500,age,110
11284400,age,316
11315000,age,107
11316800,age,67
11317000,age,111
11376025,age,4
11376550,age,6
11381500,age,13
11409400,age,145
11421790,age,248
11427700,age,100
11427750,age,114
11435100,age,114
11436000,age,98
11439500,age,101
11449500,age,94
11459500,age,103
11463170,age,136
11475560,age,52
11476600,age,50
12010000,age,44
12025700,age,37
12026150,age,36
12026400,age,32
12027500,age,28
12031000,age,27
12035400,age,51
12036000,age,41
12037400,age,24
12054000,age,58
12056500,age,50
12091100,age,1
12091200,age,1
12099600,age,6
12108500,age,4
12113000,age,15
12115000,age,25
12115500,age,23
12119000,age,15
12121600,age,13
12143400,age,42
12143700,age,3
12143900,age,8
12147600,age,51
12149000,age,37
12178100,age,2140
12330000,age,414
12332000,age,940
12447390,age,2317
13018300,age,182
13083000,age,119
13239000,age,110
13240000,age,114
13297330,age,171
13346800,age,56
14015000,age,15
14018500,age,7
14138800,age,5
14138850,age,5
14138870,age,3
14138900,age,3
14139800,age,3
14140000,age,5
14158790,age,6
14158850,age,3
14182500,age,15
14211500,age,3
14219800,age,32
14309500,age,135
14310000,age,152
14314500,age,3
14316500,age,7
01054200,q_norm_mean,990.3532857142856
01054200,precip_mean,1385.942857142857
01054200,temp_mean,4.672058603260153
01054200,pet_mean,806.5264285714286
01054200,si_mean,0.32005767445458705
01055000,q_norm_mean,802.6877952380952
01055000,precip_mean,1382.4778571428571
01055000,temp_mean,4.223133630261747
01055000,pet_mean,841.0016666666667
01055000,si_mean,0.3351496913288287
01055500,q_norm_mean,645.8013631578947
01055500,precip_mean,1185.382619047619
01055500,temp_mean,6.494586822153069
01055500,pet_mean,914.2523809523808
01055500,si_mean,0.34847396716951107
01059000,q_norm_mean,701.3119476190476
01059000,precip_mean,1213.8640476190476
01059000,temp_mean,5.069619667853668
01059000,pet_mean,831.6469047619048
01059000,si_mean,0.31512829231192807
01073000,q_norm_mean,606.1180976190476
01073000,precip_mean,1175.4188095238096
01073000,temp_mean,8.91940762068732
01073000,pet_mean,1022.429523809524
01073000,si_mean,0.3740384365976795
01073500,q_norm_mean,580.5945642857143
01073500,precip_mean,1179.1673809523809
01073500,temp_mean,8.59232800608828
01073500,pet_mean,1003.05
01073500,si_mean,0.3666788639062822
01094400,q_norm_mean,672.9712023809524
01094400,precip_mean,1278.365238095238
01094400,temp_mean,8.226551659484064
01094400,pet_mean,948.330238095238
01094400,si_mean,0.3609187226181957
01094500,q_norm_mean,713.8137738095238
01094500,precip_mean,1279.621666666667
01094500,temp_mean,8.49874952145691
01094500,pet_mean,966.4140476190476
01094500,si_mean,0.3633623769426875
01097000,q_norm_mean,641.4355761904762
01097000,precip_mean,1248.9766666666667
01097000,temp_mean,9.437699507020412
01097000,pet_mean,1034.117619047619
01097000,si_mean,0.3686757848439649
01097300,q_norm_mean,591.8205285714286
01097300,precip_mean,1209.9071428571428
01097300,temp_mean,9.492288549898587
01097300,pet_mean,1036.0980952380953
01097300,si_mean,0.3788864102991891
01100600,q_norm_mean,573.5740666666667
01100600,precip_mean,1236.0169047619047
01100600,temp_mean,9.930230852038395
01100600,pet_mean,1026.637380952381
01100600,si_mean,0.38638775512747264
01101000,q_norm_mean,648.7166809523809
01101000,precip_mean,1242.260476190476
01101000,temp_mean,9.747892533658424
01101000,pet_mean,1029.662857142857
01101000,si_mean,0.3870404711592352
01101500,q_norm_mean,585.5185142857143
01101500,precip_mean,1237.972380952381
01101500,temp_mean,9.97561229811185
01101500,pet_mean,1036.8326190476191
01101500,si_mean,0.3876231343525519
01102000,q_norm_mean,588.3173761904762
01102000,precip_mean,1239.4519047619046
01102000,temp_mean,10.038847459711484
01102000,pet_mean,1048.0485714285714
01102000,si_mean,0.38734746751461663
01102500,q_norm_mean,571.0630738095238
01102500,precip_mean,1257.3995238095238
01102500,temp_mean,10.037431271587907
01102500,pet_mean,1038.757619047619
01102500,si_mean,0.3885875407861286
01103500,q_norm_mean,620.8242785714285
01103500,precip_mean,1260.5392857142858
01103500,temp_mean,9.995784468469624
01103500,pet_mean,1062.506666666667
01103500,si_mean,0.3799647604172958
01104200,q_norm_mean,496.05288333333334
01104200,precip_mean,1263.0645238095235
01104200,temp_mean,10.04049079985314
01104200,pet_mean,1059.4916666666668
01104200,si_mean,0.38095673806358865
01104500,q_norm_mean,481.2531333333333
01104500,precip_mean,1258.175
01104500,temp_mean,10.043729825443164
01104500,pet_mean,1056.3121428571428
01104500,si_mean,0.3804809810724269
01105000,q_norm_mean,683.1894523809524
01105000,precip_mean,1265.6190476190477
01105000,temp_mean,10.23669321199548
01105000,pet_mean,1045.8295238095238
01105000,si_mean,0.3869632946887408
01105500,q_norm_mean,798.2659619047619
01105500,precip_mean,1308.6690476190477
01105500,temp_mean,10.28799342872114
01105500,pet_mean,1044.7252380952382
01105500,si_mean,0.39055832695708503
01105600,q_norm_mean,648.1508761904762
01105600,precip_mean,1245.76
01105600,temp_mean,10.62286527363397
01105600,pet_mean,1119.0580952380951
01105600,si_mean,0.406071238322038
01105730,q_norm_mean,737.8514595238096
01105730,precip_mean,1250.7061904761904
01105730,temp_mean,10.626779643828488
01105730,pet_mean,1116.749761904762
01105730,si_mean,0.39934606095755815
01105870,q_norm_mean,594.4386880952381
01105870,precip_mean,1330.3464285714283
01105870,temp_mean,10.550478847860726
01105870,pet_mean,1074.854761904762
01105870,si_mean,0.3902352090842436
01109000,q_norm_mean,615.6210428571428
01109000,precip_mean,1284.5683333333334
01109000,temp_mean,10.216728009296393
01109000,pet_mean,1052.0380952380951
01109000,si_mean,0.3831170587252746
01109060,q_norm_mean,675.9713476190476
01109060,precip_mean,1284.3161904761905
01109060,temp_mean,10.240217932266102
01109060,pet_mean,1053.3609523809523
01109060,si_mean,0.38386206801857664
01109070,q_norm_mean,734.176269047619
01109070,precip_mean,1281.267380952381
01109070,temp_mean,10.511452705327958
01109070,pet_mean,1067.5507142857143
01109070,si_mean,0.3875205835556126
01110000,q_norm_mean,588.0595309523809
01110000,precip_mean,1260.95
01110000,temp_mean,9.198756903674711
01110000,pet_mean,1024.944761904762
01110000,si_mean,0.3693435352426549
01111300,q_norm_mean,684.1658175
01111300,precip_mean,1289.0759523809525
01111300,temp_mean,9.355753082459124
01111300,pet_mean,1035.845476190476
01111300,si_mean,0.3768592783909927
01111500,q_norm_mean,695.3057261904762
01111500,precip_mean,1317.710476190476
01111500,temp_mean,9.631484356898683
01111500,pet_mean,1046.007619047619
01111500,si_mean,0.3764528837565105
01112500,q_norm_mean,721.5641023809524
01112500,precip_mean,1281.9730952380953
01112500,temp_mean,9.38063701838247
01112500,pet_mean,1036.800238095238
01112500,si_mean,0.36967991165092073
01114000,q_norm_mean,599.6664642857143
01114000,precip_mean,1287.0657142857142
01114000,temp_mean,10.61454283005215
01114000,pet_mean,1072.9819047619048
01114000,si_mean,0.3861699964808457
01114500,q_norm_mean,718.1915404761905
01114500,precip_mean,1315.0271428571427
01114500,temp_mean,10.096929544555303
01114500,pet_mean,1063.5009523809524
01114500,si_mean,0.3838503453310755
01116000,q_norm_mean,728.4947404761905
01116000,precip_mean,1313.5228571428572
01116000,temp_mean,10.080079600340772
01116000,pet_mean,1081.022380952381
01116000,si_mean,0.382874885855124
01117000,q_norm_mean,751.5852595238096
01117000,precip_mean,1293.4730952380953
01117000,temp_mean,10.66723278225131
01117000,pet_mean,1100.7009523809525
01117000,si_mean,0.38954989063063306
01117468,q_norm_mean,734.7545595238096
01117468,precip_mean,1330.2235714285714
01117468,temp_mean,10.192699081054684
01117468,pet_mean,1089.8638095238096
01117468,si_mean,0.3853145087701373
01117500,q_norm_mean,696.8214166666667
01117500,precip_mean,1320.6954761904765
01117500,temp_mean,10.438387436327924
01117500,pet_mean,1085.2716666666668
01117500,si_mean,0.38742911756212794
01117800,q_norm_mean,736.0205195121952
01117800,precip_mean,1308.4483333333333
01117800,temp_mean,9.845266315913296
01117800,pet_mean,1067.2290476190476
01117800,si_mean,0.3800096439080805
01118000,q_norm_mean,741.230119047619
01118000,precip_mean,1311.5280952380951
01118000,temp_mean,9.943143513023143
01118000,pet_mean,1070.9438095238097
01118000,si_mean,0.3786071757042068
01118300,q_norm_mean,782.9857595238095
01118300,precip_mean,1312.9097619047618
01118300,temp_mean,10.201792807773607
01118300,pet_mean,1067.4490476190476
01118300,si_mean,0.3776793926770157
01119500,q_norm_mean,659.9635357142857
01119500,precip_mean,1300.0409523809524
01119500,temp_mean,9.05773108017067
01119500,pet_mean,999.5983333333334
01119500,si_mean,0.36468440780184613
01121000,q_norm_mean,715.4606619047619
01121000,precip_mean,1340.949761904762
01121000,temp_mean,9.145150162722471
01121000,pet_mean,1005.7961904761904
01121000,si_mean,0.3665828672939164
01122500,q_norm_mean,666.81755
01122500,precip_mean,1321.112380952381
01122500,temp_mean,9.198036748901222
01122500,pet_mean,1011.4709523809524
01122500,si_mean,0.3654171452162057
01123000,q_norm_mean,658.7232333333334
01123000,precip_mean,1340.977380952381
01123000,temp_mean,9.519576137364146
01123000,pet_mean,1028.7009523809525
01123000,si_mean,0.3726784387897082
01127500,q_norm_mean,680.2191928571428
01127500,precip_mean,1338.5364285714286
01127500,temp_mean,9.960813289774327
01127500,pet_mean,1063.1392857142855
01127500,si_mean,0.3723127936926832
01134500,q_norm_mean,739.1419428571428
01134500,precip_mean,1215.635238095238
01134500,temp_mean,4.614812140201541
01134500,pet_mean,818.425
01134500,si_mean,0.3030063786453622
01135500,q_norm_mean,661.7783285714286
01135500,precip_mean,1154.1430952380952
01135500,temp_mean,4.947340624654682
01135500,pet_mean,832.9380952380952
01135500,si_mean,0.31190310185598036
01137500,q_norm_mean,869.0466357142857
01137500,precip_mean,1439.9842857142858
01137500,temp_mean,3.8230287286259665
01137500,pet_mean,748.4080952380953
01137500,si_mean,0.3042704908748923
01139000,q_norm_mean,607.402369047619
01139000,precip_mean,1133.8028571428572
01139000,temp_mean,5.397469670883549
01139000,pet_mean,852.5416666666666
01139000,si_mean,0.32748359644119474
01139800,q_norm_mean,670.697519047619
01139800,precip_mean,1181.2019047619049
01139800,temp_mean,4.879878808294034
01139800,pet_mean,811.9557142857143
01139800,si_mean,0.32320175153409375
01142500,q_norm_mean,625.7663761904762
01142500,precip_mean,1126.9173809523809
01142500,temp_mean,5.829893599463889
01142500,pet_mean,840.3766666666667
01142500,si_mean,0.328897270191493
01162000,q_norm_mean,661.3568476190476
01162000,precip_mean,1256.7430952380953
01162000,temp_mean,7.696794206866069
01162000,pet_mean,951.802619047619
01162000,si_mean,0.3598028457524386
01162500,q_norm_mean,674.1943095238095
01162500,precip_mean,1255.364523809524
01162500,temp_mean,7.75109905574626
01162500,pet_mean,971.6621428571428
01162500,si_mean,0.3577592476239873
01163200,q_norm_mean,677.7215261904762
01163200,precip_mean,1236.7833333333333
01163200,temp_mean,7.656065233354364
01163200,pet_mean,929.7704761904762
01163200,si_mean,0.3598316389040741
01166500,q_norm_mean,658.7395523809524
01166500,precip_mean,1241.4819047619048
01166500,temp_mean,7.905813083029454
01166500,pet_mean,968.6964285714286
01166500,si_mean,0.3573092934907806
01169000,q_norm_mean,812.1923833333333
01169000,precip_mean,1313.690476190476
01169000,temp_mean,6.76744231283351
01169000,pet_mean,889.0340476190477
01169000,si_mean,0.3396132049572886
01169900,q_norm_mean,799.6376952380953
01169900,precip_mean,1313.6440476190476
01169900,temp_mean,7.697912753663483
01169900,pet_mean,967.6638095238096
01169900,si_mean,0.35990423933285104
01170100,q_norm_mean,784.8298904761905
01170100,precip_mean,1315.5047619047618
01170100,temp_mean,6.771624633295192
01170100,pet_mean,902.1285714285714
01170100,si_mean,0.33792119265312004
01173500,q_norm_mean,608.761111904762
01173500,precip_mean,1244.8111904761904
01173500,temp_mean,8.190077024941274
01173500,pet_mean,952.6304761904762
01173500,si_mean,0.35939499631455635
01174500,q_norm_mean,658.6217666666666
01174500,precip_mean,1241.450238095238
01174500,temp_mean,8.16954084815302
01174500,pet_mean,952.035238095238
01174500,si_mean,0.36196156976045907
01175670,q_norm_mean,603.2316214285714
01175670,precip_mean,1251.797619047619
01175670,temp_mean,8.34284658995719
01175670,pet_mean,966.6195238095238
01175670,si_mean,0.3606485289970644
01176000,q_norm_mean,639.2715023809524
01176000,precip_mean,1254.5290476190476
01176000,temp_mean,8.598940332716664
01176000,pet_mean,981.535
01176000,si_mean,0.3583554483076974
01181000,q_norm_mean,769.0010285714286
01181000,precip_mean,1428.220476190476
01181000,temp_mean,7.444910470558461
01181000,pet_mean,927.7333333333332
01181000,si_mean,0.3586508040938486
01183500,q_norm_mean,703.9812428571429
01183500,precip_mean,1357.0088095238095
01183500,temp_mean,7.786617104930152
01183500,pet_mean,942.2557142857142
01183500,si_mean,0.3583723383084615
01184100,q_norm_mean,722.5757666666667
01184100,precip_mean,1228.9988095238095
01184100,temp_mean,10.173282750348436
01184100,pet_mean,1079.4671428571428
01184100,si_mean,0.38042103649777753
01185500,q_norm_mean,747.8727952380953
01185500,precip_mean,1360.9807142857144
01185500,temp_mean,7.373915532243289
01185500,pet_mean,918.4321428571428
01185500,si_mean,0.3614460470321933
01186500,q_norm_mean,697.1160595238096
01186500,precip_mean,1357.2688095238095
01186500,temp_mean,7.924871737975825
01186500,pet_mean,960.337619047619
01186500,si_mean,0.3729550049771777
01187300,q_norm_mean,726.4332285714286
01187300,precip_mean,1360.8988095238096
01187300,temp_mean,7.669441740720542
01187300,pet_mean,953.782619047619
01187300,si_mean,0.377205819861899
01188000,q_norm_mean,753.7560952380952
01188000,precip_mean,1364.681904761905
01188000,temp_mean,8.692975181703792
01188000,pet_mean,998.8066666666666
01188000,si_mean,0.3852522249672089
01192883,q_norm_mean,719.4941357142857
01192883,precip_mean,1325.9316666666666
01192883,temp_mean,10.509588347787652
01192883,pet_mean,1057.9654761904762
01192883,si_mean,0.3773802487135636
01193500,q_norm_mean,655.2889619047619
01193500,precip_mean,1335.564761904762
01193500,temp_mean,9.777665167766337
01193500,pet_mean,1046.9861904761906
01193500,si_mean,0.3686861774706386
01197000,q_norm_mean,679.1142023809524
01197000,precip_mean,1313.2990476190475
01197000,temp_mean,7.0718073547706375
01197000,pet_mean,876.7935714285715
01197000,si_mean,0.3419774998967715
01197500,q_norm_mean,686.2715547619048
01197500,precip_mean,1270.5214285714285
01197500,temp_mean,7.408211567732116
01197500,pet_mean,907.0235714285716
01197500,si_mean,0.3419137168889201
01199000,q_norm_mean,646.9688238095238
01199000,precip_mean,1272.2430952380953
01199000,temp_mean,7.679868207272429
01199000,pet_mean,929.434523809524
01199000,si_mean,0.3490073019618252
01199050,q_norm_mean,621.1467357142857
01199050,precip_mean,1275.0442857142857
01199050,temp_mean,8.19097652732775
01199050,pet_mean,987.910238095238
01199050,si_mean,0.3746306544877445
01200500,q_norm_mean,629.6369738095239
01200500,precip_mean,1257.2933333333333
01200500,temp_mean,8.150035282081992
01200500,pet_mean,956.5492857142856
01200500,si_mean,0.3559025501774104
01208873,q_norm_mean,543.0720699999999
01208873,precip_mean,1267.2704761904763
01208873,temp_mean,11.314148952552053
01208873,pet_mean,1092.114761904762
01208873,si_mean,0.3706263807560268
01208950,q_norm_mean,649.372230952381
01208950,precip_mean,1278.9009523809525
01208950,temp_mean,11.340151588549183
01208950,pet_mean,1095.922380952381
01208950,si_mean,0.3702526156300086
01208990,q_norm_mean,682.87285
01208990,precip_mean,1334.372380952381
01208990,temp_mean,10.80435429120372
01208990,pet_mean,1062.232619047619
01208990,si_mean,0.37340648234805296
01209700,q_norm_mean,673.2482785714286
01209700,precip_mean,1320.6640476190476
01209700,temp_mean,11.128910597100582
01209700,pet_mean,1086.8495238095238
01209700,si_mean,0.3706532598946034
01303500,q_norm_mean,128.3861738095238
01303500,precip_mean,1208.6414285714286
01303500,temp_mean,11.737053857039484
01303500,pet_mean,1138.2490476190476
01303500,si_mean,0.36872310320745383
01304500,q_norm_mean,168.0764428571429
01304500,precip_mean,1189.0580952380951
01304500,temp_mean,11.71311780180296
01304500,pet_mean,1161.72
01304500,si_mean,0.3676108834465885
01305000,q_norm_mean,115.20351428571428
01305000,precip_mean,1203.7371428571428
01305000,temp_mean,11.758660483925588
01305000,pet_mean,1146.931904761905
01305000,si_mean,0.3673069114366753
01305500,q_norm_mean,512.0677642857142
01305500,precip_mean,1229.2371428571428
01305500,temp_mean,11.7130098934551
01305500,pet_mean,1147.032380952381
01305500,si_mean,0.3676290314991893
01306460,q_norm_mean,418.4459
01306460,precip_mean,1193.932857142857
01306460,temp_mean,11.823451267025264
01306460,pet_mean,1136.462142857143
01306460,si_mean,0.367870153269166
01306500,q_norm_mean,479.5356142857143
01306500,precip_mean,1192.6757142857143
01306500,temp_mean,11.829111877492968
01306500,pet_mean,1137.4809523809524
01306500,si_mean,0.36787692332201233
01308000,q_norm_mean,145.4103738095238
01308000,precip_mean,1201.317380952381
01308000,temp_mean,11.833221377419894
01308000,pet_mean,1142.6883333333333
01308000,si_mean,0.3671827316405296
01308500,q_norm_mean,226.49945
01308500,precip_mean,1193.7742857142855
01308500,temp_mean,11.888154135432153
01308500,pet_mean,1149.3640476190476
01308500,si_mean,0.3637327936381926
01311500,q_norm_mean,130.81894285714284
01311500,precip_mean,1182.299523809524
01311500,temp_mean,12.627974611373109
01311500,pet_mean,1220.0261904761903
01311500,si_mean,0.365586943534231
01331500,q_norm_mean,704.3739095238095
01331500,precip_mean,1272.609761904762
01331500,temp_mean,7.030746960315678
01331500,pet_mean,862.6483333333333
01331500,si_mean,0.3357718454394466
01332500,q_norm_mean,789.2508642857143
01332500,precip_mean,1309.987380952381
01332500,temp_mean,6.736658031503641
01332500,pet_mean,838.0690476190476
01332500,si_mean,0.3320661941385737
01333000,q_norm_mean,716.0957071428571
01333000,precip_mean,1246.5454761904762
01333000,temp_mean,7.051640110644152
01333000,pet_mean,848.5038095238095
01333000,si_mean,0.3345322162292353
01334000,q_norm_mean,704.27545
01334000,precip_mean,1304.861666666667
01334000,temp_mean,6.635563524144593
01334000,pet_mean,818.2002380952381
01334000,si_mean,0.3208737063228132
01334500,q_norm_mean,706.9003571428572
01334500,precip_mean,1248.4080952380953
01334500,temp_mean,7.128432135995352
01334500,pet_mean,844.722619047619
01334500,si_mean,0.3242163145136742
01350000,q_norm_mean,745.6536333333333
01350000,precip_mean,1264.262619047619
01350000,temp_mean,6.440219379480215
01350000,pet_mean,991.702380952381
01350000,si_mean,0.36262004626943894
01350120,q_norm_mean,424.62996428571427
01350120,precip_mean,1073.39
01350120,temp_mean,7.03024242440445
01350120,pet_mean,1019.9976190476192
01350120,si_mean,0.35140398184738925
01350140,q_norm_mean,529.3988071428571
01350140,precip_mean,1094.7490476190476
01350140,temp_mean,7.100504307778954
01350140,pet_mean,952.35
01350140,si_mean,0.3483581533988624
01350180,q_norm_mean,417.12582857142854
01350180,precip_mean,1206.144523809524
01350180,temp_mean,6.582122859923219
01350180,pet_mean,988.7421428571428
01350180,si_mean,0.35477716928617575
01350355,q_norm_mean,476.3009928571428
01350355,precip_mean,1189.874523809524
01350355,temp_mean,6.655587946773889
01350355,pet_mean,984.442619047619
01350355,si_mean,0.35066710205382867
01351500,q_norm_mean,488.1296095238095
01351500,precip_mean,1133.6711904761903
01351500,temp_mean,7.142633662342847
01351500,pet_mean,950.2259523809524
01351500,si_mean,0.33935283367658603
01357500,q_norm_mean,622.1068285714285
01357500,precip_mean,1212.3004761904765
01357500,temp_mean,7.213370504635719
01357500,pet_mean,881.2790476190477
01357500,si_mean,0.2892054179380965
01362200,q_norm_mean,844.7802023809523
01362200,precip_mean,1406.770476190476
01362200,temp_mean,6.2764064443802825
01362200,pet_mean,948.8607142857144
01362200,si_mean,0.36563649321562286
01362500,q_norm_mean,1310.7812738095238
01362500,precip_mean,1425.6292857142855
01362500,temp_mean,6.894325819226561
01362500,pet_mean,973.7345238095238
01362500,si_mean,0.3700323787139993
01365000,q_norm_mean,980.9617452380952
01365000,precip_mean,1438.5659523809525
01365000,temp_mean,6.9806355872089085
01365000,pet_mean,937.6711904761904
01365000,si_mean,0.3737330240387224
01377500,q_norm_mean,650.9493785714286
01377500,precip_mean,1281.852380952381
01377500,temp_mean,11.282045482089837
01377500,pet_mean,1101.5783333333334
01377500,si_mean,0.3838793031474685
01378500,q_norm_mean,185.7184880952381
01378500,precip_mean,1267.9790476190476
01378500,temp_mean,11.570908889673094
01378500,pet_mean,1122.1228571428571
01378500,si_mean,0.3807570989448348
01379530,q_norm_mean,422.3727333333333
01379530,precip_mean,1306.6435714285717
01379530,temp_mean,11.403620532261112
01379530,pet_mean,1127.5733333333333
01379530,si_mean,0.38448666506886986
01381000,q_norm_mean,481.8187976190477
01381000,precip_mean,1323.41
01381000,temp_mean,9.98592881738368
01381000,pet_mean,1066.0883333333334
01381000,si_mean,0.3823067453693426
01381500,q_norm_mean,712.3500761904762
01381500,precip_mean,1338.2485714285715
01381500,temp_mean,10.430844732817896
01381500,pet_mean,1093.64
01381500,si_mean,0.38507364983653497
01381900,q_norm_mean,620.5698
01381900,precip_mean,1314.8140476190476
01381900,temp_mean,10.568284568277496
01381900,pet_mean,1088.0242857142855
01381900,si_mean,0.38043055668185505
01383500,q_norm_mean,683.7159738095238
01383500,precip_mean,1317.1809523809525
01383500,temp_mean,9.84645044539262
01383500,pet_mean,1036.627619047619
01383500,si_mean,0.3763476872066143
01387400,q_norm_mean,670.5623261904761
01387400,precip_mean,1320.6230952380952
01387400,temp_mean,10.154425129839344
01387400,pet_mean,1046.2488095238095
01387400,si_mean,0.37709146029013224
01387420,q_norm_mean,649.2982285714286
01387420,precip_mean,1319.8257142857142
01387420,temp_mean,10.176086332025138
01387420,pet_mean,1047.0219047619048
01387420,si_mean,0.37742635617285425
01388000,q_norm_mean,629.9233428571429
01388000,precip_mean,1311.9985714285715
01388000,temp_mean,10.38904523791701
01388000,pet_mean,1057.964761904762
01388000,si_mean,0.37888589432813047
01390500,q_norm_mean,514.5378404761905
01390500,precip_mean,1290.462380952381
01390500,temp_mean,11.173934722088552
01390500,pet_mean,1093.7340476190475
01390500,si_mean,0.38566346353852
01391500,q_norm_mean,677.2233571428571
01391500,precip_mean,1282.424523809524
01391500,temp_mean,11.22622580104727
01391500,pet_mean,1103.315238095238
01391500,si_mean,0.3854210806840186
01393450,q_norm_mean,550.9096547619048
01393450,precip_mean,1258.097619047619
01393450,temp_mean,12.37031147719212
01393450,pet_mean,1190.9240476190475
01393450,si_mean,0.38873222714101946
01394500,q_norm_mean,500.6988428571429
01394500,precip_mean,1290.8459523809524
01394500,temp_mean,11.775724548102046
01394500,pet_mean,1152.085476190476
01394500,si_mean,0.3854120009240912
01395000,q_norm_mean,503.4064666666667
01395000,precip_mean,1282.9911904761905
01395000,temp_mean,11.954715955713825
01395000,pet_mean,1163.7442857142858
01395000,si_mean,0.38563355331621624
01396500,q_norm_mean,709.8310619047619
01396500,precip_mean,1355.2011904761905
01396500,temp_mean,9.866422700587083
01396500,pet_mean,1047.1683333333333
01396500,si_mean,0.3805256193139379
01396582,q_norm_mean,619.8851225
01396582,precip_mean,1336.214761904762
01396582,temp_mean,10.395937021234124
01396582,pet_mean,1054.6816666666666
01396582,si_mean,0.3787078410110776
01396660,q_norm_mean,587.1662119047619
01396660,precip_mean,1308.6007142857145
01396660,temp_mean,10.80479426568142
01396660,pet_mean,1081.3738095238095
01396660,si_mean,0.3764631072300019
01398000,q_norm_mean,584.8274809523809
01398000,precip_mean,1280.0409523809524
01398000,temp_mean,11.307499418975617
01398000,pet_mean,1119.6459523809524
01398000,si_mean,0.3906695845314313
01398500,q_norm_mean,663.4243785714285
01398500,precip_mean,1350.7361904761904
01398500,temp_mean,10.031019742353111
01398500,pet_mean,1069.3580952380953
01398500,si_mean,0.38346393666106265
01399500,q_norm_mean,624.2993547619047
01399500,precip_mean,1357.742619047619
01399500,temp_mean,9.845012550839634
01399500,pet_mean,1055.249761904762
01399500,si_mean,0.38265644902444823
01400000,q_norm_mean,632.5884119047619
01400000,precip_mean,1319.6307142857142
01400000,temp_mean,10.52281474233529
01400000,pet_mean,1072.4469047619048
01400000,si_mean,0.3813484815824315
01401000,q_norm_mean,567.5110857142857
01401000,precip_mean,1263.495
01401000,temp_mean,11.520727148453512
01401000,pet_mean,1123.813571428571
01401000,si_mean,0.39038462200328994
01401650,q_norm_mean,610.2629238095238
01401650,precip_mean,1243.8383333333334
01401650,temp_mean,11.31526760628647
01401650,pet_mean,1105.5764285714286
01401650,si_mean,0.3936442549141163
01402000,q_norm_mean,555.6957809523809
01402000,precip_mean,1246.1440476190476
01402000,temp_mean,11.650029564516876
01402000,pet_mean,1113.3664285714283
01402000,si_mean,0.3867607265450811
01403150,q_norm_mean,594.2353547619048
01403150,precip_mean,1260.422619047619
01403150,temp_mean,10.833511982291231
01403150,pet_mean,1069.6654761904765
01403150,si_mean,0.38650668646643355
01403400,q_norm_mean,550.6256714285714
01403400,precip_mean,1298.8733333333334
01403400,temp_mean,11.56516594840646
01403400,pet_mean,1131.7561904761906
01403400,si_mean,0.3853700395773331
01403540,q_norm_mean,627.0710738095238
01403540,precip_mean,1274.8492857142858
01403540,temp_mean,11.556269837705274
01403540,pet_mean,1130.662857142857
01403540,si_mean,0.38689579892578935
01405400,q_norm_mean,551.4002119047619
01405400,precip_mean,1229.902619047619
01405400,temp_mean,11.916490258038989
01405400,pet_mean,1120.8769047619048
01405400,si_mean,0.3733865117482785
01407500,q_norm_mean,351.32622857142854
01407500,precip_mean,1220.686428571429
01407500,temp_mean,12.33304729288976
01407500,pet_mean,1174.875
01407500,si_mean,0.3678474184228416
01407705,q_norm_mean,577.5427476190476
01407705,precip_mean,1233.7559523809523
01407705,temp_mean,12.298675414113546
01407705,pet_mean,1156.0728571428572
01407705,si_mean,0.36920235228458786
01407760,q_norm_mean,550.7569833333333
01407760,precip_mean,1241.3283333333334
01407760,temp_mean,12.306928548258888
01407760,pet_mean,1154.8257142857142
01407760,si_mean,0.3714490812822032
01408000,q_norm_mean,572.9502880952381
01408000,precip_mean,1228.8364285714283
01408000,temp_mean,12.117651599242889
01408000,pet_mean,1139.54
01408000,si_mean,0.3653493514177361
01408120,q_norm_mean,589.9862880952381
01408120,precip_mean,1233.2045238095238
01408120,temp_mean,12.127526588103615
01408120,pet_mean,1145.0078571428571
01408120,si_mean,0.36519503930269315
01408500,q_norm_mean,574.0810904761905
01408500,precip_mean,1226.1178571428572
01408500,temp_mean,12.112949506129272
01408500,pet_mean,1167.219761904762
01408500,si_mean,0.3657058326839686
01409400,q_norm_mean,777.6515238095238
01409400,precip_mean,1202.1919047619049
01409400,temp_mean,12.77074758233258
01409400,pet_mean,1176.4242857142858
01409400,si_mean,0.3626668038499181
01410000,q_norm_mean,384.17026904761906
01410000,precip_mean,1217.6040476190476
01410000,temp_mean,12.302445201914884
01410000,pet_mean,1224.0792857142858
01410000,si_mean,0.3577164303890841
01410150,q_norm_mean,417.9931928571429
01410150,precip_mean,1214.104761904762
01410150,temp_mean,12.52581047376657
01410150,pet_mean,1214.1709523809525
01410150,si_mean,0.3575239524928962
01411000,q_norm_mean,526.0409071428571
01411000,precip_mean,1188.16
01411000,temp_mean,12.924979083122132
01411000,pet_mean,1153.3504761904762
01411000,si_mean,0.3590986844574313
01411300,q_norm_mean,445.21033571428575
01411300,precip_mean,1172.4969047619047
01411300,temp_mean,12.713644555658927
01411300,pet_mean,1143.4461904761904
01411300,si_mean,0.3642924760265476
01413500,q_norm_mean,704.6496333333333
01413500,precip_mean,1235.4661904761904
01413500,temp_mean,6.282214447902074
01413500,pet_mean,944.577619047619
01413500,si_mean,0.34908855450700566
01414500,q_norm_mean,810.9490904761905
01414500,precip_mean,1285.1016666666667
01414500,temp_mean,6.09783345274632
01414500,pet_mean,944.3907142857142
01414500,si_mean,0.3543493531479879
01415000,q_norm_mean,650.962519047619
01415000,precip_mean,1196.4378571428572
01415000,temp_mean,6.625071216479705
01415000,pet_mean,927.91
01415000,si_mean,0.34316378850791096
01420500,q_norm_mean,867.8290142857143
01420500,precip_mean,1337.9454761904765
01420500,temp_mean,6.5260265827567645
01420500,pet_mean,949.360238095238
01420500,si_mean,0.3495951264784084
01427510,q_norm_mean,573.9549261904762
01427510,precip_mean,1217.1185714285714
01427510,temp_mean,7.088676417539094
01427510,pet_mean,942.3338095238096
01427510,si_mean,0.33357165311038167
01428500,q_norm_mean,583.309419047619
01428500,precip_mean,1210.4485714285713
01428500,temp_mean,7.209794932255408
01428500,pet_mean,945.8538095238096
01428500,si_mean,0.33359070442085487
01435000,q_norm_mean,1065.8242904761903
01435000,precip_mean,1543.7378571428571
01435000,temp_mean,6.019648045369806
01435000,pet_mean,934.1302380952382
01435000,si_mean,0.3720530486150988
01437500,q_norm_mean,580.789161904762
01437500,precip_mean,1351.6830952380951
01437500,temp_mean,7.986987064187154
01437500,pet_mean,964.5364285714286
01437500,si_mean,0.3605424520884148
01439500,q_norm_mean,738.072069047619
01439500,precip_mean,1242.6214285714286
01439500,temp_mean,8.350726845465337
01439500,pet_mean,958.924761904762
01439500,si_mean,0.37183807895720605
01440000,q_norm_mean,646.4343857142857
01440000,precip_mean,1223.125238095238
01440000,temp_mean,9.570533296618295
01440000,pet_mean,1014.162619047619
01440000,si_mean,0.3855752754379028
01440400,q_norm_mean,751.7195976190476
01440400,precip_mean,1325.057619047619
01440400,temp_mean,8.175572672605234
01440400,pet_mean,932.035238095238
01440400,si_mean,0.3660094155337546
01442500,q_norm_mean,777.0859023809523
01442500,precip_mean,1335.2514285714285
01442500,temp_mean,8.867824323890796
01442500,pet_mean,969.4690476190476
01442500,si_mean,0.3679704287332737
01447500,q_norm_mean,743.3955904761905
01447500,precip_mean,1290.1833333333334
01447500,temp_mean,7.523434919922007
01447500,pet_mean,905.6995238095238
01447500,si_mean,0.35920605334746014
01447680,q_norm_mean,826.5726857142857
01447680,precip_mean,1396.759523809524
01447680,temp_mean,8.240714132437914
01447680,pet_mean,913.9080952380953
01447680,si_mean,0.3735718872307192
01447720,q_norm_mean,819.1361071428571
01447720,precip_mean,1347.7933333333333
01447720,temp_mean,7.755378904537337
01447720,pet_mean,907.0340476190476
01447720,si_mean,0.3671351735264623
01447800,q_norm_mean,793.0358214285715
01447800,precip_mean,1310.3216666666667
01447800,temp_mean,7.868373721657238
01447800,pet_mean,911.9966666666668
01447800,si_mean,0.3617819236546626
01449360,q_norm_mean,733.7230428571429
01449360,precip_mean,1344.020238095238
01449360,temp_mean,9.172718679042845
01449360,pet_mean,981.8504761904762
01449360,si_mean,0.37465187121790566
01450500,q_norm_mean,711.8812595238095
01450500,precip_mean,1302.9
01450500,temp_mean,9.74080805520801
01450500,pet_mean,1019.8790476190476
01450500,si_mean,0.3761424689199045
01451000,q_norm_mean,755.535530952381
01451000,precip_mean,1311.131666666667
01451000,temp_mean,8.750174023932502
01451000,pet_mean,966.8433333333334
01451000,si_mean,0.3646939675777805
01451500,q_norm_mean,491.60658095238097
01451500,precip_mean,1250.3514285714286
01451500,temp_mean,10.931237952655424
01451500,pet_mean,1079.337142857143
01451500,si_mean,0.3778748548034403
01451800,q_norm_mean,657.2144523809524
01451800,precip_mean,1289.9069047619048
01451800,temp_mean,10.487377587429911
01451800,pet_mean,1073.287857142857
01451800,si_mean,0.37580660554332046
01452000,q_norm_mean,594.0774
01452000,precip_mean,1270.2288095238096
01452000,temp_mean,10.670889731908932
01452000,pet_mean,1072.881666666667
01452000,si_mean,0.3784662996297702
01452500,q_norm_mean,512.9646428571428
01452500,precip_mean,1237.4592857142857
01452500,temp_mean,10.797199596134584
01452500,pet_mean,1055.3292857142858
01452500,si_mean,0.3852398779947145
01464000,q_norm_mean,593.7999357142858
01464000,precip_mean,1216.9583333333333
01464000,temp_mean,12.009882483362384
01464000,pet_mean,1118.1959523809523
01464000,si_mean,0.38374462111965585
01464500,q_norm_mean,575.1719333333333
01464500,precip_mean,1209.1269047619048
01464500,temp_mean,12.202461736157897
01464500,pet_mean,1142.3361904761905
01464500,si_mean,0.36821721958161735
01465500,q_norm_mean,NA
01465500,precip_mean,1238.7333333333331
01465500,temp_mean,11.877477726804472
01465500,pet_mean,1135.1657142857143
01465500,si_mean,0.3763321733986126
01465798,q_norm_mean,532.5072904761905
01465798,precip_mean,1257.8330952380952
01465798,temp_mean,12.702031366405384
01465798,pet_mean,1152.8464285714283
01465798,si_mean,0.38114735849325937
01466500,q_norm_mean,319.10206904761907
01466500,precip_mean,1198.7266666666667
01466500,temp_mean,12.366915778198395
01466500,pet_mean,1236.3140476190476
01466500,si_mean,0.36733039968297726
01467000,q_norm_mean,450.5444380952381
01467000,precip_mean,1201.2257142857145
01467000,temp_mean,12.420421107225732
01467000,pet_mean,1189.6892857142857
01467000,si_mean,0.3631081750930734
01467048,q_norm_mean,623.0095071428572
01467048,precip_mean,1246.4461904761904
01467048,temp_mean,12.616324395182131
01467048,pet_mean,1152.3997619047618
01467048,si_mean,0.3763548106360395
01467081,q_norm_mean,723.8251976190476
01467081,precip_mean,1218.0507142857143
01467081,temp_mean,13.13127830533366
01467081,pet_mean,1173.5838095238096
01467081,si_mean,0.3661252837469633
01467150,q_norm_mean,578.206261904762
01467150,precip_mean,1199.7980952380951
01467150,temp_mean,13.10835757773429
01467150,pet_mean,1170.7721428571429
01467150,si_mean,0.3631473324383929
01470779,q_norm_mean,573.071780952381
01470779,precip_mean,1203.154761904762
01470779,temp_mean,11.168736851204288
01470779,pet_mean,1085.2052380952382
01470779,si_mean,0.3795079494157319
01472000,q_norm_mean,629.0364
01472000,precip_mean,1258.681904761905
01472000,temp_mean,10.564345351270234
01472000,pet_mean,1071.5430952380952
01472000,si_mean,0.366939299057414
01472157,q_norm_mean,538.0571119047619
01472157,precip_mean,1223.950238095238
01472157,temp_mean,11.440795108701463
01472157,pet_mean,1106.655238095238
01472157,si_mean,0.3739010586469741
01472198,q_norm_mean,592.2884166666666
01472198,precip_mean,1251.5009523809524
01472198,temp_mean,11.202121966999242
01472198,pet_mean,1080.750476190476
01472198,si_mean,0.37470682250172727
01472199,q_norm_mean,596.8829452380952
01472199,precip_mean,1262.7847619047618
01472199,temp_mean,11.245981530197229
01472199,pet_mean,1095.6990476190476
01472199,si_mean,0.3721241933893204
01473000,q_norm_mean,599.5211095238095
01473000,precip_mean,1234.4180952380952
01473000,temp_mean,11.37613960982252
01473000,pet_mean,1099.6461904761904
01473000,si_mean,0.3723446650688776
01474000,q_norm_mean,624.387888095238
01474000,precip_mean,1235.5783333333334
01474000,temp_mean,12.33721149109393
01474000,pet_mean,1136.124523809524
01474000,si_mean,0.3733647850359989
01475850,q_norm_mean,535.2306023809524
01475850,precip_mean,1227.0845238095235
01475850,temp_mean,11.965984642064027
01475850,pet_mean,1115.5790476190475
01475850,si_mean,0.3766731215004422
01477000,q_norm_mean,599.3536428571429
01477000,precip_mean,1233.4173809523809
01477000,temp_mean,12.37945066639576
01477000,pet_mean,1132.1716666666666
01477000,si_mean,0.3744654829018657
01477120,q_norm_mean,531.6292333333333
01477120,precip_mean,1175.9892857142856
01477120,temp_mean,13.147465931652995
01477120,pet_mean,1165.0904761904762
01477120,si_mean,0.3659715147140041
01477800,q_norm_mean,519.708280952381
01477800,precip_mean,1248.5790476190475
01477800,temp_mean,12.697366515885491
01477800,pet_mean,1131.1342857142856
01477800,si_mean,0.3804720782967838
01478000,q_norm_mean,501.2600547619048
01478000,precip_mean,1210.6680952380952
01478000,temp_mean,12.802176668841051
01478000,pet_mean,1174.1230952380952
01478000,si_mean,0.3788868666026736
01480000,q_norm_mean,488.3901404761905
01480000,precip_mean,1245.9507142857142
01480000,temp_mean,12.112239039848292
01480000,pet_mean,1120.285
01480000,si_mean,0.37868405106920966
01480300,q_norm_mean,530.2160261904762
01480300,precip_mean,1206.4111904761903
01480300,temp_mean,11.39929479145502
01480300,pet_mean,1092.7635714285714
01480300,si_mean,0.3719374701856794
01480617,q_norm_mean,513.2039428571428
01480617,precip_mean,1249.757619047619
01480617,temp_mean,11.44761347085432
01480617,pet_mean,1101.8361904761905
01480617,si_mean,0.3719408510554375
01480675,q_norm_mean,537.7021309523809
01480675,precip_mean,1247.115476190476
01480675,temp_mean,11.45374358110637
01480675,pet_mean,1104.605238095238
01480675,si_mean,0.3716134344137843
01480700,q_norm_mean,547.8739523809523
01480700,precip_mean,1247.115476190476
01480700,temp_mean,11.45374358110637
01480700,pet_mean,1104.605238095238
01480700,si_mean,0.3716134344137843
01480870,q_norm_mean,588.290680952381
01480870,precip_mean,1250.587380952381
01480870,temp_mean,11.50785410228168
01480870,pet_mean,1108.5254761904762
01480870,si_mean,0.3723446644905199
01481500,q_norm_mean,545.056169047619
01481500,precip_mean,1252.4759523809523
01481500,temp_mean,11.711498148207555
01481500,pet_mean,1113.3321428571428
01481500,si_mean,0.3726934963074228
01483200,q_norm_mean,429.73886904761906
01483200,precip_mean,1148.5021428571429
01483200,temp_mean,13.262628124788352
01483200,pet_mean,1166.5554761904762
01483200,si_mean,0.3734610080788171
01483700,q_norm_mean,457.6908261904762
01483700,precip_mean,1183.2690476190476
01483700,temp_mean,13.530379098806227
01483700,pet_mean,1201.9476190476191
01483700,si_mean,0.3711424715434522
01484100,q_norm_mean,364.3583357142857
01484100,precip_mean,1194.5085714285717
01484100,temp_mean,13.506848297384677
01484100,pet_mean,1202.9580952380952
01484100,si_mean,0.37477079903243227
01485000,q_norm_mean,487.4158975
01485000,precip_mean,1188.7076190476191
01485000,temp_mean,13.940545635366206
01485000,pet_mean,1241.4780952380952
01485000,si_mean,0.353776047228142
01485500,q_norm_mean,341.7999119047619
01485500,precip_mean,1207.680238095238
01485500,temp_mean,14.088202453134858
01485500,pet_mean,1215.2635714285714
01485500,si_mean,0.3626990357969985
01486000,q_norm_mean,436.3847238095238
01486000,precip_mean,1166.6542857142856
01486000,temp_mean,14.311264432039753
01486000,pet_mean,1221.045238095238
01486000,si_mean,0.3753970942388135
01493000,q_norm_mean,488.48555365853656
01493000,precip_mean,1174.017619047619
01493000,temp_mean,13.328505763904484
01493000,pet_mean,1188.0364285714286
01493000,si_mean,0.3736629080688877
01493500,q_norm_mean,327.7131731707317
01493500,precip_mean,1171.3866666666668
01493500,temp_mean,13.400140796823258
01493500,pet_mean,1196.5526190476191
01493500,si_mean,0.37118026605234816
01495000,q_norm_mean,477.76762619047616
01495000,precip_mean,1227.132380952381
01495000,temp_mean,12.05454220447068
01495000,pet_mean,1129.1161904761905
01495000,si_mean,0.37522977316951495
01516350,q_norm_mean,491.52247857142856
01516350,precip_mean,989.2835714285716
01516350,temp_mean,7.737023519011617
01516350,pet_mean,886.2035714285714
01516350,si_mean,0.3555471758149778
01516500,q_norm_mean,376.1378666666667
01516500,precip_mean,973.6478571428572
01516500,temp_mean,7.823270543489497
01516500,pet_mean,881.1154761904762
01516500,si_mean,0.3620585543648346
01521500,q_norm_mean,412.2578357142857
01521500,precip_mean,956.315238095238
01521500,temp_mean,7.35278735220415
01521500,pet_mean,952.4035714285716
01521500,si_mean,0.34820469399210996
01523500,q_norm_mean,423.09437619047617
01523500,precip_mean,972.7811904761904
01523500,temp_mean,7.425972609868859
01523500,pet_mean,956.2228571428572
01523500,si_mean,0.34158987761560927
01524500,q_norm_mean,370.67092142857143
01524500,precip_mean,941.607619047619
01524500,temp_mean,7.493960116062294
01524500,pet_mean,951.092380952381
01524500,si_mean,0.350368807676215
01534300,q_norm_mean,712.8584285714286
01534300,precip_mean,1265.9957142857145
01534300,temp_mean,6.949859142579107
01534300,pet_mean,895.7390476190476
01534300,si_mean,0.33242742909861034
01534500,q_norm_mean,675.2782357142858
01534500,precip_mean,1225.652142857143
01534500,temp_mean,7.4521980170315
01534500,pet_mean,909.4569047619048
01534500,si_mean,0.3351677103249889
01536000,q_norm_mean,499.963469047619
01536000,precip_mean,1194.3221428571428
01536000,temp_mean,8.177560444358894
01536000,pet_mean,933.1145238095238
01536000,si_mean,0.34002689470429043
01538000,q_norm_mean,610.03245
01538000,precip_mean,1202.977380952381
01538000,temp_mean,9.119504325601788
01538000,pet_mean,1001.3611904761904
01538000,si_mean,0.36118548338542705
01539000,q_norm_mean,647.0035380952381
01539000,precip_mean,1213.212142857143
01539000,temp_mean,8.798601217656012
01539000,pet_mean,957.797380952381
01539000,si_mean,0.3546788499867771
01542810,q_norm_mean,576.8466452380952
01542810,precip_mean,1110.6464285714285
01542810,temp_mean,7.905616880362445
01542810,pet_mean,932.1533333333332
01542810,si_mean,0.32544884992538065
01544500,q_norm_mean,589.3908857142857
01544500,precip_mean,1080.3878571428572
01544500,temp_mean,7.8107502521931
01544500,pet_mean,922.082380952381
01544500,si_mean,0.33533093621029775
01545000,q_norm_mean,569.4471833333333
01545000,precip_mean,1088.1611904761903
01545000,temp_mean,8.010069986704167
01545000,pet_mean,936.6078571428573
01545000,si_mean,0.33565227149986804
01545600,q_norm_mean,555.9096166666667
01545600,precip_mean,1062.1166666666666
01545600,temp_mean,8.038842109296747
01545600,pet_mean,935.9690476190476
01545600,si_mean,0.33912764533165646
01546500,q_norm_mean,421.0886595238095
01546500,precip_mean,1074.8183333333334
01546500,temp_mean,9.550192080245528
01546500,pet_mean,1040.1966666666667
01546500,si_mean,0.35066456161301574
01547100,q_norm_mean,558.7979
01547100,precip_mean,1071.8333333333333
01547100,temp_mean,9.625913933535088
01547100,pet_mean,1044.8242857142857
01547100,si_mean,0.35102403460570725
01547200,q_norm_mean,546.3648523809524
01547200,precip_mean,1080.017380952381
01547200,temp_mean,9.345646977782057
01547200,pet_mean,1029.5347619047618
01547200,si_mean,0.3481065809985753
01547700,q_norm_mean,484.11944285714287
01547700,precip_mean,1072.962619047619
01547700,temp_mean,9.236234298974471
01547700,pet_mean,1019.4964285714284
01547700,si_mean,0.3531441440301072
01549500,q_norm_mean,554.1679619047619
01549500,precip_mean,1039.8204761904765
01549500,temp_mean,7.925833928615986
01549500,pet_mean,896.3966666666666
01549500,si_mean,0.3519951251284224
01552500,q_norm_mean,736.1225261904762
01552500,precip_mean,1270.7923809523809
01552500,temp_mean,7.785982857998353
01552500,pet_mean,884.004761904762
01552500,si_mean,0.3503675483057474
01557500,q_norm_mean,582.3369261904762
01557500,precip_mean,1104.4807142857144
01557500,temp_mean,8.923153053586132
01557500,pet_mean,994.2861904761904
01557500,si_mean,0.3479161494084702
01558000,q_norm_mean,597.6072547619048
01558000,precip_mean,1097.482857142857
01558000,temp_mean,9.133745161991737
01558000,pet_mean,990.0533333333334
01558000,si_mean,0.3430058967614344
01559000,q_norm_mean,490.4147452380952
01559000,precip_mean,1067.227619047619
01559000,temp_mean,9.659053014019442
01559000,pet_mean,1018.695
01559000,si_mean,0.34382355277949866
01567500,q_norm_mean,473.06963333333334
01567500,precip_mean,1114.3157142857142
01567500,temp_mean,10.535641283386624
01567500,pet_mean,1024.680238095238
01567500,si_mean,0.3642218172623047
01568000,q_norm_mean,513.1892904761905
01568000,precip_mean,1126.3690476190477
01568000,temp_mean,10.601549993049096
01568000,pet_mean,1026.6140476190476
01568000,si_mean,0.36560090751668906
01574000,q_norm_mean,454.1680880952381
01574000,precip_mean,1116.8480952380953
01574000,temp_mean,11.65734625310563
01574000,pet_mean,1104.6609523809525
01574000,si_mean,0.3711515062325933
01576500,q_norm_mean,496.7898
01576500,precip_mean,1186.0564285714286
01576500,temp_mean,11.545708840838529
01576500,pet_mean,1095.6219047619047
01576500,si_mean,0.37413046265806255
01580000,q_norm_mean,484.1794523809524
01580000,precip_mean,1203.5411904761904
01580000,temp_mean,12.12226927272144
01580000,pet_mean,1112.807619047619
01580000,si_mean,0.3778785887330761
01581700,q_norm_mean,507.9470119047619
01581700,precip_mean,1266.535238095238
01581700,temp_mean,12.866619279315888
01581700,pet_mean,1162.3407142857145
01581700,si_mean,0.3746293556764575
01582000,q_norm_mean,451.98227619047617
01582000,precip_mean,1190.7292857142857
01582000,temp_mean,11.990841809873135
01582000,pet_mean,1102.5321428571428
01582000,si_mean,0.37503603183871825
01582500,q_norm_mean,441.3095731707317
01582500,precip_mean,1174.2447619047618
01582500,temp_mean,12.068534857898545
01582500,pet_mean,1108.467619047619
01582500,si_mean,0.3730960818399428
01583500,q_norm_mean,420.39396904761907
01583500,precip_mean,1176.422142857143
01583500,temp_mean,12.358726845465336
01583500,pet_mean,1135.131666666667
01583500,si_mean,0.3732071037423553
01584050,q_norm_mean,428.4169952380952
01584050,precip_mean,1259.0488095238095
01584050,temp_mean,13.184850760500323
01584050,pet_mean,1174.8485714285714
01584050,si_mean,0.3728418865436662
01585100,q_norm_mean,626.22072
01585100,precip_mean,1246.9616666666666
01585100,temp_mean,13.655739152132146
01585100,pet_mean,1208.5064285714286
01585100,si_mean,0.3765869392295017
01585500,q_norm_mean,309.0634595238095
01585500,precip_mean,1125.9330952380951
01585500,temp_mean,12.390975014169152
01585500,pet_mean,1137.827857142857
01585500,si_mean,0.379632393523872
01586000,q_norm_mean,414.73498333333333
01586000,precip_mean,1128.482380952381
01586000,temp_mean,12.405486732682444
01586000,pet_mean,1146.112619047619
01586000,si_mean,0.37760361786369695
01591000,q_norm_mean,411.0122928571429
01591000,precip_mean,1167.6419047619047
01591000,temp_mean,12.533164761405722
01591000,pet_mean,1108.3111904761904
01591000,si_mean,0.37662821276919833
01591400,q_norm_mean,395.67749285714285
01591400,precip_mean,1165.220238095238
01591400,temp_mean,12.638550333465222
01591400,pet_mean,1136.0521428571428
01591400,si_mean,0.3747535861082277
01591610,q_norm_mean,385.8699452380952
01591610,precip_mean,1168.5009523809524
01591610,temp_mean,12.634974980305769
01591610,pet_mean,1124.7442857142858
01591610,si_mean,0.3743291020135195
01591700,q_norm_mean,377.7143261904762
01591700,precip_mean,1153.3430952380952
01591700,temp_mean,12.852809814321716
01591700,pet_mean,1142.8966666666668
01591700,si_mean,0.3774842966319455
01592500,q_norm_mean,203.4746119047619
01592500,precip_mean,1165.963095238095
01592500,temp_mean,12.808644958454977
01592500,pet_mean,1137.0890476190475
01592500,si_mean,0.3737056415521629
01593500,q_norm_mean,445.57682380952383
01593500,precip_mean,1174.6704761904762
01593500,temp_mean,12.998933330125224
01593500,pet_mean,1156.33
01593500,si_mean,0.3754651565560895
01594440,q_norm_mean,384.1689857142857
01594440,precip_mean,1163.5504761904765
01594440,temp_mean,13.060737694224333
01594440,pet_mean,1155.7604761904763
01594440,si_mean,0.3724127369308277
01596500,q_norm_mean,565.1131952380953
01596500,precip_mean,1147.825476190476
01596500,temp_mean,8.800273111759862
01596500,pet_mean,966.0164285714286
01596500,si_mean,0.3280549007288868
01597500,q_norm_mean,568.1160380952381
01597500,precip_mean,1147.8311904761904
01597500,temp_mean,8.887628278064726
01597500,pet_mean,970.804761904762
01597500,si_mean,0.32610745320450024
01603000,q_norm_mean,543.313
01603000,precip_mean,1121.6278571428572
01603000,temp_mean,9.439198860051544
01603000,pet_mean,1013.6395238095238
01603000,si_mean,0.3266753936541706
01613050,q_norm_mean,439.9038880952381
01613050,precip_mean,1045.0338095238096
01613050,temp_mean,10.3918782967787
01613050,pet_mean,1077.0666666666666
01613050,si_mean,0.3703824511441891
01615000,q_norm_mean,318.1258605263158
01615000,precip_mean,1006.8509523809524
01615000,temp_mean,12.211267581334502
01615000,pet_mean,1139.452619047619
01615000,si_mean,0.4068777968398531
01616500,q_norm_mean,338.7139833333333
01616500,precip_mean,1019.0054761904762
01616500,temp_mean,12.256087012857392
01616500,pet_mean,1133.460476190476
01616500,si_mean,0.3981902154191642
01617800,q_norm_mean,218.3936642857143
01617800,precip_mean,1014.4530952380952
01617800,temp_mean,12.400654680810868
01617800,pet_mean,1145.857380952381
01617800,si_mean,0.39412986561923963
01620500,q_norm_mean,583.7103904761905
01620500,precip_mean,1105.9635714285714
01620500,temp_mean,9.444884732604024
01620500,pet_mean,1100.4809523809524
01620500,si_mean,0.35882575050802923
01632900,q_norm_mean,279.2868190476191
01632900,precip_mean,1016.7788095238096
01632900,temp_mean,11.883076672049162
01632900,pet_mean,1133.1861904761904
01632900,si_mean,0.3924011793797752
01633000,q_norm_mean,284.1396404761905
01633000,precip_mean,1008.275
01633000,temp_mean,11.33938944139674
01633000,pet_mean,1146.3030952380952
01633000,si_mean,0.38369923414111
01634000,q_norm_mean,286.4357880952381
01634000,precip_mean,1009.3595238095238
01634000,temp_mean,11.375049289047157
01634000,pet_mean,1152.1869047619048
01634000,si_mean,0.3835641544786777
01634500,q_norm_mean,359.03395476190474
01634500,precip_mean,1039.2607142857144
01634500,temp_mean,11.326163237553423
01634500,pet_mean,1144.8188095238097
01634500,si_mean,0.390417821271399
01635500,q_norm_mean,307.9924619047619
01635500,precip_mean,1048.8859523809524
01635500,temp_mean,11.839992742542035
01635500,pet_mean,1160.8404761904762
01635500,si_mean,0.39177281297330585
01648000,q_norm_mean,463.2010142857143
01648000,precip_mean,1120.8735714285715
01648000,temp_mean,13.124768044728183
01648000,pet_mean,1160.0440476190477
01648000,si_mean,0.3856043591554686
01649500,q_norm_mean,446.83376428571427
01649500,precip_mean,1151.3042857142857
01649500,temp_mean,13.343873063994668
01649500,pet_mean,1173.811428571429
01649500,si_mean,0.38559557591577576
01651000,q_norm_mean,404.88893333333334
01651000,precip_mean,1131.2166666666667
01651000,temp_mean,13.28348912272447
01651000,pet_mean,1169.6028571428571
01651000,si_mean,0.3853061948649577
01653600,q_norm_mean,400.0823243902439
01653600,precip_mean,1126.9269047619048
01653600,temp_mean,13.850994173715597
01653600,pet_mean,1211.902619047619
01653600,si_mean,0.38837757198003375
01654000,q_norm_mean,461.4406928571429
01654000,precip_mean,1143.4033333333334
01654000,temp_mean,13.325637586930872
01654000,pet_mean,1180.252619047619
01654000,si_mean,0.38661577765982513
01656000,q_norm_mean,322.66021219512197
01656000,precip_mean,1118.999523809524
01656000,temp_mean,13.028772033478411
01656000,pet_mean,1158.6395238095238
01656000,si_mean,0.3895281433014432
01658500,q_norm_mean,338.83789047619047
01658500,precip_mean,1118.0109523809524
01658500,temp_mean,13.556375370269372
01658500,pet_mean,1207.7490476190476
01658500,si_mean,0.38690161778014354
01660400,q_norm_mean,322.2570975609756
01660400,precip_mean,1105.5726190476191
01660400,temp_mean,13.523786461062455
01660400,pet_mean,1199.1638095238095
01660400,si_mean,0.3841703248717454
01661050,q_norm_mean,368.8197951219512
01661050,precip_mean,1202.094761904762
01661050,temp_mean,13.962172767422713
01661050,pet_mean,1188.5764285714286
01661050,si_mean,0.3801423886359955
01661500,q_norm_mean,392.8505756097561
01661500,precip_mean,1168.420238095238
01661500,temp_mean,14.40821089224671
01661500,pet_mean,1235.0690476190475
01661500,si_mean,0.3740326170992032
01662800,q_norm_mean,361.3353425
01662800,precip_mean,1134.0833333333333
01662800,temp_mean,12.6125078652166
01662800,pet_mean,1134.31
01662800,si_mean,0.4006815102576633
01665500,q_norm_mean,485.1845743589744
01665500,precip_mean,1282.4078571428572
01665500,temp_mean,11.91339778961214
01665500,pet_mean,1109.7707142857143
01665500,si_mean,0.40071014185097786
01667500,q_norm_mean,428.3450071428571
01667500,precip_mean,1199.3980952380953
01667500,temp_mean,12.712475604104956
01667500,pet_mean,1144.161904761905
01667500,si_mean,0.3951964904340806
01668000,q_norm_mean,381.5909619047619
01668000,precip_mean,1154.3878571428572
01668000,temp_mean,12.91499618234898
01668000,pet_mean,1155.6038095238096
01668000,si_mean,0.3883808902803074
01669000,q_norm_mean,384.7866571428572
01669000,precip_mean,1157.6661904761904
01669000,temp_mean,14.64530262459052
01669000,pet_mean,1264.8933333333334
01669000,si_mean,0.3628946008270706
01671100,q_norm_mean,282.6982738095238
01671100,precip_mean,1125.7095238095235
01671100,temp_mean,13.851897399292078
01671100,pet_mean,1186.462857142857
01671100,si_mean,0.3669364464178996
01673550,q_norm_mean,371.932619047619
01673550,precip_mean,1150.5464285714286
01673550,temp_mean,14.449208122578325
01673550,pet_mean,1249.1259523809524
01673550,si_mean,0.36178170147985206
02011400,q_norm_mean,370.65735
02011400,precip_mean,1118.4007142857142
02011400,temp_mean,9.761560856066358
02011400,pet_mean,1074.1583333333333
02011400,si_mean,0.35504215727972843
02011460,q_norm_mean,516.2540714285715
02011460,precip_mean,1182.0759523809525
02011460,temp_mean,8.54961336035275
02011460,pet_mean,1032.7642857142855
02011460,si_mean,0.3361710923156741
02011500,q_norm_mean,474.9202071428571
02011500,precip_mean,1150.945
02011500,temp_mean,9.128256228189308
02011500,pet_mean,1051.6038095238096
02011500,si_mean,0.3421700037026906
02015700,q_norm_mean,498.56271904761905
02015700,precip_mean,1087.168571428571
02015700,temp_mean,9.833747227658186
02015700,pet_mean,1072.0145238095238
02015700,si_mean,0.35859328999920365
02016000,q_norm_mean,427.9007380952381
02016000,precip_mean,1105.454761904762
02016000,temp_mean,10.760421046628098
02016000,pet_mean,1110.9609523809524
02016000,si_mean,0.3618925976360152
02016500,q_norm_mean,426.9248619047619
02016500,precip_mean,1103.4069047619048
02016500,temp_mean,10.714768775464377
02016500,pet_mean,1096.2585714285717
02016500,si_mean,0.3499576857578943
02019500,q_norm_mean,425.9477880952381
02019500,precip_mean,1108.4092857142855
02019500,temp_mean,11.254999115987438
02019500,pet_mean,1120.4952380952382
02019500,si_mean,0.3486854342023301
02020500,q_norm_mean,441.3664575
02020500,precip_mean,1124.9
02020500,temp_mean,10.434034679670209
02020500,pet_mean,1110.8383333333334
02020500,si_mean,0.366201187520165
02021500,q_norm_mean,435.0229166666667
02021500,precip_mean,1139.9688095238096
02021500,temp_mean,10.898303161057822
02021500,pet_mean,1120.0540476190477
02021500,si_mean,0.369111294228812
02024000,q_norm_mean,387.1958
02024000,precip_mean,1153.9242857142858
02024000,temp_mean,11.379420203608056
02024000,pet_mean,1135.056904761905
02024000,si_mean,0.36749593532255814
02036500,q_norm_mean,292.0399976190476
02036500,precip_mean,1112.382380952381
02036500,temp_mean,13.82577157008473
02036500,pet_mean,1205.2140476190475
02036500,si_mean,0.3699952695474495
02038850,q_norm_mean,315.3780357142857
02038850,precip_mean,1162.8042857142857
02038850,temp_mean,13.716365266504836
02038850,pet_mean,1194.864761904762
02038850,si_mean,0.3677299313253561
02039000,q_norm_mean,320.42040714285713
02039000,precip_mean,1154.7688095238095
02039000,temp_mean,13.917382135817125
02039000,pet_mean,1211.922380952381
02039000,si_mean,0.36197440696229927
02053500,q_norm_mean,319.9294428571429
02053500,precip_mean,1238.522380952381
02053500,temp_mean,15.644032346661248
02053500,pet_mean,1260.5738095238096
02053500,si_mean,0.3755812655468396
02056000,q_norm_mean,381.42615476190474
02056000,precip_mean,1103.4585714285713
02056000,temp_mean,12.558659427031536
02056000,pet_mean,1187.8983333333333
02056000,si_mean,0.37247864607948394
02056650,q_norm_mean,384.1293333333333
02056650,precip_mean,1151.2378571428571
02056650,temp_mean,13.000818114415464
02056650,pet_mean,1216.0835714285715
02056650,si_mean,0.3902578332274973
02056900,q_norm_mean,409.1412357142857
02056900,precip_mean,1195.5785714285714
02056900,temp_mean,12.80339907820303
02056900,pet_mean,1195.719761904762
02056900,si_mean,0.39419142301014215
02077200,q_norm_mean,344.6795833333333
02077200,precip_mean,1189.5604761904765
02077200,temp_mean,14.906685614121388
02077200,pet_mean,1248.9983333333332
02077200,si_mean,0.3659614770104207
02077303,q_norm_mean,257.3815452380952
02077303,precip_mean,1183.3204761904765
02077303,temp_mean,14.783798359586369
02077303,pet_mean,1244.99
02077303,si_mean,0.3638047321484987
02077670,q_norm_mean,239.7145238095238
02077670,precip_mean,1178.654523809524
02077670,temp_mean,14.589681937270754
02077670,pet_mean,1244.875
02077670,si_mean,0.3666065445360121
02093800,q_norm_mean,390.14977142857146
02093800,precip_mean,1148.1664285714285
02093800,temp_mean,14.942256714752672
02093800,pet_mean,1281.6559523809524
02093800,si_mean,0.3729780893062
02094500,q_norm_mean,258.1563238095238
02094500,precip_mean,1143.4757142857145
02094500,temp_mean,14.975494947226588
02094500,pet_mean,1282.240238095238
02094500,si_mean,0.365590199125442
02099000,q_norm_mean,493.1536025641026
02099000,precip_mean,1131.0933333333332
02099000,temp_mean,15.11754162166401
02099000,pet_mean,1287.6464285714285
02099000,si_mean,0.3770786949319664
02102908,q_norm_mean,508.31326666666666
02102908,precip_mean,1217.1945238095238
02102908,temp_mean,16.505273418312605
02102908,pet_mean,1380.015
02102908,si_mean,0.3788024056850576
02111000,q_norm_mean,629.6491880952381
02111000,precip_mean,1403.2707142857143
02111000,temp_mean,12.690001170960189
02111000,pet_mean,1211.9661904761906
02111000,si_mean,0.3730455037402314
02111180,q_norm_mean,658.9126333333334
02111180,precip_mean,1371.969761904762
02111180,temp_mean,12.499071793939525
02111180,pet_mean,1181.0683333333334
02111180,si_mean,0.3721709615106836
02111500,q_norm_mean,541.9627857142857
02111500,precip_mean,1345.1197619047618
02111500,temp_mean,12.658257270825091
02111500,pet_mean,1204.0109523809524
02111500,si_mean,0.3660482344443163
02142000,q_norm_mean,464.3573975
02142000,precip_mean,1326.388333333333
02142000,temp_mean,14.088354998770225
02142000,pet_mean,1224.5166666666669
02142000,si_mean,0.3644406576306613
02142900,q_norm_mean,402.95563095238094
02142900,precip_mean,1113.706428571429
02142900,temp_mean,15.815071695913938
02142900,pet_mean,1301.2235714285714
02142900,si_mean,0.3849816915627528
02143040,q_norm_mean,624.1079
02143040,precip_mean,1355.020476190476
02143040,temp_mean,13.874461572187824
02143040,pet_mean,1224.217619047619
02143040,si_mean,0.3593155204260864
02143500,q_norm_mean,398.76483333333334
02143500,precip_mean,1225.6690476190477
02143500,temp_mean,15.23737595129376
02143500,pet_mean,1266.664523809524
02143500,si_mean,0.35893151272344814
02144000,q_norm_mean,309.3384476190476
02144000,precip_mean,1168.530238095238
02144000,temp_mean,15.544718944603067
02144000,pet_mean,1285.2080952380952
02144000,si_mean,0.36653394630656816
02146300,q_norm_mean,526.2600428571428
02146300,precip_mean,1112.3961904761904
02146300,temp_mean,15.969637752683228
02146300,pet_mean,1314.1907142857142
02146300,si_mean,0.3825630913898828
02146507,q_norm_mean,671.0993
02146507,precip_mean,1131.7964285714286
02146507,temp_mean,16.02645483515661
02146507,pet_mean,1319.8323809523808
02146507,si_mean,0.377522852212844
02146600,q_norm_mean,400.4353380952381
02146600,precip_mean,1156.4557142857143
02146600,temp_mean,16.026790633387872
02146600,pet_mean,1327.7319047619048
02146600,si_mean,0.3775662582370135
02146700,q_norm_mean,433.4586119047619
02146700,precip_mean,1139.232857142857
02146700,temp_mean,16.112940639269407
02146700,pet_mean,1324.0738095238096
02146700,si_mean,0.37645938194203293
02146750,q_norm_mean,449.59395952380953
02146750,precip_mean,1154.6285714285714
02146750,temp_mean,16.12105427587608
02146750,pet_mean,1329.5307142857143
02146750,si_mean,0.3745108875967321
02147500,q_norm_mean,233.7891447368421
02147500,precip_mean,1142.7707142857143
02147500,temp_mean,16.477872188893524
02147500,pet_mean,1323.3490476190475
02147500,si_mean,0.3706422912412785
02162093,q_norm_mean,518.8956731707317
02162093,precip_mean,1214.3692857142858
02162093,temp_mean,18.081068072531806
02162093,pet_mean,1444.9007142857142
02162093,si_mean,0.39561098677040296
02231600,q_norm_mean,252.0328119047619
02231600,precip_mean,1369.6485714285714
02231600,temp_mean,22.594815834875007
02231600,pet_mean,1614.5411904761904
02231600,si_mean,0.5963010255510401
02232000,q_norm_mean,239.9104738095238
02232000,precip_mean,1388.111666666667
02232000,temp_mean,22.7489403826206
02232000,pet_mean,1648.655238095238
02232000,si_mean,0.5855780165946363
02232400,q_norm_mean,268.8196119047619
02232400,precip_mean,1385.7378571428571
02232400,temp_mean,22.729730135560473
02232400,pet_mean,1650.9533333333334
02232400,si_mean,0.5811108770537105
02232500,q_norm_mean,276.177
02232500,precip_mean,1387.9507142857142
02232500,temp_mean,22.690184124132475
02232500,pet_mean,1649.286904761905
02232500,si_mean,0.5807045425870342
02234000,q_norm_mean,313.66384047619044
02234000,precip_mean,1389.535
02234000,temp_mean,22.63958247516388
02234000,pet_mean,1633.8307142857143
02234000,si_mean,0.5817034946554515
02234324,q_norm_mean,309.84802619047616
02234324,precip_mean,1373.482619047619
02234324,temp_mean,22.689832918061303
02234324,pet_mean,1580.7409523809524
02234324,si_mean,0.5948660306262787
02234990,q_norm_mean,291.3763756097561
02234990,precip_mean,1361.9476190476191
02234990,temp_mean,22.5889586777596
02234990,pet_mean,1570.9633333333334
02234990,si_mean,0.5912567845499943
02235000,q_norm_mean,573.2317904761904
02235000,precip_mean,1355.4852380952382
02235000,temp_mean,22.43312408078734
02235000,pet_mean,1567.0826190476191
02235000,si_mean,0.5833505224263307
02236000,q_norm_mean,324.0813333333333
02236000,precip_mean,1384.2540476190477
02236000,temp_mean,22.42990615386809
02236000,pet_mean,1611.6388095238094
02236000,si_mean,0.5721421852735878
02237293,q_norm_mean,56.97665476190476
02237293,precip_mean,1333.2442857142858
02237293,temp_mean,22.52863328984562
02237293,pet_mean,1550.0052380952382
02237293,si_mean,0.6014367528671839
02247510,q_norm_mean,310.52564047619046
02247510,precip_mean,1331.497380952381
02247510,temp_mean,21.671336639469025
02247510,pet_mean,1513.2280952380952
02247510,si_mean,0.5542084727031962
02248000,q_norm_mean,292.25468333333333
02248000,precip_mean,1344.057619047619
02248000,temp_mean,21.85103257835809
02248000,pet_mean,1536.0690476190475
02248000,si_mean,0.5555884366100188
02262900,q_norm_mean,341.705969047619
02262900,precip_mean,1355.1095238095238
02262900,temp_mean,22.786043222154497
02262900,pet_mean,1565.06
02262900,si_mean,0.6055412560295728
02263800,q_norm_mean,351.38594523809525
02263800,precip_mean,1352.2257142857145
02263800,temp_mean,22.71935141638061
02263800,pet_mean,1562.6542857142856
02263800,si_mean,0.605699704916375
02263869,q_norm_mean,111.50908421052632
02263869,precip_mean,1371.2721428571429
02263869,temp_mean,22.678866253889833
02263869,pet_mean,1563.6761904761904
02263869,si_mean,0.6091866609263599
02264100,q_norm_mean,253.73271666666668
02264100,precip_mean,1363.462857142857
02264100,temp_mean,22.68374947511754
02264100,pet_mean,1563.039761904762
02264100,si_mean,0.6066773958714468
02266200,q_norm_mean,264.73373571428573
02266200,precip_mean,1359.8357142857142
02266200,temp_mean,22.642286833559684
02266200,pet_mean,1564.6019047619047
02266200,si_mean,0.6126306836534786
02266300,q_norm_mean,207.26458333333332
02266300,precip_mean,1356.6292857142855
02266300,temp_mean,22.63180483818649
02266300,pet_mean,1559.2383333333332
02266300,si_mean,0.6098596122434201
02266480,q_norm_mean,355.33387857142856
02266480,precip_mean,1373.8011904761904
02266480,temp_mean,22.733989145894153
02266480,pet_mean,1579.4745238095238
02266480,si_mean,0.6142560917882157
02270500,q_norm_mean,258.7603261904762
02270500,precip_mean,1379.3302380952382
02270500,temp_mean,22.872095737134583
02270500,pet_mean,1578.3423809523808
02270500,si_mean,0.6374230794085569
02271500,q_norm_mean,197.00897857142857
02271500,precip_mean,1368.6059523809524
02271500,temp_mean,22.873289152310377
02271500,pet_mean,1595.7254761904762
02271500,si_mean,0.6437545042248654
02301900,q_norm_mean,382.59485476190474
02301900,precip_mean,1389.5828571428572
02301900,temp_mean,22.82227742666795
02301900,pet_mean,1579.1095238095238
02301900,si_mean,0.6311845622551391
02302500,q_norm_mean,288.2844285714286
02302500,precip_mean,1392.9440476190475
02302500,temp_mean,22.7812232006958
02302500,pet_mean,1560.654523809524
02302500,si_mean,0.6420308578178094
02303000,q_norm_mean,309.58605238095237
02303000,precip_mean,1402.8914285714286
02303000,temp_mean,22.67325837405851
02303000,pet_mean,1554.7138095238097
02303000,si_mean,0.6338596365662503
02303330,q_norm_mean,240.3072023809524
02303330,precip_mean,1405.5692857142858
02303330,temp_mean,22.694887051354712
02303330,pet_mean,1539.5757142857142
02303330,si_mean,0.6359824960524882
02303400,q_norm_mean,125.16918571428572
02303400,precip_mean,1456.4290476190477
02303400,temp_mean,22.495589189025413
02303400,pet_mean,1514.0040476190477
02303400,si_mean,0.6201344665159292
02303420,q_norm_mean,159.18985
02303420,precip_mean,1442.7054761904762
02303420,temp_mean,22.439001106797985
02303420,pet_mean,1500.6204761904762
02303420,si_mean,0.620979742290882
02303800,q_norm_mean,173.16693095238097
02303800,precip_mean,1426.972380952381
02303800,temp_mean,22.48469890995548
02303800,pet_mean,1495.765238095238
02303800,si_mean,0.6230625461400238
02304500,q_norm_mean,143.65707619047618
02304500,precip_mean,1408.307142857143
02304500,temp_mean,22.64126471542281
02304500,pet_mean,1521.680238095238
02304500,si_mean,0.6313290614733565
02306500,q_norm_mean,NA
02306500,precip_mean,1331.1595238095238
02306500,temp_mean,22.84971762036651
02306500,pet_mean,1509.94
02306500,si_mean,0.6519375890413422
02307000,q_norm_mean,358.66669285714283
02307000,precip_mean,1352.9921428571429
02307000,temp_mean,22.800177401359527
02307000,pet_mean,1506.2385714285715
02307000,si_mean,0.6465911033977592
02307359,q_norm_mean,216.19058333333336
02307359,precip_mean,1385.315
02307359,temp_mean,22.78025194179775
02307359,pet_mean,1504.777619047619
02307359,si_mean,0.6355107621779752
02310000,q_norm_mean,325.91519523809524
02310000,precip_mean,1397.6119047619047
02310000,temp_mean,22.61212058929418
02310000,pet_mean,1488.375
02310000,si_mean,0.628482504031793
02310947,q_norm_mean,168.66140731707316
02310947,precip_mean,1355.357857142857
02310947,temp_mean,22.669276708407743
02310947,pet_mean,1566.3366666666666
02310947,si_mean,0.614501865603412
02312000,q_norm_mean,168.18404523809522
02312000,precip_mean,1378.2359523809523
02312000,temp_mean,22.61573516694649
02312000,pet_mean,1557.6890476190476
02312000,si_mean,0.612058851020348
02312200,q_norm_mean,138.85844523809524
02312200,precip_mean,1339.132380952381
02312200,temp_mean,22.34947236213147
02312200,pet_mean,1528.5385714285717
02312200,si_mean,0.6022997048911268
02312500,q_norm_mean,152.12872142857142
02312500,precip_mean,1369.422142857143
02312500,temp_mean,22.519896141000004
02312500,pet_mean,1546.552619047619
02312500,si_mean,0.6070291437934869
02312700,q_norm_mean,139.0484261904762
02312700,precip_mean,1305.9707142857142
02312700,temp_mean,21.973958166244262
02312700,pet_mean,1521.5895238095238
02312700,si_mean,0.5664022878370251
02312720,q_norm_mean,119.83552142857144
02312720,precip_mean,1354.2783333333334
02312720,temp_mean,22.20738722780077
02312720,pet_mean,1525.2119047619049
02312720,si_mean,0.5921580480005961
02313000,q_norm_mean,141.44517857142858
02313000,precip_mean,1355.702619047619
02313000,temp_mean,22.151413274090235
02313000,pet_mean,1526.0169047619047
02313000,si_mean,0.5905140335952743
02313230,q_norm_mean,70.27635714285714
02313230,precip_mean,1360.7469047619047
02313230,temp_mean,22.053080780212376
02313230,pet_mean,1522.6533333333334
02313230,si_mean,0.5878146840379914
02324000,q_norm_mean,332.4491
02324000,precip_mean,1463.589761904762
02324000,temp_mean,20.360461103447292
02324000,pet_mean,1545.5411904761904
02324000,si_mean,0.520421655874791
02324400,q_norm_mean,218.40115714285716
02324400,precip_mean,1435.065476190476
02324400,temp_mean,20.35555226011357
02324400,pet_mean,1495.196428571429
02324400,si_mean,0.4978441046764779
02325000,q_norm_mean,365.4387476190476
02325000,precip_mean,1448.311428571429
02325000,temp_mean,20.424551336890772
02325000,pet_mean,1512.1538095238095
02325000,si_mean,0.5078430437961091
02326000,q_norm_mean,228.44564285714284
02326000,precip_mean,1442.895238095238
02326000,temp_mean,20.294852884982124
02326000,pet_mean,1447.9730952380953
02326000,si_mean,0.48199665438140704
02327100,q_norm_mean,583.4869547619047
02327100,precip_mean,1633.8519047619047
02327100,temp_mean,19.836729151740045
02327100,pet_mean,1459.2914285714285
02327100,si_mean,0.4557832669099763
02330450,q_norm_mean,1032.1360333333334
02330450,precip_mean,1889.3633333333332
02330450,temp_mean,13.14235670976228
02330450,pet_mean,1213.424761904762
02330450,si_mean,0.34014878999373943
02331600,q_norm_mean,810.5204333333334
02331600,precip_mean,1714.9552380952382
02331600,temp_mean,14.143234762368156
02331600,pet_mean,1258.6919047619049
02331600,si_mean,0.34658333341983955
02337500,q_norm_mean,434.3942261904762
02337500,precip_mean,1363.2309523809524
02337500,temp_mean,16.224431843700877
02337500,pet_mean,1284.7938095238096
02337500,si_mean,0.3537646777616674
02338660,q_norm_mean,396.06109285714285
02338660,precip_mean,1340.8809523809523
02338660,temp_mean,16.914317533391078
02338660,pet_mean,1344.777380952381
02338660,si_mean,0.3540595343831484
02349900,q_norm_mean,280.17526904761905
02349900,precip_mean,1210.805
02349900,temp_mean,18.57608907139471
02349900,pet_mean,1412.5111904761904
02349900,si_mean,0.3998281252547636
02381600,q_norm_mean,1387.0288547619048
02381600,precip_mean,1537.3080952380951
02381600,temp_mean,14.789929098984455
02381600,pet_mean,1250.335476190476
02381600,si_mean,0.34166319752877855
02382200,q_norm_mean,475.81012857142855
02382200,precip_mean,1484.8121428571428
02382200,temp_mean,15.070748824584104
02382200,pet_mean,1262.1804761904762
02382200,si_mean,0.34199128268058976
02430085,q_norm_mean,596.3476333333333
02430085,precip_mean,1512.6119047619047
02430085,temp_mean,16.233269764631654
02430085,pet_mean,1279.410238095238
02430085,si_mean,0.3959308830471244
02430880,q_norm_mean,550.1116047619048
02430880,precip_mean,1519.3023809523809
02430880,temp_mean,16.574636679748625
02430880,pet_mean,1307.7554761904762
02430880,si_mean,0.3947808834919473
02465493,q_norm_mean,417.3392119047619
02465493,precip_mean,1438.4792857142857
02465493,temp_mean,17.646934210573217
02465493,pet_mean,1335.5221428571429
02465493,si_mean,0.378068717279697
02479130,q_norm_mean,580.16225
02479130,precip_mean,1608.2659523809525
02479130,temp_mean,19.0407293388798
02479130,pet_mean,1413.2559523809523
02479130,si_mean,0.3979541931799356
02479155,q_norm_mean,595.8080523809524
02479155,precip_mean,1648.4688095238096
02479155,temp_mean,19.009738866966803
02479155,pet_mean,1431.01
02479155,si_mean,0.40589931801644685
02479300,q_norm_mean,676.081830952381
02479300,precip_mean,1686.647619047619
02479300,temp_mean,19.155202132323847
02479300,pet_mean,1422.5761904761905
02479300,si_mean,0.4086447856198715
03011800,q_norm_mean,706.4823619047619
03011800,precip_mean,1212.8569047619048
03011800,temp_mean,7.241248735469934
03011800,pet_mean,892.6890476190476
03011800,si_mean,0.29844813611976984
03014500,q_norm_mean,726.0321357142857
03014500,precip_mean,1204.8104761904765
03014500,temp_mean,8.226878289649568
03014500,pet_mean,972.3207142857144
03014500,si_mean,0.3008607794442595
03015000,q_norm_mean,711.320888095238
03015000,precip_mean,1207.527619047619
03015000,temp_mean,8.043770557747765
03015000,pet_mean,970.825
03015000,si_mean,0.2891393621471944
03016000,q_norm_mean,658.7196487179488
03016000,precip_mean,1161.6661904761904
03016000,temp_mean,7.623150706318907
03016000,pet_mean,945.1907142857144
03016000,si_mean,0.2917984120917152
03021350,q_norm_mean,843.5986928571429
03021350,precip_mean,1225.2219047619049
03021350,temp_mean,8.322996278592282
03021350,pet_mean,971.3935714285716
03021350,si_mean,0.3068270332493501
03024000,q_norm_mean,667.5988
03024000,precip_mean,1186.910238095238
03024000,temp_mean,8.59661167253038
03024000,pet_mean,972.275
03024000,si_mean,0.29418006576533295
03026500,q_norm_mean,654.8753404761904
03026500,precip_mean,1207.3742857142856
03026500,temp_mean,7.342793665051918
03026500,pet_mean,900.4052380952381
03026500,si_mean,0.2992567325519678
03028000,q_norm_mean,720.8916476190476
03028000,precip_mean,1198.0140476190477
03028000,temp_mean,7.253217686310994
03028000,pet_mean,899.1757142857143
03028000,si_mean,0.2989180776826387
03049800,q_norm_mean,416.9950428571428
03049800,precip_mean,1076.8961904761904
03049800,temp_mean,11.000170120731877
03049800,pet_mean,1044.7045238095238
03049800,si_mean,0.32295086942149537
03052500,q_norm_mean,682.3488333333333
03052500,precip_mean,1336.8261904761905
03052500,temp_mean,10.65751062953814
03052500,pet_mean,1086.3833333333332
03052500,si_mean,0.2986576291208002
03053500,q_norm_mean,805.0226190476191
03053500,precip_mean,1446.5992857142858
03053500,temp_mean,10.366205160423329
03053500,pet_mean,1054.847619047619
03053500,si_mean,0.28733905652932207
03076600,q_norm_mean,657.4085214285715
03076600,precip_mean,1271.3604761904762
03076600,temp_mean,8.998181570120375
03076600,pet_mean,979.3428571428572
03076600,si_mean,0.29851275153196855
03078000,q_norm_mean,694.8320166666666
03078000,precip_mean,1216.5407142857143
03078000,temp_mean,8.806025379715477
03078000,pet_mean,973.5183333333332
03078000,si_mean,0.30977105142755085
03079000,q_norm_mean,619.9712523809524
03079000,precip_mean,1166.2076190476191
03079000,temp_mean,8.185131491335241
03079000,pet_mean,964.2695238095238
03079000,si_mean,0.30937638152372415
03080000,q_norm_mean,795.6900571428571
03080000,precip_mean,1259.6295238095238
03080000,temp_mean,8.867082787063474
03080000,pet_mean,974.9016666666666
03080000,si_mean,0.2969301666595617
03081000,q_norm_mean,698.7004047619048
03081000,precip_mean,1234.0321428571428
03081000,temp_mean,8.878157313243435
03081000,pet_mean,974.6761904761904
03081000,si_mean,0.29597937041346867
03117000,q_norm_mean,367.89950714285715
03117000,precip_mean,1020.8845238095238
03117000,temp_mean,10.27486137756248
03117000,pet_mean,1026.8995238095238
03117000,si_mean,0.3522385977408176
03117500,q_norm_mean,413.1992
03117500,precip_mean,1032.9340476190475
03117500,temp_mean,10.299713387443456
03117500,pet_mean,1008.3961904761904
03117500,si_mean,0.33746896515710645
03118000,q_norm_mean,373.3442047619048
03118000,precip_mean,1031.3219047619048
03118000,temp_mean,10.302536941387828
03118000,pet_mean,1026.4757142857145
03118000,si_mean,0.3476052254019663
03118500,q_norm_mean,499.5140023809524
03118500,precip_mean,1035.2083333333333
03118500,temp_mean,10.334193365271853
03118500,pet_mean,1026.2066666666667
03118500,si_mean,0.34715368270807
03139000,q_norm_mean,374.55554047619046
03139000,precip_mean,1022.0411904761904
03139000,temp_mean,10.083988869640228
03139000,pet_mean,1010.3119047619048
03139000,si_mean,0.35683565689579483
03140000,q_norm_mean,388.2159238095238
03140000,precip_mean,1022.2683333333332
03140000,temp_mean,10.555281912675245
03140000,pet_mean,1000.0988095238096
03140000,si_mean,0.36482437568993087
03157000,q_norm_mean,377.6009714285714
03157000,precip_mean,1052.1202380952382
03157000,temp_mean,11.294114483191285
03157000,pet_mean,1059.732380952381
03157000,si_mean,0.3553291584718325
03157500,q_norm_mean,384.1985261904762
03157500,precip_mean,1064.452619047619
03157500,temp_mean,11.159567473684586
03157500,pet_mean,1051.815238095238
03157500,si_mean,0.3486202636923746
03159500,q_norm_mean,400.087519047619
03159500,precip_mean,1068.4490476190476
03159500,temp_mean,11.146813792378245
03159500,pet_mean,1042.4573809523808
03159500,si_mean,0.3411955600107557
03165000,q_norm_mean,644.8944261904762
03165000,precip_mean,1295.9057142857143
03165000,temp_mean,11.399360003421984
03165000,pet_mean,1124.868333333333
03165000,si_mean,0.3668408748897981
03170000,q_norm_mean,425.31451904761906
03170000,precip_mean,1173.1692857142857
03170000,temp_mean,11.55582817362292
03170000,pet_mean,1140.0683333333334
03170000,si_mean,0.37060433374693474
03206600,q_norm_mean,445.5842380952381
03206600,precip_mean,1234.567380952381
03206600,temp_mean,12.744395438780348
03206600,pet_mean,1121.262619047619
03206600,si_mean,0.3253701206567992
03210000,q_norm_mean,423.3625902439025
03210000,precip_mean,1198.8566666666666
03210000,temp_mean,12.873267130416805
03210000,pet_mean,1167.0464285714286
03210000,si_mean,0.3274933114568327
03237280,q_norm_mean,398.7315261904762
03237280,precip_mean,1195.2511904761905
03237280,temp_mean,12.258661891929464
03237280,pet_mean,1116.8492857142858
03237280,si_mean,0.34153992008712203
03274650,q_norm_mean,433.9542785714286
03274650,precip_mean,1073.6380952380953
03274650,temp_mean,10.477407659897557
03274650,pet_mean,1069.3809523809523
03274650,si_mean,0.3928835792840549
03275600,q_norm_mean,437.0193642857143
03275600,precip_mean,1065.9607142857142
03275600,temp_mean,10.739740036144708
03275600,pet_mean,1091.8938095238095
03275600,si_mean,0.38061559911238513
03291780,q_norm_mean,529.8050785714286
03291780,precip_mean,1214.2161904761904
03291780,temp_mean,11.980936509718791
03291780,pet_mean,1037.449761904762
03291780,si_mean,0.3663308286157234
03293000,q_norm_mean,500.5293952380952
03293000,precip_mean,1266.9590476190476
03293000,temp_mean,13.630180625510178
03293000,pet_mean,1179.3502380952382
03293000,si_mean,0.35711208098829206
03294000,q_norm_mean,469.09302619047617
03294000,precip_mean,1235.415
03294000,temp_mean,13.164672181051476
03294000,pet_mean,1152.37
03294000,si_mean,0.36759531789664385
03298000,q_norm_mean,526.7852071428572
03298000,precip_mean,1285.2923809523809
03298000,temp_mean,13.06444402204328
03298000,pet_mean,1173.650238095238
03298000,si_mean,0.3535848651783535
03298500,q_norm_mean,504.9092095238095
03298500,precip_mean,1265.567857142857
03298500,temp_mean,13.392412071048945
03298500,pet_mean,1176.693095238095
03298500,si_mean,0.3461714877201468
03302000,q_norm_mean,532.6240928571428
03302000,precip_mean,1236.654523809524
03302000,temp_mean,13.94067878084687
03302000,pet_mean,1186.730476190476
03302000,si_mean,0.35983189154055545
03302220,q_norm_mean,442.3491976190476
03302220,precip_mean,1243.81
03302220,temp_mean,13.2731212095288
03302220,pet_mean,1149.0545238095235
03302220,si_mean,0.3675262806233311
03302680,q_norm_mean,506.5685261904762
03302680,precip_mean,1213.4692857142857
03302680,temp_mean,12.668117924780512
03302680,pet_mean,1123.3290476190475
03302680,si_mean,0.3807323704442664
03302800,q_norm_mean,448.1638880952381
03302800,precip_mean,1231.297619047619
03302800,temp_mean,12.758892702975343
03302800,pet_mean,1135.5254761904762
03302800,si_mean,0.3699072526696162
03303000,q_norm_mean,560.397980952381
03303000,precip_mean,1244.9978571428571
03303000,temp_mean,12.804186795775276
03303000,pet_mean,1141.9009523809525
03303000,si_mean,0.3667915338667131
03326500,q_norm_mean,376.6043619047619
03326500,precip_mean,1029.4259523809524
03326500,temp_mean,10.647095685448368
03326500,pet_mean,1056.5264285714286
03326500,si_mean,0.39537033426827795
03327500,q_norm_mean,365.8110380952381
03327500,precip_mean,1015.7585714285716
03327500,temp_mean,10.57056197712261
03327500,pet_mean,1056.215
03327500,si_mean,0.3870284059284408
03335500,q_norm_mean,370.0005428571429
03335500,precip_mean,1013.5073809523808
03335500,temp_mean,10.490525080291867
03335500,pet_mean,1055.182619047619
03335500,si_mean,0.3812100244669441
03337000,q_norm_mean,401.3587904761905
03337000,precip_mean,1031.8911904761906
03337000,temp_mean,11.280130949707528
03337000,pet_mean,1080.7609523809524
03337000,si_mean,0.4328464299095424
03340800,q_norm_mean,395.1772642857143
03340800,precip_mean,1097.8840476190476
03340800,temp_mean,10.813017275672902
03340800,pet_mean,1083.520238095238
03340800,si_mean,0.41846743051329327
03341300,q_norm_mean,411.4821725
03341300,precip_mean,1113.5733333333333
03341300,temp_mean,11.256098948809257
03341300,pet_mean,1100.8457142857144
03341300,si_mean,0.41250830516973114
03347000,q_norm_mean,398.1269904761905
03347000,precip_mean,1046.1838095238095
03347000,temp_mean,10.641011117883789
03347000,pet_mean,1065.5180952380952
03347000,si_mean,0.3959196819209762
03349000,q_norm_mean,411.7393166666667
03349000,precip_mean,1061.0164285714286
03349000,temp_mean,10.780603479373635
03349000,pet_mean,1074.0111904761904
03349000,si_mean,0.3947338206275672
03350700,q_norm_mean,407.3384642857143
03350700,precip_mean,1081.5723809523809
03350700,temp_mean,11.1055407216109
03350700,pet_mean,1082.6895238095235
03350700,si_mean,0.3997503340669374
03351000,q_norm_mean,413.3922857142857
03351000,precip_mean,1065.5221428571429
03351000,temp_mean,10.781157348889105
03351000,pet_mean,1071.93
03351000,si_mean,0.3944826953491129
03351310,q_norm_mean,418.6985619047619
03351310,precip_mean,1082.5657142857142
03351310,temp_mean,11.334820727242915
03351310,pet_mean,1099.1228571428571
03351310,si_mean,0.4096718727579564
03351500,q_norm_mean,463.7689238095238
03351500,precip_mean,1093.0028571428572
03351500,temp_mean,10.968765159211376
03351500,pet_mean,1090.4204761904762
03351500,si_mean,0.3975048439639048
03352500,q_norm_mean,423.1381619047619
03352500,precip_mean,1106.5978571428573
03352500,temp_mean,11.03514160241535
03352500,pet_mean,1087.1788095238096
03352500,si_mean,0.3969518192706399
03353120,q_norm_mean,409.12648333333334
03353120,precip_mean,1121.4490476190476
03353120,temp_mean,11.201552862525352
03353120,pet_mean,1079.0185714285717
03353120,si_mean,0.4145929563408275
03353200,q_norm_mean,403.6102119047619
03353200,precip_mean,1081.6407142857142
03353200,temp_mean,10.968887010362195
03353200,pet_mean,1087.512619047619
03353200,si_mean,0.4087795747767423
03353600,q_norm_mean,455.17240714285714
03353600,precip_mean,1072.8395238095238
03353600,temp_mean,11.457264549670455
03353600,pet_mean,1113.8807142857142
03353600,si_mean,0.41441378823084424
03353620,q_norm_mean,518.8740595238095
03353620,precip_mean,1115.0188095238095
03353620,temp_mean,11.277791517400432
03353620,pet_mean,1082.199761904762
03353620,si_mean,0.41777908734004754
03353800,q_norm_mean,418.0106642857143
03353800,precip_mean,1107.297619047619
03353800,temp_mean,11.165915366490934
03353800,pet_mean,1105.2245238095238
03353800,si_mean,0.41121093925789354
03357350,q_norm_mean,429.4071023809524
03357350,precip_mean,1126.0121428571429
03357350,temp_mean,10.962252120026092
03357350,pet_mean,1089.9709523809524
03357350,si_mean,0.418129454494889
03358000,q_norm_mean,440.3066166666667
03358000,precip_mean,1161.4154761904765
03358000,temp_mean,11.307048353348376
03358000,pet_mean,1092.9378571428572
03358000,si_mean,0.4076109148801578
03360000,q_norm_mean,432.73158809523807
03360000,precip_mean,1149.085238095238
03360000,temp_mean,11.292273906658254
03360000,pet_mean,1091.6519047619047
03360000,si_mean,0.4080072541430203
03360500,q_norm_mean,435.3573857142857
03360500,precip_mean,1130.4240476190475
03360500,temp_mean,11.345393054085172
03360500,pet_mean,NA
03360500,si_mean,0.3884508869054136
03361500,q_norm_mean,447.8888380952381
03361500,precip_mean,1125.3630952380952
03361500,temp_mean,10.987515976388307
03361500,pet_mean,1083.243333333333
03361500,si_mean,0.3912844930496568
03361650,q_norm_mean,418.20441666666665
03361650,precip_mean,1062.4576190476191
03361650,temp_mean,11.0571384531206
03361650,pet_mean,1088.0692857142858
03361650,si_mean,NA
03361850,q_norm_mean,460.0327476190476
03361850,precip_mean,1136.3516666666667
03361850,temp_mean,11.23305419567333
03361850,pet_mean,1085.8711904761906
03361850,si_mean,0.4064745191396696
03362000,q_norm_mean,487.24516666666665
03362000,precip_mean,1132.5992857142858
03362000,temp_mean,11.42465337796171
03362000,pet_mean,1097.7740476190477
03362000,si_mean,0.4048407355714231
03362500,q_norm_mean,432.0585857142857
03362500,precip_mean,1132.1535714285717
03362500,temp_mean,11.320648485593804
03362500,pet_mean,1093.737380952381
03362500,si_mean,0.3976942586257583
03363500,q_norm_mean,440.2694666666667
03363500,precip_mean,1136.9533333333334
03363500,temp_mean,10.95049840663865
03363500,pet_mean,1076.3721428571428
03363500,si_mean,0.3844997763292139
03363900,q_norm_mean,426.5412071428571
03363900,precip_mean,1136.6711904761903
03363900,temp_mean,11.258189214333836
03363900,pet_mean,1089.7378571428571
03363900,si_mean,0.3822356320748416
03364000,q_norm_mean,441.51496904761905
03364000,precip_mean,1135.2592857142856
03364000,temp_mean,11.273162932782965
03364000,pet_mean,1091.2688095238095
03364000,si_mean,0.3872437195041434
03364500,q_norm_mean,446.6697642857143
03364500,precip_mean,1175.1695238095238
03364500,temp_mean,11.543259707206484
03364500,pet_mean,1089.419761904762
03364500,si_mean,0.3763574582443503
03365500,q_norm_mean,464.96143095238097
03365500,precip_mean,1150.6692857142857
03365500,temp_mean,11.438223214954071
03365500,pet_mean,1091.3019047619048
03365500,si_mean,0.3791361398939514
03366500,q_norm_mean,494.29733095238095
03366500,precip_mean,1217.9361904761904
03366500,temp_mean,12.252223678347752
03366500,pet_mean,1079.672619047619
03366500,si_mean,0.365636075129029
03368000,q_norm_mean,502.8703761904762
03368000,precip_mean,1225.8583333333331
03368000,temp_mean,11.928196111770555
03368000,pet_mean,1045.3607142857145
03368000,si_mean,0.3632260215786292
03369500,q_norm_mean,463.35222857142855
03369500,precip_mean,1219.9216666666666
03369500,temp_mean,11.948079716189191
03369500,pet_mean,1056.6916666666666
03369500,si_mean,0.3626808502092933
03378550,q_norm_mean,446.0753738095238
03378550,precip_mean,1239.1540476190476
03378550,temp_mean,13.5606102217517
03378550,pet_mean,1172.402142857143
03378550,si_mean,0.39587062865495853
03431700,q_norm_mean,479.5865512195122
03431700,precip_mean,1328.0533333333333
03431700,temp_mean,14.893519774434214
03431700,pet_mean,1244.5135714285714
03431700,si_mean,0.353911685425742
03478400,q_norm_mean,451.76078809523807
03478400,precip_mean,1221.6854761904765
03478400,temp_mean,12.63238359550722
03478400,pet_mean,1185.0669047619049
03478400,si_mean,0.30738699004554504
03611260,q_norm_mean,487.5991333333333
03611260,precip_mean,1296.1959523809523
03611260,temp_mean,14.52110385543543
03611260,pet_mean,1207.2340476190475
03611260,si_mean,0.39069045717433
03612000,q_norm_mean,479.00338095238095
03612000,precip_mean,1264.282619047619
03612000,temp_mean,14.116319219431167
03612000,pet_mean,1175.3692857142858
03612000,si_mean,0.3944732737246278
04024430,q_norm_mean,325.11562857142854
04024430,precip_mean,811.8238095238095
04024430,temp_mean,4.9266173063281755
04024430,pet_mean,881.7866666666666
04024430,si_mean,0.5470790686780697
04025500,q_norm_mean,506.7952275
04025500,precip_mean,861.5504761904762
04025500,temp_mean,4.992607710514402
04025500,pet_mean,875.1904761904761
04025500,si_mean,0.5032948404158744
04037500,q_norm_mean,297.44143333333335
04037500,precip_mean,832.4828571428571
04037500,temp_mean,4.586145821080135
04037500,pet_mean,791.6197619047618
04037500,si_mean,0.4501988177119701
04043050,q_norm_mean,520.1455309523809
04043050,precip_mean,883.0802380952381
04043050,temp_mean,5.32453437668203
04043050,pet_mean,864.7580952380953
04043050,si_mean,0.3467069823013877
04057510,q_norm_mean,336.58359047619047
04057510,precip_mean,861.4692857142857
04057510,temp_mean,5.798580562773803
04057510,pet_mean,872.98
04057510,si_mean,0.3691953743356016
04057800,q_norm_mean,427.94335476190474
04057800,precip_mean,845.5488095238095
04057800,temp_mean,4.300208928170415
04057800,pet_mean,867.6485714285715
04057800,si_mean,0.4108942081574441
04087030,q_norm_mean,351.24280238095236
04087030,precip_mean,886.3235714285714
04087030,temp_mean,7.938692098068361
04087030,pet_mean,923.8114285714286
04087030,si_mean,0.47675930885636225
04087088,q_norm_mean,322.7076071428571
04087088,precip_mean,892.6292857142857
04087088,temp_mean,8.861062706076517
04087088,pet_mean,1008.3716666666668
04087088,si_mean,0.4619939192735915
04087120,q_norm_mean,350.0334190476191
04087120,precip_mean,889.9404761904761
04087120,temp_mean,8.539510214266109
04087120,pet_mean,982.1238095238097
04087120,si_mean,0.4643252095552364
04087204,q_norm_mean,364.79922142857146
04087204,precip_mean,904.8838095238096
04087204,temp_mean,9.038487711156025
04087204,pet_mean,1032.561428571429
04087204,si_mean,0.43781520881145664
04087220,q_norm_mean,325.85055
04087220,precip_mean,907.457380952381
04087220,temp_mean,8.926184485936002
04087220,pet_mean,1016.6583333333332
04087220,si_mean,0.4497254413404267
04087240,q_norm_mean,312.1600285714286
04087240,precip_mean,897.88
04087240,temp_mean,8.851342191281782
04087240,pet_mean,1003.4104761904762
04087240,si_mean,0.4470773353223474
04087257,q_norm_mean,366.0380333333333
04087257,precip_mean,899.8109523809524
04087257,temp_mean,8.99593852726359
04087257,pet_mean,1001.4161904761904
04087257,si_mean,0.44598203404182807
04093000,q_norm_mean,404.29781904761904
04093000,precip_mean,1004.2795238095238
04093000,temp_mean,10.288246525438533
04093000,pet_mean,1045.49
04093000,si_mean,0.42030251977971544
04094000,q_norm_mean,467.4288761904762
04094000,precip_mean,1024.2119047619049
04094000,temp_mean,10.255663872046313
04094000,pet_mean,1035.6795238095235
04094000,si_mean,0.4041056425735114
04096405,q_norm_mean,318.7407333333333
04096405,precip_mean,967.8490476190476
04096405,temp_mean,9.11605466441386
04096405,pet_mean,982.084761904762
04096405,si_mean,0.3889305740258314
04096515,q_norm_mean,317.30802857142857
04096515,precip_mean,968.2083333333334
04096515,temp_mean,9.140205548961108
04096515,pet_mean,981.9633333333334
04096515,si_mean,0.39076451402816315
04097540,q_norm_mean,307.1389785714286
04097540,precip_mean,970.625238095238
04097540,temp_mean,9.580274974246006
04097540,pet_mean,1003.5540476190477
04097540,si_mean,0.4002696170479816
04099000,q_norm_mean,351.35440476190473
04099000,precip_mean,972.7623809523808
04099000,temp_mean,9.504859073070056
04099000,pet_mean,1006.089761904762
04099000,si_mean,0.3915357983385107
04099510,q_norm_mean,319.93628333333334
04099510,precip_mean,973.204761904762
04099510,temp_mean,9.385547255461807
04099510,pet_mean,980.8857142857142
04099510,si_mean,0.3947037222186251
04099750,q_norm_mean,365.7191404761905
04099750,precip_mean,962.7426190476192
04099750,temp_mean,9.540364407444242
04099750,pet_mean,998.6373809523808
04099750,si_mean,0.39533601861270234
04100222,q_norm_mean,338.0952095238095
04100222,precip_mean,963.9557142857144
04100222,temp_mean,9.714517115267396
04100222,pet_mean,1016.295
04100222,si_mean,0.39259203672664905
04100500,q_norm_mean,351.5668595238095
04100500,precip_mean,959.4771428571428
04100500,temp_mean,9.888617019380549
04100500,pet_mean,1029.1504761904762
04100500,si_mean,0.3918180461706511
04105700,q_norm_mean,410.3679285714286
04105700,precip_mean,984.2595238095238
04105700,temp_mean,9.618872846556094
04105700,pet_mean,1037.1492857142855
04105700,si_mean,0.40794259643356673
04106400,q_norm_mean,133.28042142857143
04106400,precip_mean,987.5019047619048
04106400,temp_mean,9.889969070254049
04106400,pet_mean,1043.8583333333331
04106400,si_mean,0.3988633603932815
04108600,q_norm_mean,350.9347666666667
04108600,precip_mean,1016.7885714285716
04108600,temp_mean,9.157605094122388
04108600,pet_mean,992.9733333333334
04108600,si_mean,0.38490603586368927
04112000,q_norm_mean,228.98587857142857
04112000,precip_mean,852.0507142857143
04112000,temp_mean,8.924243734382742
04112000,pet_mean,976.4366666666668
04112000,si_mean,0.407774320849879
04121300,q_norm_mean,217.53115952380952
04121300,precip_mean,873.8371428571429
04121300,temp_mean,6.422288499994653
04121300,pet_mean,883.4188095238095
04121300,si_mean,0.3952822238615561
04121500,q_norm_mean,274.77160714285714
04121500,precip_mean,843.5721428571428
04121500,temp_mean,6.644632965470041
04121500,pet_mean,898.0852380952381
04121500,si_mean,0.3854668713085702
04122100,q_norm_mean,361.0267476190476
04122100,precip_mean,926.090238095238
04122100,temp_mean,8.71816239988023
04122100,pet_mean,1013.8764285714286
04122100,si_mean,0.3767236728203047
04127800,q_norm_mean,966.4160142857144
04127800,precip_mean,888.4695238095238
04127800,temp_mean,7.100446617047897
04127800,pet_mean,954.6161904761904
04127800,si_mean,0.3787563255820576
04127997,q_norm_mean,411.12947142857143
04127997,precip_mean,884.0230952380953
04127997,temp_mean,6.512311029838989
04127997,pet_mean,934.5559523809524
04127997,si_mean,0.3570332686394398
04128990,q_norm_mean,467.4572357142858
04128990,precip_mean,892.4161904761904
04128990,temp_mean,6.332146179319096
04128990,pet_mean,917.7869047619048
04128990,si_mean,0.3478217111920962
04135700,q_norm_mean,190.75077073170732
04135700,precip_mean,823.7421428571429
04135700,temp_mean,6.454234562752416
04135700,pet_mean,882.9404761904761
04135700,si_mean,0.38526999330881945
04136500,q_norm_mean,255.4772357142857
04136500,precip_mean,849.59
04136500,temp_mean,6.46879435479559
04136500,pet_mean,893.7461904761905
04136500,si_mean,0.3689727312328065
04146000,q_norm_mean,257.43434047619047
04146000,precip_mean,831.3302380952381
04146000,temp_mean,8.84007660788696
04146000,pet_mean,962.0459523809524
04146000,si_mean,0.3974613406735867
04146063,q_norm_mean,269.6619666666667
04146063,precip_mean,831.1904761904761
04146063,temp_mean,8.83702500900053
04146063,pet_mean,957.194761904762
04146063,si_mean,0.3971940561333079
04147500,q_norm_mean,253.55015853658537
04147500,precip_mean,829.0166666666667
04147500,temp_mean,8.765893827596162
04147500,pet_mean,955.1461904761904
04147500,si_mean,0.3914271042329338
04148140,q_norm_mean,247.71273095238095
04148140,precip_mean,834.1538095238095
04148140,temp_mean,8.87767698252293
04148140,pet_mean,966.5014285714286
04148140,si_mean,0.3952080325508915
04148500,q_norm_mean,268.5181333333333
04148500,precip_mean,831.3495238095238
04148500,temp_mean,8.798994307386852
04148500,pet_mean,958.8814285714286
04148500,si_mean,0.3910624831327384
04163400,q_norm_mean,314.5982317073171
04163400,precip_mean,854.1969047619048
04163400,temp_mean,9.681362994093512
04163400,pet_mean,1011.8338095238096
04163400,si_mean,0.3801156774610666
04164100,q_norm_mean,272.6522857142857
04164100,precip_mean,850.035
04164100,temp_mean,9.001768187310855
04164100,pet_mean,952.5835714285714
04164100,si_mean,0.3824221390194445
04164300,q_norm_mean,240.2054
04164300,precip_mean,849.312619047619
04164300,temp_mean,8.89007182423834
04164300,pet_mean,950.0433333333332
04164300,si_mean,0.380758733413634
04164500,q_norm_mean,263.709130952381
04164500,precip_mean,858.0554761904762
04164500,temp_mean,9.0825867544263
04164500,pet_mean,954.7135714285714
04164500,si_mean,0.3767388536313445
04166100,q_norm_mean,325.82746153846153
04166100,precip_mean,848.8185714285714
04166100,temp_mean,9.449394387233149
04166100,pet_mean,1007.302619047619
04166100,si_mean,0.3824991058498588
04166300,q_norm_mean,367.93630256410256
04166300,precip_mean,851.1133333333333
04166300,temp_mean,9.228862197412838
04166300,pet_mean,992.304761904762
04166300,si_mean,0.38441239906756386
04166500,q_norm_mean,306.94009047619045
04166500,precip_mean,857.125238095238
04166500,temp_mean,9.548418882936062
04166500,pet_mean,1011.2376190476192
04166500,si_mean,0.38007092366767514
04285500,q_norm_mean,741.9161047619048
04285500,precip_mean,1194.4645238095238
04285500,temp_mean,5.426472855823968
04285500,pet_mean,789.5792857142857
04285500,si_mean,0.31706199089407333
04286000,q_norm_mean,595.5031047619048
04286000,precip_mean,1154.1397619047618
04286000,temp_mean,5.505041398878587
04286000,pet_mean,814.7807142857143
04286000,si_mean,0.32405856388557325
04287000,q_norm_mean,641.6543642857143
04287000,precip_mean,1166.6640476190476
04287000,temp_mean,5.65953875040547
04287000,pet_mean,811.6969047619048
04287000,si_mean,0.3248832475210875
04288000,q_norm_mean,732.2866428571429
04288000,precip_mean,1323.6392857142855
04288000,temp_mean,5.3010726476532675
04288000,pet_mean,802.2042857142857
04288000,si_mean,0.31906942321360204
04290500,q_norm_mean,677.1981666666667
04290500,precip_mean,1204.9369047619048
04290500,temp_mean,5.686986689907642
04290500,pet_mean,823.4816666666667
04290500,si_mean,0.31815711854018197
04296000,q_norm_mean,652.4540761904761
04296000,precip_mean,1178.8383333333334
04296000,temp_mean,5.093796944453356
04296000,pet_mean,817.7404761904762
04296000,si_mean,0.3095153643367491
05287890,q_norm_mean,179.8461142857143
05287890,precip_mean,803.447619047619
05287890,temp_mean,7.3873703068022625
05287890,pet_mean,968.399761904762
05287890,si_mean,0.5762792331371851
05426250,q_norm_mean,284.5264285714286
05426250,precip_mean,905.465238095238
05426250,temp_mean,8.30495881499542
05426250,pet_mean,961.03
05426250,si_mean,0.4666346870405755
05427948,q_norm_mean,133.63069047619047
05427948,precip_mean,923.675238095238
05427948,temp_mean,8.196814667479387
05427948,pet_mean,956.3704761904762
05427948,si_mean,0.5043457453229389
05430150,q_norm_mean,474.23319285714285
05430150,precip_mean,925.0909523809524
05430150,temp_mean,8.236737191620417
05430150,pet_mean,968.4004761904762
05430150,si_mean,0.47881829647777974
05431486,q_norm_mean,291.2521738095238
05431486,precip_mean,933.8578571428573
05431486,temp_mean,8.745568646427056
05431486,pet_mean,987.052380952381
05431486,si_mean,0.46477706921123624
05448000,q_norm_mean,299.2294976190476
05448000,precip_mean,951.2764285714286
05448000,temp_mean,10.368863015480914
05448000,pet_mean,1081.6509523809525
05448000,si_mean,0.48259793708350834
05451700,q_norm_mean,308.9501119047619
05451700,precip_mean,909.490238095238
05451700,temp_mean,9.07890539639765
05451700,pet_mean,1029.3919047619047
05451700,si_mean,0.547912926125278
05451900,q_norm_mean,301.30888095238095
05451900,precip_mean,902.9242857142856
05451900,temp_mean,9.164756589992836
05451900,pet_mean,1039.6892857142857
05451900,si_mean,0.5385836872223613
05452000,q_norm_mean,302.64428571428573
05452000,precip_mean,933.2426190476192
05452000,temp_mean,9.058408490441614
05452000,pet_mean,1031.0328571428572
05452000,si_mean,0.5408734520045052
05452200,q_norm_mean,288.0500595238095
05452200,precip_mean,907.6316666666668
05452200,temp_mean,9.25277262163193
05452200,pet_mean,1044.7107142857144
05452200,si_mean,0.5315933099848388
05453000,q_norm_mean,299.9976404761905
05453000,precip_mean,916.4269047619048
05453000,temp_mean,9.338104960451131
05453000,pet_mean,1049.0890476190475
05453000,si_mean,0.526576778125546
05466500,q_norm_mean,301.9878976190476
05466500,precip_mean,956.2480952380952
05466500,temp_mean,10.318359721821208
05466500,pet_mean,1071.260476190476
05466500,si_mean,0.4821691286404442
05467000,q_norm_mean,296.02598536585367
05467000,precip_mean,952.24
05467000,temp_mean,10.426286493143555
05467000,pet_mean,1074.474761904762
05467000,si_mean,0.48943471959377066
05469000,q_norm_mean,297.2456833333333
05469000,precip_mean,966.7866666666666
05469000,temp_mean,10.574839817280306
05469000,pet_mean,1084.3435714285713
05469000,si_mean,0.4853679503355635
05484800,q_norm_mean,305.51756666666665
05484800,precip_mean,904.0421428571428
05484800,temp_mean,10.02161233019295
05484800,pet_mean,1072.9416666666666
05484800,si_mean,0.5569210029883649
05503800,q_norm_mean,269.2786238095238
05503800,precip_mean,1024.3359523809524
05503800,temp_mean,11.93783453459234
05503800,pet_mean,1202.722380952381
05503800,si_mean,0.4826853501644811
05515500,q_norm_mean,382.1754523809524
05515500,precip_mean,1040.8728571428571
05515500,temp_mean,10.07387237603328
05515500,pet_mean,1044.4857142857145
05515500,si_mean,0.386945969058278
05516500,q_norm_mean,342.6046714285714
05516500,precip_mean,1010.3311904761904
05516500,temp_mean,10.01371595393154
05516500,pet_mean,1042.8857142857144
05516500,si_mean,0.3886614641393859
05517000,q_norm_mean,353.8592976190476
05517000,precip_mean,1019.5609523809524
05517000,temp_mean,10.062897165812952
05517000,pet_mean,1043.147619047619
05517000,si_mean,0.3901207898894976
05517500,q_norm_mean,383.9415523809524
05517500,precip_mean,1027.1121428571428
05517500,temp_mean,10.08295785790924
05517500,pet_mean,1043.0409523809524
05517500,si_mean,0.3892101342037038
05517530,q_norm_mean,381.0296452380952
05517530,precip_mean,1026.3383333333334
05517530,temp_mean,10.084445253601103
05517530,pet_mean,1043.064761904762
05517530,si_mean,0.3897659820763559
05518000,q_norm_mean,380.1553476190476
05518000,precip_mean,1023.5078571428572
05518000,temp_mean,10.084485522512022
05518000,pet_mean,1042.2666666666669
05518000,si_mean,0.3939114734404284
05527800,q_norm_mean,306.5957452380952
05527800,precip_mean,898.5757142857143
05527800,temp_mean,8.889322395460168
05527800,pet_mean,993.8533333333334
05527800,si_mean,0.44931209293499613
05528500,q_norm_mean,357.6734714285714
05528500,precip_mean,966.9983333333332
05528500,temp_mean,9.50728298382756
05528500,pet_mean,1055.2833333333333
05528500,si_mean,0.45332755740488506
05529000,q_norm_mean,404.3471119047619
05529000,precip_mean,927.7188095238096
05529000,temp_mean,9.234147849318632
05529000,pet_mean,1035.7211904761905
05529000,si_mean,0.4396028634049599
05529500,q_norm_mean,316.8950690476191
05529500,precip_mean,965.9233333333332
05529500,temp_mean,9.920314801150642
05529500,pet_mean,1102.36
05529500,si_mean,0.4414543099864711
05530990,q_norm_mean,460.8564571428571
05530990,precip_mean,969.6290476190476
05530990,temp_mean,9.437366505191791
05530990,pet_mean,1038.0859523809524
05530990,si_mean,0.4591670896542029
05531500,q_norm_mean,596.4442166666666
05531500,precip_mean,977.1942857142856
05531500,temp_mean,9.836653568666032
05531500,pet_mean,1069.2654761904762
05531500,si_mean,0.4506784831867673
05532000,q_norm_mean,428.5359785714286
05532000,precip_mean,981.2919047619048
05532000,temp_mean,10.272725350129573
05532000,pet_mean,1093.5059523809523
05532000,si_mean,0.4456335759585244
05532500,q_norm_mean,437.66262857142857
05532500,precip_mean,946.8278571428572
05532500,temp_mean,9.5602737515996
05532500,pet_mean,1055.9485714285713
05532500,si_mean,0.4347524329244966
05533000,q_norm_mean,664.2246761904762
05533000,precip_mean,1004.7609523809524
05533000,temp_mean,10.398184692680877
05533000,pet_mean,1101.025238095238
05533000,si_mean,0.4444244618822143
05534500,q_norm_mean,392.75172142857144
05534500,precip_mean,959.7319047619048
05534500,temp_mean,9.564169582482291
05534500,pet_mean,1087.765238095238
05534500,si_mean,0.44000783622814366
05535000,q_norm_mean,424.8699952380952
05535000,precip_mean,946.6326190476192
05535000,temp_mean,9.34173891687074
05535000,pet_mean,1070.928571428571
05535000,si_mean,0.4482685002515888
05535070,q_norm_mean,430.37209523809526
05535070,precip_mean,961.8757142857144
05535070,temp_mean,9.523309318846934
05535070,pet_mean,1087.1414285714286
05535070,si_mean,0.4431957486843457
05535500,q_norm_mean,518.3008833333333
05535500,precip_mean,977.207619047619
05535500,temp_mean,9.874002798184923
05535500,pet_mean,1114.7211904761905
05535500,si_mean,0.4345369354206271
05536000,q_norm_mean,463.7129166666667
05536000,precip_mean,967.5666666666668
05536000,temp_mean,9.782303615540084
05536000,pet_mean,1104.5585714285714
05536000,si_mean,0.4350945774609507
05536195,q_norm_mean,222.2546071428571
05536195,precip_mean,1001.6680952380952
05536195,temp_mean,10.347819091106762
05536195,pet_mean,1037.365
05536195,si_mean,0.42371704039730246
05536215,q_norm_mean,668.8889238095238
05536215,precip_mean,1013.7190476190476
05536215,temp_mean,10.123404291381949
05536215,pet_mean,1023.2626190476192
05536215,si_mean,0.43925302140588807
05536235,q_norm_mean,353.8478880952381
05536235,precip_mean,1011.1235714285714
05536235,temp_mean,10.12048190982359
05536235,pet_mean,1022.4609523809524
05536235,si_mean,0.43785193578449094
05536255,q_norm_mean,341.60255476190474
05536255,precip_mean,1011.4811904761904
05536255,temp_mean,10.184095198885004
05536255,pet_mean,1028.1671428571428
05536255,si_mean,0.4383781110587161
05536275,q_norm_mean,424.68967857142854
05536275,precip_mean,1009.62
05536275,temp_mean,10.204092313368196
05536275,pet_mean,1026.859761904762
05536275,si_mean,0.43531328409437314
05536290,q_norm_mean,321.51809761904764
05536290,precip_mean,1005.0359523809524
05536290,temp_mean,10.298898964136894
05536290,pet_mean,1033.8116666666667
05536290,si_mean,0.42796627691122824
05536340,q_norm_mean,444.15465
05536340,precip_mean,1009.712619047619
05536340,temp_mean,10.288135507006157
05536340,pet_mean,1045.5047619047618
05536340,si_mean,0.4340086869327072
05536500,q_norm_mean,452.8270476190476
05536500,precip_mean,1006.592380952381
05536500,temp_mean,10.376159822698447
05536500,pet_mean,1060.8561904761905
05536500,si_mean,0.43470084415715926
05537500,q_norm_mean,397.7926214285714
05537500,precip_mean,995.2509523809524
05537500,temp_mean,10.066629750230806
05537500,pet_mean,1050.140238095238
05537500,si_mean,0.4431425936633429
05539000,q_norm_mean,390.68827857142855
05539000,precip_mean,1001.9195238095238
05539000,temp_mean,10.093814840360876
05539000,pet_mean,1036.7140476190475
05539000,si_mean,0.4404939177474936
05539900,q_norm_mean,579.4216428571428
05539900,precip_mean,966.085238095238
05539900,temp_mean,9.614772824812237
05539900,pet_mean,1054.3804761904762
05539900,si_mean,0.4641346840147648
05540095,q_norm_mean,478.060119047619
05540095,precip_mean,975.1154761904762
05540095,temp_mean,9.818329900655524
05540095,pet_mean,1070.5419047619048
05540095,si_mean,0.45681794947332377
05540500,q_norm_mean,487.42157142857144
05540500,precip_mean,981.592619047619
05540500,temp_mean,10.04583593903165
05540500,pet_mean,1071.4035714285717
05540500,si_mean,0.4473679975288034
05543830,q_norm_mean,351.9316857142857
05543830,precip_mean,905.2371428571428
05543830,temp_mean,8.373896814703125
05543830,pet_mean,963.0283333333332
05543830,si_mean,0.464631669091806
05544200,q_norm_mean,274.76518571428574
05544200,precip_mean,905.0019047619048
05544200,temp_mean,8.50868871172992
05544200,pet_mean,968.3219047619048
05544200,si_mean,0.45760936226737686
05548280,q_norm_mean,297.8477119047619
05548280,precip_mean,940.1692857142856
05548280,temp_mean,8.951636086248257
05548280,pet_mean,995.8364285714284
05548280,si_mean,0.4543085194989769
05550500,q_norm_mean,336.06689523809524
05550500,precip_mean,970.4669047619047
05550500,temp_mean,9.337623367873986
05550500,pet_mean,1029.4754761904762
05550500,si_mean,0.4674806972066436
05551200,q_norm_mean,332.05871904761904
05551200,precip_mean,974.9714285714284
05551200,temp_mean,9.324973144553876
05551200,pet_mean,1032.7069047619048
05551200,si_mean,0.4623299161927448
05551700,q_norm_mean,297.43568571428574
05551700,precip_mean,974.9657142857144
05551700,temp_mean,9.725550465354193
05551700,pet_mean,1041.9792857142857
05551700,si_mean,0.4544141999309396
05568800,q_norm_mean,309.8135476190476
05568800,precip_mean,961.8016666666666
05568800,temp_mean,10.120686512392217
05568800,pet_mean,1068.0790476190475
05568800,si_mean,0.4726421821942128
05569500,q_norm_mean,285.9756
05569500,precip_mean,969.1564285714286
05569500,temp_mean,10.33003824067242
05569500,pet_mean,1078.956428571429
05569500,si_mean,0.4670676735662947
05577500,q_norm_mean,251.55069285714285
05577500,precip_mean,979.5509523809524
05577500,temp_mean,11.90583187542552
05577500,pet_mean,1154.787380952381
05577500,si_mean,0.4475280894526037
05579500,q_norm_mean,304.9666142857143
05579500,precip_mean,994.0228571428572
05579500,temp_mean,11.640564447367389
05579500,pet_mean,1134.6609523809525
05579500,si_mean,0.435094068347107
05580000,q_norm_mean,314.8894880952381
05580000,precip_mean,988.7690476190476
05580000,temp_mean,11.140560932704544
05580000,pet_mean,1119.2011904761905
05580000,si_mean,0.4357994192742756
05580950,q_norm_mean,573.0748309523809
05580950,precip_mean,977.0102380952382
05580950,temp_mean,11.151763157707128
05580950,pet_mean,1131.43
05580950,si_mean,0.43724513275871374
05587900,q_norm_mean,302.9010380952381
05587900,precip_mean,1060.9683333333332
05587900,temp_mean,12.72815964981696
05587900,pet_mean,1181.2471428571428
05587900,si_mean,0.42541707144891633
05588000,q_norm_mean,308.24584285714286
05588000,precip_mean,1057.2814285714285
05588000,temp_mean,12.901920820278107
05588000,pet_mean,1178.1919047619049
05588000,si_mean,0.4245659997357996
05590800,q_norm_mean,311.5347595238095
05590800,precip_mean,1015.6892857142856
05590800,temp_mean,11.614483162768812
05590800,pet_mean,1112.217619047619
05590800,si_mean,0.4285641677178491
05591200,q_norm_mean,330.88710714285713
05591200,precip_mean,1024.4692857142857
05591200,temp_mean,11.732228764984548
05591200,pet_mean,1120.1830952380951
05591200,si_mean,0.4220701557785582
05591550,q_norm_mean,329.3958666666667
05591550,precip_mean,1034.662857142857
05591550,temp_mean,12.064130705534703
05591550,pet_mean,1139.317142857143
05591550,si_mean,0.44351055820244695
05591700,q_norm_mean,332.2853023809524
05591700,precip_mean,1019.2180952380952
05591700,temp_mean,11.725495751036398
05591700,pet_mean,1125.817142857143
05591700,si_mean,0.4395459089740661
05592050,q_norm_mean,307.93428095238096
05592050,precip_mean,1044.6390476190477
05592050,temp_mean,12.096890847618337
05592050,pet_mean,1148.0219047619048
05592050,si_mean,0.44298909876238146
05593900,q_norm_mean,310.72655714285713
05593900,precip_mean,1039.1066666666666
05593900,temp_mean,12.25020541885442
05593900,pet_mean,1172.5190476190476
05593900,si_mean,0.43797969114863816
06062500,q_norm_mean,173.3983275
06062500,precip_mean,634.4057142857142
06062500,temp_mean,3.2184267499349466
06062500,pet_mean,914.8821428571428
06062500,si_mean,0.3992501222778928
06204050,q_norm_mean,787.1202976190476
06204050,precip_mean,1140.4916666666666
06204050,temp_mean,-1.4067084023968148
06204050,pet_mean,819.0992857142858
06204050,si_mean,0.3617672783777993
06295113,q_norm_mean,22.87373
06295113,precip_mean,529.1254761904762
06295113,temp_mean,7.028553703763113
06295113,pet_mean,1171.8730952380952
06295113,si_mean,0.4919121157738018
06332515,q_norm_mean,20.410576190476192
06332515,precip_mean,423.6809523809523
06332515,temp_mean,5.687119496754462
06332515,pet_mean,1078.9392857142857
06332515,si_mean,0.70686813322064
06409000,q_norm_mean,67.91275476190476
06409000,precip_mean,631.0638095238095
06409000,temp_mean,3.767243953603599
06409000,pet_mean,1040.9283333333333
06409000,si_mean,0.4860733513732406
06410500,q_norm_mean,70.69040714285714
06410500,precip_mean,609.6390476190476
06410500,temp_mean,4.55793438523699
06410500,pet_mean,1079.0388095238095
06410500,si_mean,0.5223861064507537
06421500,q_norm_mean,55.08359512195122
06421500,precip_mean,541.0354761904762
06421500,temp_mean,6.459749756718317
06421500,pet_mean,1158.887380952381
06421500,si_mean,0.5845871173810279
06436190,q_norm_mean,134.7514880952381
06436190,precip_mean,677.4745238095238
06436190,temp_mean,7.155502860564841
06436190,pet_mean,1169.2838095238096
06436190,si_mean,0.5296893654254455
06453600,q_norm_mean,51.21965238095238
06453600,precip_mean,647.6169047619047
06453600,temp_mean,9.205108637301766
06453600,pet_mean,1204.0364285714286
06453600,si_mean,0.6626210953675109
06470800,q_norm_mean,26.07665
06470800,precip_mean,549.2038095238095
06470800,temp_mean,5.660402712278863
06470800,pet_mean,980.7538095238097
06470800,si_mean,0.670833100658071
06470878,q_norm_mean,27.075342857142857
06470878,precip_mean,509.6216666666666
06470878,temp_mean,5.288693889263168
06470878,pet_mean,984.7447619047618
06470878,si_mean,0.6791652503871324
06471000,q_norm_mean,25.32305714285714
06471000,precip_mean,513.4635714285714
06471000,temp_mean,5.354479150848902
06471000,pet_mean,986.83
06471000,si_mean,0.6755765247415901
06614800,q_norm_mean,677.2600309523809
06614800,precip_mean,1203.7369047619047
06614800,temp_mean,-0.6216774601748777
06614800,pet_mean,906.529761904762
06614800,si_mean,0.38873724006868393
06622700,q_norm_mean,456.0745619047619
06622700,precip_mean,942.1378571428572
06622700,temp_mean,1.1483095541083417
06622700,pet_mean,1004.4609523809524
06622700,si_mean,0.4053970412097264
06632400,q_norm_mean,434.16174047619046
06632400,precip_mean,859.3507142857143
06632400,temp_mean,0.9484114205155076
06632400,pet_mean,969.4169047619048
06632400,si_mean,0.4027218525916999
06712000,q_norm_mean,18.994240476190477
06712000,precip_mean,509.3592857142857
06712000,temp_mean,7.948435565108595
06712000,pet_mean,1245.0183333333334
06712000,si_mean,0.6264137133687404
06746095,q_norm_mean,1023.0484714285716
06746095,precip_mean,1215.1130952380952
06746095,temp_mean,-0.3784075600896845
06746095,pet_mean,906.9678571428572
06746095,si_mean,0.3902936284599329
06803000,q_norm_mean,119.4667523809524
06803000,precip_mean,785.0007142857143
06803000,temp_mean,11.129844543895858
06803000,pet_mean,1233.699761904762
06803000,si_mean,0.6170061323714873
06803510,q_norm_mean,121.1200261904762
06803510,precip_mean,769.9190476190477
06803510,temp_mean,10.74855622569411
06803510,pet_mean,1210.925238095238
06803510,si_mean,0.6338009685274147
06803520,q_norm_mean,162.47534047619047
06803520,precip_mean,804.1233333333333
06803520,temp_mean,11.003989552254769
06803520,pet_mean,1213.8283333333334
06803520,si_mean,0.622869601034492
06803530,q_norm_mean,126.32140714285714
06803530,precip_mean,776.3040476190477
06803530,temp_mean,10.595970704607916
06803530,pet_mean,1201.5864285714283
06803530,si_mean,0.6298244088323669
06804000,q_norm_mean,140.08960476190475
06804000,precip_mean,808.4685714285714
06804000,temp_mean,10.375779289154092
06804000,pet_mean,1197.1995238095235
06804000,si_mean,0.6307867137463132
06823500,q_norm_mean,6.592407142857143
06823500,precip_mean,466.445
06823500,temp_mean,10.69295165556304
06823500,pet_mean,1415.6459523809524
06823500,si_mean,0.7035104418236058
06879650,q_norm_mean,159.8750333333333
06879650,precip_mean,878.8309523809523
06879650,temp_mean,12.68929530118807
06879650,pet_mean,1306.5933333333332
06879650,si_mean,0.59703915216269
06893080,q_norm_mean,311.08275
06893080,precip_mean,1050.4890476190476
06893080,temp_mean,12.98527157008473
06893080,pet_mean,1251.6933333333334
06893080,si_mean,0.5419243937648746
06893300,q_norm_mean,585.0141846153846
06893300,precip_mean,1039.440238095238
06893300,temp_mean,13.071117944385628
06893300,pet_mean,1262.4652380952382
06893300,si_mean,0.5427041525923776
06893500,q_norm_mean,409.23219047619045
06893500,precip_mean,1049.282619047619
06893500,temp_mean,13.006852259400654
06893500,pet_mean,1258.7095238095235
06893500,si_mean,0.5380227775229648
07083000,q_norm_mean,435.76867142857145
07083000,precip_mean,837.3773809523809
07083000,temp_mean,-1.056409148104185
07083000,pet_mean,925.957619047619
07083000,si_mean,0.3442659947935381
07105900,q_norm_mean,11.601388095238097
07105900,precip_mean,421.6240476190477
07105900,temp_mean,9.775245464979914
07105900,pet_mean,1309.9490476190476
07105900,si_mean,0.7695728578240398
07106300,q_norm_mean,60.80452380952381
07106300,precip_mean,483.5302380952381
07106300,temp_mean,8.111443214668904
07106300,pet_mean,1236.970238095238
07106300,si_mean,0.6709217426784054
07195500,q_norm_mean,412.33743095238094
07195500,precip_mean,1243.402857142857
07195500,temp_mean,14.633010773903091
07195500,pet_mean,1317.990476190476
07195500,si_mean,0.4437072828668379
07195800,q_norm_mean,377.35744285714287
07195800,precip_mean,1255.307142857143
07195800,temp_mean,14.522990291902374
07195800,pet_mean,1331.952142857143
07195800,si_mean,0.4477041195216729
07195855,q_norm_mean,325.32745238095237
07195855,precip_mean,1252.2073809523808
07195855,temp_mean,14.689428100905756
07195855,pet_mean,1339.5528571428572
07195855,si_mean,0.4433364236206033
07196000,q_norm_mean,387.70425
07196000,precip_mean,1249.5061904761906
07196000,temp_mean,14.814914532382309
07196000,pet_mean,1341.472380952381
07196000,si_mean,0.442732864913356
07196500,q_norm_mean,413.48650714285714
07196500,precip_mean,1243.0057142857142
07196500,temp_mean,14.822655826819089
07196500,pet_mean,1327.2385714285715
07196500,si_mean,0.4431941437486476
07196900,q_norm_mean,428.72638095238096
07196900,precip_mean,1305.2488095238095
07196900,temp_mean,14.70547829891744
07196900,pet_mean,1298.7178571428572
07196900,si_mean,0.4478160690832209
07197000,q_norm_mean,427.80239047619045
07197000,precip_mean,1291.104523809524
07197000,temp_mean,15.008971292761434
07197000,pet_mean,1325.864761904762
07197000,si_mean,0.4512250414651155
07340300,q_norm_mean,752.9471214285714
07340300,precip_mean,1619.084761904762
07340300,temp_mean,15.572167550679229
07340300,pet_mean,1247.1666666666667
07340300,si_mean,0.4204010031441169
07352000,q_norm_mean,424.17525476190474
07352000,precip_mean,1516.495
07352000,temp_mean,18.270594742620457
07352000,pet_mean,1413.7683333333334
07352000,si_mean,0.4502864387614086
08010000,q_norm_mean,700.1006785714286
08010000,precip_mean,1567.4109523809525
08010000,temp_mean,20.237236828034604
08010000,pet_mean,1431.2145238095238
08010000,si_mean,0.4314809020949481
08012000,q_norm_mean,550.6390190476191
08012000,precip_mean,1601.5128571428572
08012000,temp_mean,19.936579169028192
08012000,pet_mean,1416.412142857143
08012000,si_mean,0.4278656219738168
08017200,q_norm_mean,298.7970404761905
08017200,precip_mean,1134.6564285714285
08017200,temp_mean,17.943910967815526
08017200,pet_mean,1529.5740476190476
08017200,si_mean,0.4960425218676293
08017300,q_norm_mean,370.611080952381
08017300,precip_mean,1078.2007142857142
08017300,temp_mean,18.324629176335556
08017300,pet_mean,1501.8238095238096
08017300,si_mean,0.5055549716509212
08023080,q_norm_mean,372.53541190476193
08023080,precip_mean,1352.0083333333334
08023080,temp_mean,18.643345153436776
08023080,pet_mean,1431.5088095238095
08023080,si_mean,0.4596732963244549
08025500,q_norm_mean,421.9904175
08025500,precip_mean,1464.3228571428572
08025500,temp_mean,18.83189167103326
08025500,pet_mean,1420.1607142857142
08025500,si_mean,0.43761000427095265
08029500,q_norm_mean,396.2560452380952
08029500,precip_mean,1495.765
08029500,temp_mean,19.12068102652394
08029500,pet_mean,1416.8157142857142
08029500,si_mean,0.4383572419452334
08049700,q_norm_mean,163.0474095238095
08049700,precip_mean,943.27
08049700,temp_mean,18.91374951789234
08049700,pet_mean,1666.4380952380952
08049700,si_mean,0.5279270434518516
08061540,q_norm_mean,534.0372857142858
08061540,precip_mean,1063.1038095238096
08061540,temp_mean,18.4995245295663
08061540,pet_mean,1564.8995238095238
08061540,si_mean,0.532493118610866
08066300,q_norm_mean,309.66418095238095
08066300,precip_mean,1366.9921428571429
08066300,temp_mean,19.711543346914333
08066300,pet_mean,1461.612380952381
08066300,si_mean,0.453454838888965
08068500,q_norm_mean,291.3510976190476
08068500,precip_mean,1242.5092857142856
08068500,temp_mean,20.41967496141357
08068500,pet_mean,1523.5738095238096
08068500,si_mean,0.492273311404254
08068720,q_norm_mean,171.50511904761905
08068720,precip_mean,1172.8009523809524
08068720,temp_mean,20.544038465240128
08068720,pet_mean,1523.4264285714285
08068720,si_mean,0.5140522668658348
08068740,q_norm_mean,220.51254285714285
08068740,precip_mean,1186.996666666667
08068740,temp_mean,20.56270214301755
08068740,pet_mean,1521.5240476190477
08068740,si_mean,0.5132769478914077
08069000,q_norm_mean,327.5696880952381
08069000,precip_mean,1228.989761904762
08069000,temp_mean,20.610357526048073
08069000,pet_mean,1518.767142857143
08069000,si_mean,0.5066808490879574
08070000,q_norm_mean,269.13152619047617
08070000,precip_mean,1295.6164285714283
08070000,temp_mean,19.814134102566843
08070000,pet_mean,1545.7392857142856
08070000,si_mean,0.4640838699431604
08070500,q_norm_mean,290.8964
08070500,precip_mean,1272.0292857142858
08070500,temp_mean,20.007345914471784
08070500,pet_mean,1540.365476190476
08070500,si_mean,0.4776669351462864
08072730,q_norm_mean,443.2908487804878
08072730,precip_mean,1244.1804761904762
08072730,temp_mean,20.76933191820032
08072730,pet_mean,1516.33
08072730,si_mean,0.5166731574799739
08074500,q_norm_mean,636.2963166666667
08074500,precip_mean,1323.8835714285717
08074500,temp_mean,20.85471866300229
08074500,pet_mean,1500.2804761904763
08074500,si_mean,0.5059795982590811
08075000,q_norm_mean,1030.9693547619047
08075000,precip_mean,1312.204761904762
08075000,temp_mean,21.044751932886335
08075000,pet_mean,1526.7904761904765
08075000,si_mean,0.5045786396015003
08075730,q_norm_mean,632.4225523809524
08075730,precip_mean,1403.8802380952382
08075730,temp_mean,21.288847534567388
08075730,pet_mean,1524.3321428571428
08075730,si_mean,0.5039960354529188
08075770,q_norm_mean,565.0738952380952
08075770,precip_mean,1352.467380952381
08075770,temp_mean,21.20453411112181
08075770,pet_mean,1504.4869047619047
08075770,si_mean,0.5096271974048847
08076000,q_norm_mean,757.2282333333334
08076000,precip_mean,1315.8804761904762
08076000,temp_mean,20.861318625930796
08076000,pet_mean,1522.307142857143
08076000,si_mean,0.5091267890797619
08078000,q_norm_mean,442.1752571428571
08078000,precip_mean,1350.2209523809524
08078000,temp_mean,21.1170810136915
08078000,pet_mean,1581.6092857142858
08078000,si_mean,0.5075556246525428
08082700,q_norm_mean,32.862919047619044
08082700,precip_mean,659.3980952380953
08082700,temp_mean,17.917081279251725
08082700,pet_mean,1761.7616666666668
08082700,si_mean,0.6319816362414757
08083100,q_norm_mean,6.9722
08083100,precip_mean,571.212380952381
08083100,temp_mean,17.72589073533448
08083100,pet_mean,1814.0247619047616
08083100,si_mean,0.6585007564851235
08084000,q_norm_mean,9.942692857142855
08084000,precip_mean,628.9740476190476
08084000,temp_mean,17.898381007631738
08084000,pet_mean,1826.837142857143
08084000,si_mean,0.6287735079801917
08084800,q_norm_mean,32.53684047619048
08084800,precip_mean,649.9242857142857
08084800,temp_mean,18.035338801378774
08084800,pet_mean,1774.7530952380953
08084800,si_mean,0.6350939464847163
08085500,q_norm_mean,17.23042619047619
08085500,precip_mean,649.1897619047619
08085500,temp_mean,17.940087096624712
08085500,pet_mean,1795.857142857143
08085500,si_mean,0.6175391829161607
08103900,q_norm_mean,96.15515
08103900,precip_mean,812.2769047619048
08103900,temp_mean,18.92342808664749
08103900,pet_mean,1675.9316666666666
08103900,si_mean,0.5808195954936289
08104900,q_norm_mean,125.05834761904762
08104900,precip_mean,851.5669047619048
08104900,temp_mean,19.365416423384985
08104900,pet_mean,1679.595476190476
08104900,si_mean,0.5799076906170408
08110325,q_norm_mean,181.24768095238096
08110325,precip_mean,1006.2414285714286
08110325,temp_mean,19.10366616228047
08110325,pet_mean,1658.5321428571428
08110325,si_mean,0.5093804311106677
08110430,q_norm_mean,200.13755238095237
08110430,precip_mean,1057.902619047619
08110430,temp_mean,19.219421460117843
08110430,pet_mean,1602.5359523809525
08110430,si_mean,0.4937178815824203
08115000,q_norm_mean,301.7018619047619
08115000,precip_mean,1239.7528571428572
08115000,temp_mean,20.985321169249197
08115000,pet_mean,1535.5730952380952
08115000,si_mean,0.5084464365075656
08154700,q_norm_mean,214.06690476190477
08154700,precip_mean,899.6190476190476
08154700,temp_mean,19.95416476497029
08154700,pet_mean,1667.6409523809525
08154700,si_mean,0.5933955937218105
08155300,q_norm_mean,126.63340238095238
08155300,precip_mean,891.1664285714286
08155300,temp_mean,19.759052516762377
08155300,pet_mean,1690.849761904762
08155300,si_mean,0.6105557893346103
08158600,q_norm_mean,232.94375714285715
08158600,precip_mean,894.6169047619047
08158600,temp_mean,20.15397605324037
08158600,pet_mean,1691.9892857142856
08158600,si_mean,0.5891691107919329
08158700,q_norm_mean,138.28371666666666
08158700,precip_mean,895.5154761904762
08158700,temp_mean,19.42049169990625
08158700,pet_mean,1681.460238095238
08158700,si_mean,0.6130010606293298
08158810,q_norm_mean,195.9498523809524
08158810,precip_mean,908.4819047619048
08158810,temp_mean,19.76224551131928
08158810,pet_mean,1699.989523809524
08158810,si_mean,0.6167093785928739
08160800,q_norm_mean,128.69380238095238
08160800,precip_mean,1086.4445238095238
08160800,temp_mean,20.423725162989815
08160800,pet_mean,1612.9083333333333
08160800,si_mean,0.5272806977823923
08164450,q_norm_mean,231.93005952380952
08164450,precip_mean,1075.0216666666668
08164450,temp_mean,20.904187956041763
08164450,pet_mean,1572.809523809524
08164450,si_mean,0.5441071370046148
08164503,q_norm_mean,300.42676666666665
08164503,precip_mean,1100.6095238095238
08164503,temp_mean,21.051911096139932
08164503,pet_mean,1554.527380952381
08164503,si_mean,0.5297728945351773
08164600,q_norm_mean,174.97174285714286
08164600,precip_mean,990.2038095238096
08164600,temp_mean,21.383761655242232
08164600,pet_mean,1573.0969047619049
08164600,si_mean,0.5875756289036942
08164800,q_norm_mean,267.9321047619048
08164800,precip_mean,1019.0323809523808
08164800,temp_mean,21.563142949821593
08164800,pet_mean,1548.8585714285714
08164800,si_mean,0.5820546146923412
08165300,q_norm_mean,68.00267857142858
08165300,precip_mean,731.2821428571428
08165300,temp_mean,18.17961732415101
08165300,pet_mean,1711.8116666666667
08165300,si_mean,0.6172480101734199
08167000,q_norm_mean,98.01779285714284
08167000,precip_mean,762.2240476190476
08167000,temp_mean,18.357457515710827
08167000,pet_mean,1701.732619047619
08167000,si_mean,0.6048077395142653
08167500,q_norm_mean,105.81133095238096
08167500,precip_mean,794.7952380952381
08167500,temp_mean,18.611795106919185
08167500,pet_mean,1699.1704761904762
08167500,si_mean,0.5985095220877522
08169000,q_norm_mean,770.4287928571429
08169000,precip_mean,878.5088095238095
08169000,temp_mean,20.091767362113647
08169000,pet_mean,1662.454761904762
08169000,si_mean,0.6209587486594019
08171000,q_norm_mean,149.7376095238095
08171000,precip_mean,868.2457142857143
08171000,temp_mean,19.103197646316556
08171000,pet_mean,1679.202619047619
08171000,si_mean,0.6132759847762604
08171300,q_norm_mean,125.90428095238096
08171300,precip_mean,876.7295238095238
08171300,temp_mean,19.21735382246319
08171300,pet_mean,1683.5521428571428
08171300,si_mean,0.6093806251944767
08172000,q_norm_mean,178.54693333333333
08172000,precip_mean,882.1616666666666
08172000,temp_mean,19.74572957592349
08172000,pet_mean,1683.388333333333
08172000,si_mean,0.5988776943015328
08181400,q_norm_mean,91.99424523809525
08181400,precip_mean,858.182380952381
08181400,temp_mean,19.68721296326001
08181400,pet_mean,1639.807380952381
08181400,si_mean,0.617986327757202
08185000,q_norm_mean,40.835011904761906
08185000,precip_mean,881.5690476190476
08185000,temp_mean,19.383156794598968
08185000,pet_mean,1666.7690476190476
08185000,si_mean,0.6048630206261345
08186000,q_norm_mean,63.46045476190477
08186000,precip_mean,838.375
08186000,temp_mean,20.327093484328383
08186000,pet_mean,1685.2407142857144
08186000,si_mean,0.6020434780596217
08189200,q_norm_mean,220.06742142857144
08189200,precip_mean,918.6614285714286
08189200,temp_mean,21.81464594049312
08189200,pet_mean,1667.392857142857
08189200,si_mean,0.6026901227647549
08189700,q_norm_mean,42.6784119047619
08189700,precip_mean,761.8490476190476
08189700,temp_mean,21.885493890332537
08189700,pet_mean,1671.7547619047618
08189700,si_mean,0.644698468958162
08200000,q_norm_mean,138.71020476190475
08200000,precip_mean,796.2759523809524
08200000,temp_mean,19.071577393873937
08200000,pet_mean,1675.7561904761906
08200000,si_mean,0.619021759305171
08201500,q_norm_mean,117.2049119047619
08201500,precip_mean,799.6047619047619
08201500,temp_mean,18.95654191039392
08201500,pet_mean,1689.2038095238097
08201500,si_mean,0.6129986087300671
08202700,q_norm_mean,14.46429761904762
08202700,precip_mean,758.855
08202700,temp_mean,19.633710667679004
08202700,pet_mean,NA
08202700,si_mean,0.6170561258653366
08211520,q_norm_mean,110.90972857142856
08211520,precip_mean,768.5647619047619
08211520,temp_mean,22.40650050973305
08211520,pet_mean,1746.0428571428572
08211520,si_mean,0.6706410194427398
08265000,q_norm_mean,138.08207380952382
08265000,precip_mean,645.1478571428571
08265000,temp_mean,3.986135360858918
08265000,pet_mean,1165.5559523809525
08265000,si_mean,0.4309019717871992
08267500,q_norm_mean,310.1993047619048
08267500,precip_mean,707.9354761904762
08267500,temp_mean,3.6600198439432665
08267500,pet_mean,1106.8680952380953
08267500,si_mean,0.4250308585338224
08275500,q_norm_mean,71.74961
08275500,precip_mean,639.3897619047619
08275500,temp_mean,5.543023162554939
08275500,pet_mean,1143.275238095238
08275500,si_mean,0.4520710805606
08276300,q_norm_mean,52.809419047619045
08276300,precip_mean,558.9757142857143
08276300,temp_mean,5.90852111292904
08276300,pet_mean,1176.0702380952382
08276300,si_mean,0.44821896636389263
08291000,q_norm_mean,121.75040476190476
08291000,precip_mean,595.7292857142858
08291000,temp_mean,5.730635366205768
08291000,pet_mean,1176.4571428571428
08291000,si_mean,0.4883716306060977
08294210,q_norm_mean,125.5318523809524
08294210,precip_mean,663.0780952380952
08294210,temp_mean,5.508070704964372
08294210,pet_mean,1204.317619047619
08294210,si_mean,0.4976283966841663
08316000,q_norm_mean,140.13337142857142
08316000,precip_mean,682.057380952381
08316000,temp_mean,5.804569977792749
08316000,pet_mean,1219.7683333333334
08316000,si_mean,0.5121783711182483
08377900,q_norm_mean,215.48629523809524
08377900,precip_mean,828.6116666666667
08377900,temp_mean,4.097983095042044
08377900,pet_mean,1165.213095238095
08377900,si_mean,0.4993115089277183
09024000,q_norm_mean,255.23554523809523
09024000,precip_mean,838.73
09024000,temp_mean,0.7019605046000734
09024000,pet_mean,960.3716666666668
09024000,si_mean,0.3593054053504055
09025000,q_norm_mean,216.51768333333337
09025000,precip_mean,743.2352380952381
09025000,temp_mean,1.1451206730614996
09025000,pet_mean,981.6314285714286
09025000,si_mean,0.347901709780648
09026500,q_norm_mean,242.22958809523809
09026500,precip_mean,746.4478571428572
09026500,temp_mean,0.9514096382321174
09026500,pet_mean,983.5309523809524
09026500,si_mean,0.3478349849229512
09032000,q_norm_mean,239.68696904761904
09032000,precip_mean,822.8457142857143
09032000,temp_mean,1.2154138176866676
09032000,pet_mean,977.4542857142856
09032000,si_mean,0.3739228983075718
09034900,q_norm_mean,589.889169047619
09034900,precip_mean,812.6747619047619
09034900,temp_mean,-0.45431919804376575
09034900,pet_mean,929.4461904761904
09034900,si_mean,0.3423438931172913
09035700,q_norm_mean,402.2276095238095
09035700,precip_mean,764.4742857142858
09035700,temp_mean,0.25830887862293656
09035700,pet_mean,964.8607142857144
09035700,si_mean,0.34392308763122353
09035900,q_norm_mean,422.9517880952381
09035900,precip_mean,758.4719047619047
09035900,temp_mean,0.4230064572127227
09035900,pet_mean,980.8828571428572
09035900,si_mean,0.3446754748021237
09036000,q_norm_mean,398.6477119047619
09036000,precip_mean,737.0066666666667
09036000,temp_mean,0.7210590363550166
09036000,pet_mean,990.8969047619048
09036000,si_mean,0.3443752153313254
09046600,q_norm_mean,271.61278571428574
09046600,precip_mean,731.6716666666666
09046600,temp_mean,0.33909083050841415
09046600,pet_mean,979.919761904762
09046600,si_mean,0.3531028185663902
09047700,q_norm_mean,246.2974857142857
09047700,precip_mean,685.04
09047700,temp_mean,0.8877893038044622
09047700,pet_mean,985.1216666666668
09047700,si_mean,0.3435498711605392
09050100,q_norm_mean,420.18510714285713
09050100,precip_mean,747.2914285714286
09050100,temp_mean,0.30784122528418506
09050100,pet_mean,989.9595238095238
09050100,si_mean,0.35882967810562527
09063900,q_norm_mean,417.41908095238097
09063900,precip_mean,804.8776190476191
09063900,temp_mean,-0.07892876926202774
09063900,pet_mean,976.8557142857144
09063900,si_mean,0.3626451587548556
09066200,q_norm_mean,637.5119547619048
09066200,precip_mean,690.14
09066200,temp_mean,1.6358558310965676
09066200,pet_mean,1036.5445238095238
09066200,si_mean,0.33334948137946346
09066300,q_norm_mean,309.96473095238093
09066300,precip_mean,673.1133333333333
09066300,temp_mean,1.956559166461704
09066300,pet_mean,1056.1442857142856
09066300,si_mean,0.33308053657575076
09067000,q_norm_mean,298.41191904761905
09067000,precip_mean,694.0545238095239
09067000,temp_mean,1.7938527103183517
09067000,pet_mean,1041.990238095238
09067000,si_mean,0.3573610263187342
09073300,q_norm_mean,290.3155238095238
09073300,precip_mean,751.0333333333333
09073300,temp_mean,-0.39054847454364633
09073300,pet_mean,939.9459523809523
09073300,si_mean,0.3552770862050361
09073400,q_norm_mean,307.63395952380955
09073400,precip_mean,740.0397619047619
09073400,temp_mean,0.18134064960665008
09073400,pet_mean,961.8380952380952
09073400,si_mean,0.3519934414445317
09081600,q_norm_mean,614.7177
09081600,precip_mean,1023.5311904761904
09081600,temp_mean,2.349791638595703
09081600,pet_mean,1033.6676190476192
09081600,si_mean,0.4200232084160786
09085000,q_norm_mean,277.6237
09085000,precip_mean,764.765
09085000,temp_mean,3.0166601845019767
09085000,pet_mean,1064.1957142857143
09085000,si_mean,0.3602950279556638
09126000,q_norm_mean,499.7087976190476
09126000,precip_mean,769.2230952380952
09126000,temp_mean,1.9974079753617144
09126000,pet_mean,1045.059523809524
09126000,si_mean,0.4066556814267902
09146200,q_norm_mean,385.0436142857143
09146200,precip_mean,773.7216666666667
09146200,temp_mean,2.93016938643112
09146200,pet_mean,1089.1028571428571
09146200,si_mean,0.4044794620762409
09147500,q_norm_mean,196.3163976190476
09147500,precip_mean,681.0471428571428
09147500,temp_mean,3.931992202510168
09147500,pet_mean,1102.3190476190475
09147500,si_mean,0.402303329028371
09149500,q_norm_mean,103.64183571428572
09149500,precip_mean,490.66785714285714
09149500,temp_mean,6.598300546448088
09149500,pet_mean,1166.9978571428571
09149500,si_mean,0.407175885605147
09261700,q_norm_mean,175.07712857142857
09261700,precip_mean,549.7188095238096
09261700,temp_mean,3.807543635644242
09261700,pet_mean,1106.2688095238095
09261700,si_mean,0.41428665959518973
09266500,q_norm_mean,304.25630952380953
09266500,precip_mean,671.8969047619047
09266500,temp_mean,1.909478065438317
09266500,pet_mean,978.5283333333332
09266500,si_mean,0.3955430524826455
09306242,q_norm_mean,16.068669047619046
09306242,precip_mean,464.6547619047619
09306242,temp_mean,6.822815706550604
09306242,pet_mean,1247.6764285714285
09306242,si_mean,0.4110184629253237
09310700,q_norm_mean,225.69208205128209
09310700,precip_mean,621.9169047619048
09310700,temp_mean,3.4088227073597612
09310700,pet_mean,1040.6438095238095
09310700,si_mean,0.4491614570404266
09312600,q_norm_mean,107.54065952380952
09312600,precip_mean,576.0042857142857
09312600,temp_mean,4.1448469178973335
09312600,pet_mean,1083.2528571428572
09312600,si_mean,0.4522862328008313
09337000,q_norm_mean,27.04805238095238
09337000,precip_mean,588.7107142857143
09337000,temp_mean,5.11153354613797
09337000,pet_mean,1140.4616666666666
09337000,si_mean,0.4801405517701169
09352900,q_norm_mean,675.474
09352900,precip_mean,958.9964285714284
09352900,temp_mean,1.0903010027126354
09352900,pet_mean,1010.0121428571427
09352900,si_mean,0.4455667814376068
09354500,q_norm_mean,148.83165
09354500,precip_mean,702.3230952380952
09354500,temp_mean,4.814425719775147
09354500,pet_mean,1169.0919047619047
09354500,si_mean,0.47108086787392306
09378630,q_norm_mean,80.37715476190476
09378630,precip_mean,602.7528571428571
09378630,temp_mean,6.810023360388395
09378630,pet_mean,1296.887380952381
09378630,si_mean,0.5556991039203804
09403600,q_norm_mean,18.523778571428572
09403600,precip_mean,427.4969047619048
09403600,temp_mean,9.36192472882558
09403600,pet_mean,1478.439761904762
09403600,si_mean,0.6199356807658114
09404450,q_norm_mean,72.98237619047619
09404450,precip_mean,474.4942857142857
09404450,temp_mean,7.36359362512877
09404450,pet_mean,1360.72
09404450,si_mean,0.6143789925047657
09408000,q_norm_mean,155.04779047619047
09408000,precip_mean,471.715
09408000,temp_mean,10.491424609412595
09408000,pet_mean,1454.1302380952382
09408000,si_mean,0.5947961687502824
09408400,q_norm_mean,178.58715952380953
09408400,precip_mean,591.1716666666666
09408400,temp_mean,6.9505788909919834
09408400,pet_mean,1281.5409523809524
09408400,si_mean,0.5704385157423568
09423350,q_norm_mean,34.185945238095236
09423350,precip_mean,257.2702380952381
09423350,temp_mean,13.515621362805172
09423350,pet_mean,1698.4785714285715
09423350,si_mean,0.8933415098143838
09430600,q_norm_mean,143.11337857142857
09430600,precip_mean,632.115
09430600,temp_mean,10.274767634803004
09430600,pet_mean,1425.6666666666667
09430600,si_mean,0.6785752154464699
09480000,q_norm_mean,14.432594736842104
09480000,precip_mean,479.19166666666666
09480000,temp_mean,15.650301635423238
09480000,pet_mean,1823.9173809523809
09480000,si_mean,0.8793584312005757
09492400,q_norm_mean,215.64713095238096
09492400,precip_mean,841.2185714285714
09492400,temp_mean,6.59056458460321
09492400,pet_mean,1322.0966666666666
09492400,si_mean,0.6385821045471827
09497800,q_norm_mean,44.02505952380952
09497800,precip_mean,530.9883333333333
09497800,temp_mean,12.252472729281846
09497800,pet_mean,1637.8185714285714
09497800,si_mean,0.6876965707255817
09497980,q_norm_mean,49.618457142857146
09497980,precip_mean,648.8083333333333
09497980,temp_mean,12.755440389749731
09497980,pet_mean,1673.6735714285714
09497980,si_mean,0.7054374196133422
09508300,q_norm_mean,128.82475952380952
09508300,precip_mean,540.8335714285714
09508300,temp_mean,14.94204657819412
09508300,pet_mean,1748.2557142857142
09508300,si_mean,0.7412765724584194
09512280,q_norm_mean,27.048245238095237
09512280,precip_mean,457.8438095238095
09512280,temp_mean,17.50711374889053
09512280,pet_mean,1897.7492857142856
09512280,si_mean,0.8107012204793863
09513780,q_norm_mean,48.317211904761905
09513780,precip_mean,459.50642857142856
09513780,temp_mean,17.364376510930743
09513780,pet_mean,1904.0928571428572
09513780,si_mean,0.7983044177812387
09513860,q_norm_mean,6.491252380952381
09513860,precip_mean,322.45238095238096
09513860,temp_mean,20.917872814474993
09513860,pet_mean,2038.5059523809523
09513860,si_mean,0.8348324864350668
10134500,q_norm_mean,140.4897023809524
10134500,precip_mean,726.119761904762
10134500,temp_mean,6.203487668381223
10134500,pet_mean,1206.5530952380952
10134500,si_mean,0.46677892186488873
10136500,q_norm_mean,101.4575119047619
10136500,precip_mean,659.4435714285714
10136500,temp_mean,5.759691732700266
10136500,pet_mean,1164.9811904761905
10136500,si_mean,0.4438606444146625
10141000,q_norm_mean,69.99742619047619
10141000,precip_mean,685.7185714285714
10141000,temp_mean,6.059123278759816
10141000,pet_mean,1159.4180952380952
10141000,si_mean,0.4540753640794398
10146400,q_norm_mean,33.79000238095238
10146400,precip_mean,485.4059523809524
10146400,temp_mean,7.532387418505092
10146400,pet_mean,1290.3121428571428
10146400,si_mean,0.4550927136223551
10172700,q_norm_mean,49.56762380952381
10172700,precip_mean,554.3804761904762
10172700,temp_mean,7.790503045922314
10172700,pet_mean,1281.8338095238096
10172700,si_mean,0.527926700979361
10172800,q_norm_mean,520.6067142857142
10172800,precip_mean,903.9866666666668
10172800,temp_mean,5.192183083278974
10172800,pet_mean,1072.587619047619
10172800,si_mean,0.4914238262768956
10172952,q_norm_mean,196.46730476190476
10172952,precip_mean,552.4657142857143
10172952,temp_mean,4.293991920909392
10172952,pet_mean,1029.3657142857144
10172952,si_mean,0.5080802551861098
10173450,q_norm_mean,165.88056190476192
10173450,precip_mean,649.4892857142858
10173450,temp_mean,4.329165946624177
10173450,pet_mean,1088.679761904762
10173450,si_mean,0.5472179584580198
10183500,q_norm_mean,38.655859523809525
10183500,precip_mean,490.6816666666667
10183500,temp_mean,5.932350207992472
10183500,pet_mean,1205.6842857142856
10183500,si_mean,0.5278125659567481
10215900,q_norm_mean,335.264
10215900,precip_mean,673.7704761904762
10215900,temp_mean,3.906535071772552
10215900,pet_mean,1077.8685714285714
10215900,si_mean,0.4303195504583878
10244950,q_norm_mean,187.6258238095238
10244950,precip_mean,553.967380952381
10244950,temp_mean,4.3381353822463184
10244950,pet_mean,1136.932857142857
10244950,si_mean,0.5430798059944756
10249280,q_norm_mean,121.92603095238096
10249280,precip_mean,592.6788095238095
10249280,temp_mean,6.509724997237461
10249280,pet_mean,1147.7164285714289
10249280,si_mean,0.5998989780164002
10249300,q_norm_mean,114.41487857142856
10249300,precip_mean,523.832380952381
10249300,temp_mean,5.188477051319068
10249300,pet_mean,1116.892857142857
10249300,si_mean,0.6392028987221122
10258000,q_norm_mean,95.65682926829268
10258000,precip_mean,546.8719047619048
10258000,temp_mean,13.322724375220558
10258000,pet_mean,1683.561428571429
10258000,si_mean,0.9475168483638337
10259000,q_norm_mean,113.22571190476192
10259000,precip_mean,458.8830952380952
10259000,temp_mean,15.231809751941798
10259000,pet_mean,1756.1754761904765
10259000,si_mean,0.9530092246484104
10259200,q_norm_mean,20.604826190476192
10259200,precip_mean,365.28
10259200,temp_mean,15.30132765319617
10259200,pet_mean,1681.4669047619047
10259200,si_mean,0.9621627888072276
10311100,q_norm_mean,92.57194285714286
10311100,precip_mean,692.2064285714285
10311100,temp_mean,6.80560021779503
10311100,pet_mean,1239.3164285714286
10311100,si_mean,0.8409952607763509
10311200,q_norm_mean,247.3904261904762
10311200,precip_mean,644.2442857142858
10311200,temp_mean,7.281035852412677
10311200,pet_mean,1277.3690476190477
10311200,si_mean,0.8493583881348137
10336645,q_norm_mean,770.5362738095238
10336645,precip_mean,1212.0840476190476
10336645,temp_mean,6.611047576272818
10336645,pet_mean,1106.2892857142856
10336645,si_mean,0.865640755233299
10336660,q_norm_mean,1081.6367857142857
10336660,precip_mean,1499.6654761904765
10336660,temp_mean,6.5971497367567435
10336660,pet_mean,1126.9307142857142
10336660,si_mean,0.875127077587613
10336676,q_norm_mean,963.206288095238
10336676,precip_mean,1514.259523809524
10336676,temp_mean,6.52660564306567
10336676,pet_mean,1144.8045238095235
10336676,si_mean,0.8809386725673883
10336698,q_norm_mean,341.6044904761905
10336698,precip_mean,998.8169047619048
10336698,temp_mean,5.578533091655705
10336698,pet_mean,1133.3564285714283
10336698,si_mean,0.8882471205602271
10336780,q_norm_mean,354.1694761904762
10336780,precip_mean,917.5640476190476
10336780,temp_mean,5.632349899657445
10336780,pet_mean,1124.9735714285714
10336780,si_mean,0.8346873220710365
10343500,q_norm_mean,379.92473095238097
10343500,precip_mean,931.4078571428572
10343500,temp_mean,5.8151541354321505
10343500,pet_mean,1123.7414285714283
10343500,si_mean,0.8561211075039044
10348460,q_norm_mean,400.01602619047617
10348460,precip_mean,830.6057142857143
10348460,temp_mean,5.6771449513258405
10348460,pet_mean,1154.285
10348460,si_mean,0.8453051272564759
10349300,q_norm_mean,53.08065238095238
10349300,precip_mean,617.4588095238095
10349300,temp_mean,8.250190622337714
10349300,pet_mean,1301.035
10349300,si_mean,0.8772018852236741
10349980,q_norm_mean,73.47414047619047
10349980,precip_mean,522.1119047619047
10349980,temp_mean,9.024786118864045
10349980,pet_mean,1363.5188095238095
10349980,si_mean,0.862470878128714
11023340,q_norm_mean,100.22352142857144
11023340,precip_mean,361.3492857142857
11023340,temp_mean,17.707387505836977
11023340,pet_mean,1456.8714285714286
11023340,si_mean,1.0195641705819285
11055500,q_norm_mean,144.5089119047619
11055500,precip_mean,675.140238095238
11055500,temp_mean,14.161709632172354
11055500,pet_mean,1550.4552380952382
11055500,si_mean,1.018717810768048
11055800,q_norm_mean,176.61345
11055800,precip_mean,746.8514285714285
11055800,temp_mean,14.16368054174286
11055800,pet_mean,1546.7180952380952
11055800,si_mean,1.0395122957611491
11058500,q_norm_mean,199.97339761904763
11058500,precip_mean,799.7216666666667
11058500,temp_mean,14.568199223637356
11058500,pet_mean,1549.7785714285717
11058500,si_mean,1.0517650728983063
11063680,q_norm_mean,204.71437142857144
11063680,precip_mean,764.8142857142857
11063680,temp_mean,15.420345891302102
11063680,pet_mean,1581.4659523809523
11063680,si_mean,1.0570890147697185
11065000,q_norm_mean,14.535428571428572
11065000,precip_mean,767.5535714285714
11065000,temp_mean,14.70166227868496
11065000,pet_mean,1584.1240476190476
11065000,si_mean,1.0655502406065838
11073360,q_norm_mean,95.38725714285714
11073360,precip_mean,669.8645238095238
11073360,temp_mean,15.546007742239048
11073360,pet_mean,1486.270238095238
11073360,si_mean,1.0661907037659892
11075800,q_norm_mean,147.37125952380953
11075800,precip_mean,553.0966666666667
11075800,temp_mean,17.490666516954864
11075800,pet_mean,1539.692380952381
11075800,si_mean,1.0589818696766946
11097000,q_norm_mean,63.36363333333333
11097000,precip_mean,616.4292857142857
11097000,temp_mean,15.636796270750237
11097000,pet_mean,1513.7638095238094
11097000,si_mean,1.0794237200830497
11098000,q_norm_mean,196.1813523809524
11098000,precip_mean,685.7742857142857
11098000,temp_mean,16.143039441931425
11098000,pet_mean,1461.6914285714286
11098000,si_mean,1.0844322009917795
11101250,q_norm_mean,194.2872357142857
11101250,precip_mean,566.6188095238095
11101250,temp_mean,17.972413373898103
11101250,pet_mean,1490.765
11101250,si_mean,1.0733014312623173
11102300,q_norm_mean,365.74556666666666
11102300,precip_mean,535.6428571428571
11102300,temp_mean,18.207852138205386
11102300,pet_mean,1488.7833333333333
11102300,si_mean,1.0764601250889425
11119500,q_norm_mean,123.5652619047619
11119500,precip_mean,653.9942857142858
11119500,temp_mean,15.19447152624056
11119500,pet_mean,1397.384761904762
11119500,si_mean,1.1528908824916362
11119750,q_norm_mean,112.43329756097562
11119750,precip_mean,606.6107142857143
11119750,temp_mean,15.451266798912094
11119750,pet_mean,1293.0247619047618
11119750,si_mean,1.1525775237133784
11119940,q_norm_mean,107.45684761904762
11119940,precip_mean,554.835
11119940,temp_mean,15.689054183197346
11119940,pet_mean,1330.2040476190475
11119940,si_mean,1.1473002381045891
11120000,q_norm_mean,134.49743333333333
11120000,precip_mean,547.4864285714285
11120000,temp_mean,15.732112499509872
11120000,pet_mean,1330.3507142857145
11120000,si_mean,1.1491137736784462
11120500,q_norm_mean,193.4700214285714
11120500,precip_mean,579.2990476190477
11120500,temp_mean,15.709549046656615
11120500,pet_mean,1345.5090476190476
11120500,si_mean,1.1375089924860162
11141280,q_norm_mean,149.65120238095238
11141280,precip_mean,686.8378571428572
11141280,temp_mean,15.261636407059267
11141280,pet_mean,1620.069761904762
11141280,si_mean,1.0868968342305327
11159200,q_norm_mean,226.39051904761905
11159200,precip_mean,882.4590476190476
11159200,temp_mean,14.895309988985488
11159200,pet_mean,1284.567619047619
11159200,si_mean,1.0493884908714637
11160000,q_norm_mean,379.3333285714286
11160000,precip_mean,1095.1378571428572
11160000,temp_mean,14.949337662499689
11160000,pet_mean,1330.9135714285717
11160000,si_mean,1.04962063508076
11160500,q_norm_mean,420.5750142857143
11160500,precip_mean,1220.8935714285717
11160500,temp_mean,14.864490881838176
11160500,pet_mean,1394.3192857142858
11160500,si_mean,1.0485715043985575
11162500,q_norm_mean,318.31535952380955
11162500,precip_mean,959.9080952380953
11162500,temp_mean,14.518645273919134
11162500,pet_mean,1338.785238095238
11162500,si_mean,1.019110245031703
11162630,q_norm_mean,231.58683095238095
11162630,precip_mean,889.5788095238095
11162630,temp_mean,13.681668563016194
11162630,pet_mean,1115.857380952381
11162630,si_mean,1.007132474298753
11169500,q_norm_mean,340.64875
11169500,precip_mean,997.190476190476
11169500,temp_mean,14.87881985214177
11169500,pet_mean,1438.2590476190476
11169500,si_mean,1.0522892028724855
11180825,q_norm_mean,130.072365
11180825,precip_mean,666.250238095238
11180825,temp_mean,14.701249574925413
11180825,pet_mean,1356.7857142857142
11180825,si_mean,1.0217135728202005
11180960,q_norm_mean,176.85521666666668
11180960,precip_mean,680.1607142857143
11180960,temp_mean,14.527403307561515
11180960,pet_mean,1367.9414285714286
11180960,si_mean,1.021321667201072
11181008,q_norm_mean,228.41844285714285
11181008,precip_mean,600.740238095238
11181008,temp_mean,14.555869750729846
11181008,pet_mean,1271.6873809523809
11181008,si_mean,1.0181619056774711
11182500,q_norm_mean,179.44134285714287
11182500,precip_mean,658.2647619047619
11182500,temp_mean,14.830515242087554
11182500,pet_mean,1422.9333333333334
11182500,si_mean,1.0210900200352535
11200800,q_norm_mean,126.92020952380952
11200800,precip_mean,717.2554761904762
11200800,temp_mean,12.935615080256222
11200800,pet_mean,1379.5885714285714
11200800,si_mean,0.9802497084348764
11208000,q_norm_mean,312.7659756097561
11208000,precip_mean,1136.3328571428572
11208000,temp_mean,6.100908843333725
11208000,pet_mean,1108.2292857142857
11208000,si_mean,0.9343879000790242
11230215,q_norm_mean,166.51317804878047
11230215,precip_mean,1029.0019047619048
11230215,temp_mean,2.0258605452361347
11230215,pet_mean,975.4490476190476
11230215,si_mean,0.940077467320644
11230500,q_norm_mean,633.6287928571429
11230500,precip_mean,1001.8414285714284
11230500,temp_mean,2.2890497025369023
11230500,pet_mean,984.0180952380952
11230500,si_mean,0.9491128650752296
11234760,q_norm_mean,190.5673642857143
11234760,precip_mean,1051.692142857143
11234760,temp_mean,5.36838788546334
11234760,pet_mean,1134.837142857143
11234760,si_mean,0.9344537172851712
11237500,q_norm_mean,690.5234238095238
11237500,precip_mean,1128.5307142857143
11237500,temp_mean,6.276464509390851
11237500,pet_mean,1122.772380952381
11237500,si_mean,0.9287312127377124
11284400,q_norm_mean,211.2220380952381
11284400,precip_mean,958.1214285714286
11284400,temp_mean,13.502462785922813
11284400,pet_mean,1429.7171428571428
11284400,si_mean,0.9751703463928888
11315000,q_norm_mean,1074.2165023809523
11315000,precip_mean,1409.93
11315000,temp_mean,7.985647674654861
11315000,pet_mean,1173.9559523809523
11315000,si_mean,0.8680508601615827
11316800,q_norm_mean,391.0420095238095
11316800,precip_mean,1308.8692857142858
11316800,temp_mean,11.977471098492543
11316800,pet_mean,1336.857380952381
11316800,si_mean,0.9159732491237776
11317000,q_norm_mean,367.0177452380952
11317000,precip_mean,1271.4392857142857
11317000,temp_mean,12.442129354563892
11317000,pet_mean,1347.074761904762
11317000,si_mean,0.9225269797463644
11376025,q_norm_mean,261.64777692307695
11376025,precip_mean,1163.0459523809525
11376025,temp_mean,8.832809712731564
11376025,pet_mean,1119.6664285714285
11376025,si_mean,0.8162516514518917
11376550,q_norm_mean,453.2223071428571
11376550,precip_mean,1159.077619047619
11376550,temp_mean,11.02853154285144
11376550,pet_mean,1269.557857142857
11376550,si_mean,0.8386468662427822
11381500,q_norm_mean,803.6874119047619
11381500,precip_mean,1401.7169047619047
11381500,temp_mean,10.826805953895894
11381500,pet_mean,1290.0219047619048
11381500,si_mean,0.8713453090604958
11409400,q_norm_mean,275.2093642857143
11409400,precip_mean,1675.6735714285714
11409400,temp_mean,12.600943535479916
11409400,pet_mean,1345.2447619047618
11409400,si_mean,0.9219641475490004
11421790,q_norm_mean,481.421319047619
11421790,precip_mean,1640.557380952381
11421790,temp_mean,12.200223869052074
11421790,pet_mean,1329.1873809523809
11421790,si_mean,0.9145749963947613
11427700,q_norm_mean,1517.1706619047618
11427700,precip_mean,1787.5504761904765
11427700,temp_mean,9.031577739636914
11427700,pet_mean,1277.859761904762
11427700,si_mean,0.8979120990880639
11427750,q_norm_mean,586.6342214285714
11427750,precip_mean,1787.5504761904765
11427750,temp_mean,9.031577739636914
11427750,pet_mean,1277.859761904762
11427750,si_mean,0.8979120990880639
11435100,q_norm_mean,1624.9506142857142
11435100,precip_mean,1536.4792857142857
11435100,temp_mean,6.057333076684525
11435100,pet_mean,1081.8169047619049
11435100,si_mean,0.85867270245465
11436000,q_norm_mean,864.8751071428571
11436000,precip_mean,1412.543571428571
11436000,temp_mean,5.710999217577592
11436000,pet_mean,1097.510238095238
11436000,si_mean,0.8631995635910293
11439500,q_norm_mean,674.3534047619048
11439500,precip_mean,1363.0792857142858
11439500,temp_mean,7.282762382413853
11439500,pet_mean,1128.0485714285714
11439500,si_mean,0.8589670705262131
11449500,q_norm_mean,650.6650595238095
11449500,precip_mean,1331.6585714285711
11449500,temp_mean,14.824667358192622
11449500,pet_mean,1496.9914285714283
11449500,si_mean,1.017092315727845
11459500,q_norm_mean,244.71442142857143
11459500,precip_mean,986.455
11459500,temp_mean,15.125238530115242
11459500,pet_mean,1399.9533333333334
11459500,si_mean,1.0433071086800192
11463170,q_norm_mean,1121.321626190476
11463170,precip_mean,1396.6166666666668
11463170,temp_mean,14.345788307508046
11463170,pet_mean,1378.8264285714286
11463170,si_mean,1.0171763585426914
11475560,q_norm_mean,1250.8629952380952
11475560,precip_mean,2205.5459523809523
11475560,temp_mean,12.195798560984391
11475560,pet_mean,1346.1795238095235
11475560,si_mean,0.9339043756409676
11476600,q_norm_mean,1274.9241928571428
11476600,precip_mean,1676.5561904761903
11476600,temp_mean,13.28721372073045
11476600,pet_mean,1279.7530952380953
11476600,si_mean,0.8616822724882797
12010000,q_norm_mean,2716.2435476190476
12010000,precip_mean,3105.677857142857
12010000,temp_mean,9.705444628019634
12010000,pet_mean,786.6754761904762
12010000,si_mean,0.6374504096487068
12025700,q_norm_mean,1749.268269047619
12025700,precip_mean,1554.7521428571429
12025700,temp_mean,9.143707429270084
12025700,pet_mean,859.567380952381
12025700,si_mean,0.5353519152538881
12026150,q_norm_mean,1400.2293595238095
12026150,precip_mean,1464.942380952381
12026150,temp_mean,9.589159136519344
12026150,pet_mean,865.942380952381
12026150,si_mean,0.5454959488586684
12026400,q_norm_mean,1053.1362023809525
12026400,precip_mean,1382.5921428571428
12026400,temp_mean,10.04094490427356
12026400,pet_mean,864.457619047619
12026400,si_mean,0.5665827581403324
12027500,q_norm_mean,1094.6456809523809
12027500,precip_mean,1591.0109523809524
12027500,temp_mean,10.320146184665946
12027500,pet_mean,876.0321428571428
12027500,si_mean,0.6003667367578239
12031000,q_norm_mean,1077.4552547619048
12031000,precip_mean,1630.3761904761905
12031000,temp_mean,10.365008018492972
12031000,pet_mean,868.902619047619
12031000,si_mean,0.6135467464952018
12035400,q_norm_mean,4356.920957142857
12035400,precip_mean,5261.294761904762
12035400,temp_mean,8.131759498679328
12035400,pet_mean,673.7811904761904
12035400,si_mean,0.6705446262952484
12036000,q_norm_mean,4037.827902380952
12036000,precip_mean,4865.054761904762
12036000,temp_mean,8.668020831328265
12036000,pet_mean,689.3885714285715
12036000,si_mean,0.6646370235581148
12037400,q_norm_mean,2811.1693714285716
12037400,precip_mean,3651.756428571429
12037400,temp_mean,9.496150054003186
12037400,pet_mean,741.565
12037400,si_mean,0.6537909454399616
12054000,q_norm_mean,2198.8466214285713
12054000,precip_mean,2674.505
12054000,temp_mean,6.076703675781264
12054000,pet_mean,693.8680952380953
12054000,si_mean,0.6670055434710174
12056500,q_norm_mean,3250.480157142857
12056500,precip_mean,3423.051904761905
12056500,temp_mean,6.490130081735516
12056500,pet_mean,683.697619047619
12056500,si_mean,0.6795359561023937
12091100,q_norm_mean,352.07044285714284
12091100,precip_mean,1057.700476190476
12091100,temp_mean,11.178297773215132
12091100,pet_mean,895.322380952381
12091100,si_mean,0.6062999458638868
12091200,q_norm_mean,403.2347547619047
12091200,precip_mean,1095.8326190476191
12091200,temp_mean,11.2625245081789
12091200,pet_mean,906.1426190476192
12091200,si_mean,0.6125392592691137
12099600,q_norm_mean,732.9998333333333
12099600,precip_mean,1693.7628571428572
12099600,temp_mean,9.2001118418473
12099600,pet_mean,816.75
12099600,si_mean,0.4817125833593313
12108500,q_norm_mean,704.2761428571429
12108500,precip_mean,1392.2845238095238
12108500,temp_mean,10.18039872531092
12108500,pet_mean,833.9054761904762
12108500,si_mean,0.4941368390384781
12113000,q_norm_mean,1123.8904880952382
12113000,precip_mean,1853.2238095238097
12113000,temp_mean,8.208077210298747
12113000,pet_mean,809.8519047619047
12113000,si_mean,0.5435497104535435
12115000,q_norm_mean,2177.772011904762
12115000,precip_mean,2713.9969047619047
12115000,temp_mean,6.153630655630768
12115000,pet_mean,785.31
12115000,si_mean,0.5798253840005845
12115500,q_norm_mean,2505.364319047619
12115500,precip_mean,2606.23
12115500,temp_mean,6.802280599132384
12115500,pet_mean,785.7114285714285
12115500,si_mean,0.5495527316478844
12119000,q_norm_mean,1339.8105761904762
12119000,precip_mean,2201.0735714285715
12119000,temp_mean,8.298699856347959
12119000,pet_mean,798.1559523809524
12119000,si_mean,0.535208415237076
12121600,q_norm_mean,773.3691976190477
12121600,precip_mean,1556.0988095238097
12121600,temp_mean,10.18721644762404
12121600,pet_mean,814.6995238095238
12121600,si_mean,0.5145470557491932
12143400,q_norm_mean,2380.6948023809523
12143400,precip_mean,3010.908095238095
12143400,temp_mean,5.896081019038351
12143400,pet_mean,765.9421428571428
12143400,si_mean,0.5696143983229048
12143700,q_norm_mean,5505.908071428571
12143700,precip_mean,2497.555714285714
12143700,temp_mean,8.434641283386624
12143700,pet_mean,813.9411904761905
12143700,si_mean,0.5149447559033955
12143900,q_norm_mean,2659.270095238095
12143900,precip_mean,2646.654285714286
12143900,temp_mean,8.280195092304456
12143900,pet_mean,805.4904761904762
12143900,si_mean,0.5158501881356978
12147600,q_norm_mean,3556.774423809524
12147600,precip_mean,3743.585
12147600,temp_mean,6.924237649667248
12147600,pet_mean,840.1859523809524
12147600,si_mean,0.5289988762169224
12149000,q_norm_mean,2070.1441380952383
12149000,precip_mean,2690.744761904762
12149000,temp_mean,7.68821941869045
12149000,pet_mean,804.6595238095238
12149000,si_mean,0.528982434012554
12178100,q_norm_mean,NA
12178100,precip_mean,2769.8595238095236
12178100,temp_mean,4.6968421574183985
12178100,pet_mean,779.6757142857143
12178100,si_mean,0.6241948043400053
12330000,q_norm_mean,208.68367142857144
12330000,precip_mean,746.1073809523809
12330000,temp_mean,2.9572880312541217
12330000,pet_mean,866.3688095238095
12330000,si_mean,0.37811032955321894
12332000,q_norm_mean,322.61094761904764
12332000,precip_mean,761.8776190476191
12332000,temp_mean,2.442025099896984
12332000,pet_mean,896.3530952380952
12332000,si_mean,0.3948859485881211
12447390,q_norm_mean,507.11981428571426
12447390,precip_mean,818.8680952380953
12447390,temp_mean,2.040530863801468
12447390,pet_mean,777.645
12447390,si_mean,0.5271009762659178
13018300,q_norm_mean,394.0924476190476
13018300,precip_mean,927.0890476190476
13018300,temp_mean,1.9881217246086995
13018300,pet_mean,997.6066666666668
13018300,si_mean,0.4529982969130998
13083000,q_norm_mean,95.86275952380952
13083000,precip_mean,527.5102380952382
13083000,temp_mean,6.597747042300714
13083000,pet_mean,1104.3730952380952
13083000,si_mean,0.5194463328583884
13239000,q_norm_mean,821.3150690476191
13239000,precip_mean,1156.7038095238097
13239000,temp_mean,2.9354046460563414
13239000,pet_mean,948.6407142857142
13239000,si_mean,0.5241499926731698
13240000,q_norm_mean,931.4980476190476
13240000,precip_mean,1147.046904761905
13240000,temp_mean,2.372301453630333
13240000,pet_mean,946.4978571428572
13240000,si_mean,0.5212428588494606
13297330,q_norm_mean,192.84565952380953
13297330,precip_mean,628.4835714285714
13297330,temp_mean,2.692152584845601
13297330,pet_mean,1011.52
13297330,si_mean,0.48919303766748495
13346800,q_norm_mean,147.2133142857143
13346800,precip_mean,743.2480952380953
13346800,temp_mean,8.311702839890353
13346800,pet_mean,986.3269047619048
13346800,si_mean,0.5160511469500554
14015000,q_norm_mean,309.9089619047619
14015000,precip_mean,1135.6021428571428
14015000,temp_mean,8.353532614003758
14015000,pet_mean,1051.6480952380953
14015000,si_mean,0.5683284645856429
14018500,q_norm_mean,122.46458095238096
14018500,precip_mean,662.7021428571429
14018500,temp_mean,10.233210692630973
14018500,pet_mean,1098.8290476190475
14018500,si_mean,0.5389247271400548
14138800,q_norm_mean,2334.0046404761906
14138800,precip_mean,2968.7385714285715
14138800,temp_mean,7.314774706903496
14138800,pet_mean,866.4873809523809
14138800,si_mean,0.5980475062464156
14138850,q_norm_mean,2857.7310952380953
14138850,precip_mean,3080.9221428571427
14138850,temp_mean,7.558730955410834
14138850,pet_mean,861.2995238095239
14138850,si_mean,0.6004698658409737
14138870,q_norm_mean,2200.3047476190477
14138870,precip_mean,3009.472142857143
14138870,temp_mean,7.999041133318362
14138870,pet_mean,857.8061904761905
14138870,si_mean,0.5857520254542473
14138900,q_norm_mean,2959.961811904762
14138900,precip_mean,3212.4519047619046
14138900,temp_mean,8.066628019633633
14138900,pet_mean,849.9385714285714
14138900,si_mean,0.6022225087163432
14139800,q_norm_mean,2477.1604666666667
14139800,precip_mean,2815.055714285714
14139800,temp_mean,8.550508998748837
14139800,pet_mean,851.4738095238096
14139800,si_mean,0.5777695375846201
14140000,q_norm_mean,1846.6732
14140000,precip_mean,2901.3033333333333
14140000,temp_mean,8.171275435857403
14140000,pet_mean,854.6654761904762
14140000,si_mean,0.589004325410696
14158790,q_norm_mean,1909.6374119047616
14158790,precip_mean,2357.5935714285715
14158790,temp_mean,7.419960394098503
14158790,pet_mean,920.4961904761903
14158790,si_mean,0.6092927471471571
14158850,q_norm_mean,1855.4044452380951
14158850,precip_mean,2130.4259523809524
14158850,temp_mean,6.74353458699147
14158850,pet_mean,918.9938095238095
14158850,si_mean,0.6218777415640074
14182500,q_norm_mean,2200.6828738095237
14182500,precip_mean,2205.9490476190476
14182500,temp_mean,8.738351678376269
14182500,pet_mean,843.7307142857143
14182500,si_mean,0.5966298750436807
14211500,q_norm_mean,666.017919047619
14211500,precip_mean,1457.2859523809525
14211500,temp_mean,11.54727601331722
14211500,pet_mean,898.7914285714286
14211500,si_mean,0.5736967791934667
14219800,q_norm_mean,2712.471830952381
14219800,precip_mean,4030.047619047619
14219800,temp_mean,8.790074953927974
14219800,pet_mean,868.2661904761904
14219800,si_mean,0.6618171398517221
14309500,q_norm_mean,932.3550071428572
14309500,precip_mean,1440.0521428571428
14309500,temp_mean,10.790049529655413
14309500,pet_mean,1118.6419047619047
14309500,si_mean,0.7257173766819942
14310000,q_norm_mean,545.2654619047619
14310000,precip_mean,1183.3238095238096
14310000,temp_mean,11.01884068168775
14310000,pet_mean,1161.589761904762
14310000,si_mean,0.714048791547347
14314500,q_norm_mean,307.8777261904762
14314500,precip_mean,1454.8488095238097
14314500,temp_mean,6.165717381540534
14314500,pet_mean,982.5988095238096
14314500,si_mean,0.6379683836602525
14316500,q_norm_mean,1032.329526190476
14316500,precip_mean,1476.402619047619
14316500,temp_mean,6.523025431401694
14316500,pet_mean,991.0076190476192
14316500,si_mean,0.633047422514856
01054200,water_use_mean,0.01333333333333333
01055000,water_use_mean,0.065
01055500,water_use_mean,0.6666666666666666
01059000,water_use_mean,0.8033333333333333
01073000,water_use_mean,2.223333333333333
01073500,water_use_mean,1.6116666666666666
01094400,water_use_mean,7.895
01094500,water_use_mean,8.685
01097000,water_use_mean,12.655
01097300,water_use_mean,16.293333333333333
01100600,water_use_mean,18.87
01101000,water_use_mean,8.616666666666667
01101500,water_use_mean,17.11
01102000,water_use_mean,11.793333333333331
01102500,water_use_mean,18.94
01103500,water_use_mean,30.906666666666663
01104200,water_use_mean,32.64
01104500,water_use_mean,31.125
01105000,water_use_mean,43.43666666666667
01105500,water_use_mean,45.06166666666667
01105600,water_use_mean,27.60333333333333
01105730,water_use_mean,9.77
01105870,water_use_mean,7.33
01109000,water_use_mean,25.513333333333335
01109060,water_use_mean,25.5
01109070,water_use_mean,17.816666666666666
01110000,water_use_mean,11.781666666666666
01111300,water_use_mean,4.94
01111500,water_use_mean,8.03
01112500,water_use_mean,9.736666666666666
01114000,water_use_mean,11.34
01114500,water_use_mean,10.521666666666668
01116000,water_use_mean,1.6916666666666669
01117000,water_use_mean,2.3716666666666666
01117468,water_use_mean,2.1566666666666667
01117500,water_use_mean,1.8216666666666668
01117800,water_use_mean,0.30666666666666664
01118000,water_use_mean,0.6466666666666667
01118300,water_use_mean,0.30333333333333334
01119500,water_use_mean,1.4783333333333333
01121000,water_use_mean,1.1466666666666667
01122500,water_use_mean,1.4483333333333333
01123000,water_use_mean,0.5983333333333334
01127500,water_use_mean,2.045
01134500,water_use_mean,0.06833333333333333
01135500,water_use_mean,0.26166666666666666
01137500,water_use_mean,0.2916666666666667
01139000,water_use_mean,0.17333333333333334
01139800,water_use_mean,0.02666666666666666
01142500,water_use_mean,0.26
01162000,water_use_mean,3.1216666666666666
01162500,water_use_mean,0.5266666666666667
01163200,water_use_mean,8.225
01166500,water_use_mean,3.5433333333333334
01169000,water_use_mean,5.788333333333333
01169900,water_use_mean,2.4566666666666666
01170100,water_use_mean,4.343333333333333
01173500,water_use_mean,3.185
01174500,water_use_mean,1.355
01175670,water_use_mean,5.056666666666667
01176000,water_use_mean,5.87
01181000,water_use_mean,0.765
01183500,water_use_mean,3.768333333333333
01184100,water_use_mean,6.390000000000001
01185500,water_use_mean,1.4283333333333332
01186500,water_use_mean,2.546666666666667
01187300,water_use_mean,1.135
01188000,water_use_mean,5.89
01192883,water_use_mean,44.15166666666667
01193500,water_use_mean,4.988333333333333
01197000,water_use_mean,1.145
01197500,water_use_mean,1.91
01199000,water_use_mean,1.7483333333333333
01199050,water_use_mean,2.25
01200500,water_use_mean,1.71
01208873,water_use_mean,11.048333333333334
01208950,water_use_mean,10.688333333333333
01208990,water_use_mean,8.701666666666666
01209700,water_use_mean,10.465
01303500,water_use_mean,20.548333333333332
01304500,water_use_mean,6.376666666666667
01305000,water_use_mean,9.298333333333334
01305500,water_use_mean,9.418333333333331
01306460,water_use_mean,9.278333333333334
01306500,water_use_mean,8.965
01308000,water_use_mean,9.391666666666666
01308500,water_use_mean,9.423333333333334
01311500,water_use_mean,28.426666666666662
01331500,water_use_mean,1.3233333333333333
01332500,water_use_mean,1.3683333333333334
01333000,water_use_mean,0.8216666666666667
01334000,water_use_mean,0.7133333333333334
01334500,water_use_mean,0.97
01350000,water_use_mean,0.18333333333333335
01350120,water_use_mean,4.296666666666667
01350140,water_use_mean,3.315
01350180,water_use_mean,2.285
01350355,water_use_mean,2.4366666666666665
01351500,water_use_mean,6.616666666666666
01357500,water_use_mean,3.368333333333333
01362200,water_use_mean,2.1966666666666668
01362500,water_use_mean,4.738333333333333
01365000,water_use_mean,0.25666666666666665
01377500,water_use_mean,17.075
01378500,water_use_mean,16.005
01379530,water_use_mean,11.723333333333333
01381000,water_use_mean,7.118333333333334
01381500,water_use_mean,9.426666666666666
01381900,water_use_mean,9.681666666666668
01383500,water_use_mean,36.291666666666664
01387400,water_use_mean,18.671666666666667
01387420,water_use_mean,17.791666666666668
01388000,water_use_mean,17.34
01390500,water_use_mean,17.616666666666667
01391500,water_use_mean,19.19
01393450,water_use_mean,14.891666666666666
01394500,water_use_mean,13.318333333333332
01395000,water_use_mean,15.02
01396500,water_use_mean,9.465
01396582,water_use_mean,9.536666666666669
01396660,water_use_mean,10.151666666666667
01398000,water_use_mean,11.566666666666666
01398500,water_use_mean,9.86
01399500,water_use_mean,7.958333333333333
01400000,water_use_mean,10.4
01401000,water_use_mean,80.47333333333333
01401650,water_use_mean,10.441666666666666
01402000,water_use_mean,41.223333333333336
01403150,water_use_mean,14.283333333333331
01403400,water_use_mean,17.198333333333334
01403540,water_use_mean,15.231666666666667
01405400,water_use_mean,5.211666666666667
01407500,water_use_mean,5.971666666666667
01407705,water_use_mean,5.225
01407760,water_use_mean,6.898333333333333
01408000,water_use_mean,5.5633333333333335
01408120,water_use_mean,5.985
01408500,water_use_mean,4.193333333333333
01409400,water_use_mean,5.468333333333334
01410000,water_use_mean,1.555
01410150,water_use_mean,1.0266666666666666
01411000,water_use_mean,10.091666666666669
01411300,water_use_mean,1.715
01413500,water_use_mean,6.49
01414500,water_use_mean,2.318333333333334
01415000,water_use_mean,13.765
01420500,water_use_mean,1.7433333333333332
01427510,water_use_mean,7.890000000000001
01428500,water_use_mean,7.228333333333333
01435000,water_use_mean,0.17666666666666667
01437500,water_use_mean,6.315
01439500,water_use_mean,0.5133333333333333
01440000,water_use_mean,0.2833333333333333
01440400,water_use_mean,0.7350000000000001
01442500,water_use_mean,1.7033333333333334
01447500,water_use_mean,1.3666666666666667
01447680,water_use_mean,0.6716666666666666
01447720,water_use_mean,1.505
01447800,water_use_mean,1.5016666666666667
01449360,water_use_mean,2.4466666666666668
01450500,water_use_mean,3.0866666666666664
01451000,water_use_mean,2.6683333333333334
01451500,water_use_mean,5.456666666666667
01451800,water_use_mean,5.07
01452000,water_use_mean,5.234999999999999
01452500,water_use_mean,54.108333333333334
01464000,water_use_mean,89.595
01464500,water_use_mean,6.201666666666666
01465500,water_use_mean,10.44
01465798,water_use_mean,118.13
01466500,water_use_mean,0.935
01467000,water_use_mean,4.401666666666666
01467048,water_use_mean,50.775
01467081,water_use_mean,13.826666666666666
01467150,water_use_mean,14.09
01470779,water_use_mean,5.375
01472000,water_use_mean,3.2016666666666667
01472157,water_use_mean,10.33
01472198,water_use_mean,4.933333333333334
01472199,water_use_mean,4.723333333333334
01473000,water_use_mean,8.081666666666667
01474000,water_use_mean,39.01833333333333
01475850,water_use_mean,56.075
01477000,water_use_mean,139.6266666666667
01477120,water_use_mean,9.076666666666666
01477800,water_use_mean,46.07333333333333
01478000,water_use_mean,24.636666666666667
01480000,water_use_mean,20.695
01480300,water_use_mean,15.566666666666666
01480617,water_use_mean,15.208333333333332
01480675,water_use_mean,9.961666666666666
01480700,water_use_mean,13.336666666666666
01480870,water_use_mean,14.158333333333331
01481500,water_use_mean,20.508333333333333
01483200,water_use_mean,29.003333333333337
01483700,water_use_mean,2.316666666666667
01484100,water_use_mean,1.6966666666666668
01485000,water_use_mean,2.836666666666667
01485500,water_use_mean,1.19
01486000,water_use_mean,0.43833333333333335
01493000,water_use_mean,1.14
01493500,water_use_mean,0.8416666666666667
01495000,water_use_mean,11.836666666666666
01516350,water_use_mean,0.18833333333333335
01516500,water_use_mean,0.4033333333333333
01521500,water_use_mean,0.24333333333333337
01523500,water_use_mean,0.37
01524500,water_use_mean,1.1766666666666667
01534300,water_use_mean,0.20833333333333337
01534500,water_use_mean,1.5016666666666667
01536000,water_use_mean,3.236666666666667
01538000,water_use_mean,4.041666666666667
01539000,water_use_mean,1.315
01542810,water_use_mean,0.02333333333333333
01544500,water_use_mean,0.10833333333333334
01545000,water_use_mean,0.18666666666666668
01545600,water_use_mean,0.01
01546500,water_use_mean,4.72
01547100,water_use_mean,4.486666666666666
01547200,water_use_mean,2.8516666666666666
01547700,water_use_mean,0.9166666666666669
01549500,water_use_mean,0.3283333333333333
01552500,water_use_mean,0.10333333333333332
01557500,water_use_mean,0.9333333333333332
01558000,water_use_mean,1.79
01559000,water_use_mean,2.1366666666666667
01567500,water_use_mean,0.3433333333333333
01568000,water_use_mean,0.24
01574000,water_use_mean,44.513333333333335
01576500,water_use_mean,16.25
01580000,water_use_mean,28.363333333333333
01581700,water_use_mean,1.8883333333333336
01582000,water_use_mean,20.246666666666663
01582500,water_use_mean,16.55
01583500,water_use_mean,14.031666666666666
01584050,water_use_mean,18.938333333333333
01585100,water_use_mean,20.62333333333333
01585500,water_use_mean,1.3383333333333334
01586000,water_use_mean,1.6666666666666663
01591000,water_use_mean,22.08833333333333
01591400,water_use_mean,0.55
01591610,water_use_mean,12.39
01591700,water_use_mean,51.95
01592500,water_use_mean,23.106666666666666
01593500,water_use_mean,0.615
01594440,water_use_mean,10.116666666666667
01596500,water_use_mean,0.31666666666666665
01597500,water_use_mean,0.27
01603000,water_use_mean,10.588333333333331
01613050,water_use_mean,0.135
01615000,water_use_mean,0.9333333333333332
01616500,water_use_mean,1.57
01617800,water_use_mean,7.473333333333333
01620500,water_use_mean,0.00333333333333333
01632900,water_use_mean,1.8316666666666663
01633000,water_use_mean,1.28
01634000,water_use_mean,1.22
01634500,water_use_mean,0.15833333333333333
01635500,water_use_mean,0.30833333333333335
01648000,water_use_mean,62.68666666666667
01649500,water_use_mean,22.28333333333333
01651000,water_use_mean,54.265
01653600,water_use_mean,4.736666666666666
01654000,water_use_mean,7.993333333333333
01656000,water_use_mean,0.6633333333333333
01658500,water_use_mean,2.6366666666666667
01660400,water_use_mean,1.5266666666666668
01661050,water_use_mean,0.9083333333333332
01661500,water_use_mean,0.7616666666666667
01662800,water_use_mean,0.17333333333333334
01665500,water_use_mean,0.19333333333333333
01667500,water_use_mean,0.2966666666666667
01668000,water_use_mean,0.35833333333333334
01669000,water_use_mean,0.13833333333333334
01671100,water_use_mean,69.51333333333334
01673550,water_use_mean,5.3133333333333335
02011400,water_use_mean,3.693333333333334
02011460,water_use_mean,0.4683333333333333
02011500,water_use_mean,1.775
02015700,water_use_mean,0.8833333333333333
02016000,water_use_mean,3.1133333333333333
02016500,water_use_mean,3.581666666666667
02019500,water_use_mean,2.5966666666666667
02020500,water_use_mean,0.21333333333333335
02021500,water_use_mean,1.018333333333333
02024000,water_use_mean,1.005
02036500,water_use_mean,0.49333333333333335
02038850,water_use_mean,0.03
02039000,water_use_mean,0.2833333333333333
02053500,water_use_mean,0.6566666666666666
02056000,water_use_mean,2.3316666666666666
02056650,water_use_mean,2.395
02056900,water_use_mean,0.29333333333333333
02077200,water_use_mean,0.375
02077303,water_use_mean,42.928333333333335
02077670,water_use_mean,89.97166666666666
02093800,water_use_mean,4.453333333333333
02094500,water_use_mean,4.1866666666666665
02099000,water_use_mean,4.471666666666667
02102908,water_use_mean,0.15
02111000,water_use_mean,0.24666666666666667
02111180,water_use_mean,0.17166666666666666
02111500,water_use_mean,0.63
02142000,water_use_mean,0.27666666666666667
02142900,water_use_mean,161.50833333333333
02143040,water_use_mean,0.195
02143500,water_use_mean,15.253333333333334
02144000,water_use_mean,67.65833333333333
02146300,water_use_mean,182.67
02146507,water_use_mean,185.875
02146600,water_use_mean,184.58
02146700,water_use_mean,185.93
02146750,water_use_mean,182.825
02147500,water_use_mean,3.4166666666666665
02162093,water_use_mean,39.765
02231600,water_use_mean,1.83
02232000,water_use_mean,5.698333333333333
02232400,water_use_mean,5.431666666666667
02232500,water_use_mean,5.475
02234000,water_use_mean,5.735
02234324,water_use_mean,12.063333333333333
02234990,water_use_mean,11.568333333333332
02235000,water_use_mean,9.696666666666667
02236000,water_use_mean,6.181666666666667
02237293,water_use_mean,4.531666666666666
02247510,water_use_mean,5.355
02248000,water_use_mean,4.705
02262900,water_use_mean,11.623333333333331
02263800,water_use_mean,11.691666666666666
02263869,water_use_mean,10.658333333333331
02264100,water_use_mean,10.908333333333331
02266200,water_use_mean,7.165
02266300,water_use_mean,7.356666666666667
02266480,water_use_mean,4.295
02270500,water_use_mean,5.198333333333333
02271500,water_use_mean,4.68
02301900,water_use_mean,9.045
02302500,water_use_mean,9.365
02303000,water_use_mean,8
02303330,water_use_mean,8.765
02303400,water_use_mean,6.3116666666666665
02303420,water_use_mean,6.463333333333333
02303800,water_use_mean,7.311666666666667
02304500,water_use_mean,8.518333333333333
02306500,water_use_mean,12.16
02307000,water_use_mean,11.638333333333334
02307359,water_use_mean,7.878333333333333
02310000,water_use_mean,5.591666666666667
02310947,water_use_mean,6.293333333333333
02312000,water_use_mean,5.6
02312200,water_use_mean,3.01
02312500,water_use_mean,4.866666666666666
02312700,water_use_mean,3.2416666666666667
02312720,water_use_mean,3.95
02313000,water_use_mean,3.8433333333333337
02313230,water_use_mean,3.5416666666666665
02324000,water_use_mean,0.6083333333333334
02324400,water_use_mean,2.763333333333333
02325000,water_use_mean,1.9433333333333336
02326000,water_use_mean,1.35
02327100,water_use_mean,1.755
02330450,water_use_mean,0.06166666666666667
02331600,water_use_mean,0.9216666666666666
02337500,water_use_mean,0.855
02338660,water_use_mean,21.22
02349900,water_use_mean,1.92
02381600,water_use_mean,0.41833333333333333
02382200,water_use_mean,0.385
02430085,water_use_mean,0.18333333333333335
02430880,water_use_mean,0.10166666666666668
02465493,water_use_mean,0.29
02479130,water_use_mean,1.31
02479155,water_use_mean,0.995
02479300,water_use_mean,0.58
03011800,water_use_mean,0.3383333333333333
03014500,water_use_mean,30.97
03015000,water_use_mean,20.198333333333338
03016000,water_use_mean,5.7
03021350,water_use_mean,26.133333333333333
03024000,water_use_mean,5.211666666666667
03026500,water_use_mean,0.2816666666666667
03028000,water_use_mean,0.7333333333333333
03049800,water_use_mean,46.39833333333333
03052500,water_use_mean,0.4716666666666667
03053500,water_use_mean,0.5816666666666667
03076600,water_use_mean,0.655
03078000,water_use_mean,0.475
03079000,water_use_mean,1.61
03080000,water_use_mean,1.2083333333333333
03081000,water_use_mean,1.92
03117000,water_use_mean,3.8016666666666663
03117500,water_use_mean,1.4566666666666666
03118000,water_use_mean,3.638333333333333
03118500,water_use_mean,3.798333333333334
03139000,water_use_mean,1.0116666666666667
03140000,water_use_mean,18.086666666666662
03157000,water_use_mean,0.8083333333333333
03157500,water_use_mean,0.98
03159500,water_use_mean,0.7316666666666667
03165000,water_use_mean,0.5816666666666667
03170000,water_use_mean,0.535
03206600,water_use_mean,0.16333333333333333
03210000,water_use_mean,0.11166666666666666
03237280,water_use_mean,0.15
03274650,water_use_mean,0.385
03275600,water_use_mean,0.9316666666666666
03291780,water_use_mean,26.125
03293000,water_use_mean,95.27333333333334
03294000,water_use_mean,2.78
03298000,water_use_mean,16.92
03298500,water_use_mean,6.9750000000000005
03302000,water_use_mean,88.47
03302220,water_use_mean,1.8966666666666665
03302680,water_use_mean,0.45666666666666667
03302800,water_use_mean,0.795
03303000,water_use_mean,0.6166666666666667
03326500,water_use_mean,0.8983333333333333
03327500,water_use_mean,0.7883333333333333
03335500,water_use_mean,1.075
03337000,water_use_mean,1.35
03340800,water_use_mean,0.5316666666666667
03341300,water_use_mean,0.64
03347000,water_use_mean,0.7866666666666666
03349000,water_use_mean,1.7733333333333334
03350700,water_use_mean,4.83
03351000,water_use_mean,2.705
03351310,water_use_mean,26.60333333333333
03351500,water_use_mean,1.3883333333333334
03352500,water_use_mean,5.946666666666667
03353120,water_use_mean,30.115
03353200,water_use_mean,2.655
03353600,water_use_mean,29.98
03353620,water_use_mean,30.09166666666667
03353800,water_use_mean,1.8616666666666664
03357350,water_use_mean,0.795
03358000,water_use_mean,6.221666666666667
03360000,water_use_mean,2.1733333333333333
03360500,water_use_mean,5.091666666666667
03361500,water_use_mean,0.6216666666666667
03361650,water_use_mean,0.83
03361850,water_use_mean,16.956666666666667
03362000,water_use_mean,1.6816666666666666
03362500,water_use_mean,4.24
03363500,water_use_mean,0.4666666666666667
03363900,water_use_mean,0.6433333333333333
03364000,water_use_mean,1.663333333333333
03364500,water_use_mean,0.5316666666666666
03365500,water_use_mean,1.4933333333333334
03366500,water_use_mean,68.82833333333333
03368000,water_use_mean,0.35333333333333333
03369500,water_use_mean,0.3516666666666667
03378550,water_use_mean,3.651666666666667
03431700,water_use_mean,13.49
03478400,water_use_mean,3.408333333333333
03611260,water_use_mean,150.5
03612000,water_use_mean,0.26
04024430,water_use_mean,0.29333333333333333
04025500,water_use_mean,0.24666666666666667
04037500,water_use_mean,0.22
04043050,water_use_mean,0.29333333333333333
04057510,water_use_mean,1.1083333333333334
04057800,water_use_mean,3.91
04087030,water_use_mean,2.655
04087088,water_use_mean,89.135
04087120,water_use_mean,103.34333333333332
04087204,water_use_mean,285.17833333333334
04087220,water_use_mean,210.10333333333332
04087240,water_use_mean,83.20833333333333
04087257,water_use_mean,4.648333333333333
04093000,water_use_mean,152.74166666666667
04094000,water_use_mean,45.891666666666666
04096405,water_use_mean,1.403333333333333
04096515,water_use_mean,1.26
04097540,water_use_mean,2.2716666666666665
04099000,water_use_mean,2.6283333333333334
04099510,water_use_mean,0.5233333333333333
04099750,water_use_mean,0.935
04100222,water_use_mean,0.965
04100500,water_use_mean,1.4283333333333332
04105700,water_use_mean,1.8583333333333336
04106400,water_use_mean,5.513333333333334
04108600,water_use_mean,1.445
04112000,water_use_mean,13.695
04121300,water_use_mean,0.6966666666666667
04121500,water_use_mean,0.425
04122100,water_use_mean,28.89666666666667
04127800,water_use_mean,0.6133333333333333
04127997,water_use_mean,0.55
04128990,water_use_mean,0.5416666666666666
04135700,water_use_mean,0.18833333333333335
04136500,water_use_mean,0.22333333333333333
04146000,water_use_mean,0.7366666666666667
04146063,water_use_mean,0.9116666666666668
04147500,water_use_mean,0.9033333333333332
04148140,water_use_mean,3.288333333333333
04148500,water_use_mean,1.9183333333333332
04163400,water_use_mean,5.736666666666666
04164100,water_use_mean,4.486666666666666
04164300,water_use_mean,63.27333333333333
04164500,water_use_mean,11.415
04166100,water_use_mean,5.5
04166300,water_use_mean,5.486666666666666
04166500,water_use_mean,38.78
04285500,water_use_mean,0.12
04286000,water_use_mean,0.4816666666666667
04287000,water_use_mean,0.235
04288000,water_use_mean,0.435
04290500,water_use_mean,0.42333333333333334
04296000,water_use_mean,0.21833333333333332
05287890,water_use_mean,15.931666666666668
05426250,water_use_mean,1.955
05427948,water_use_mean,5.001666666666667
05430150,water_use_mean,5.083333333333333
05431486,water_use_mean,1.9516666666666669
05448000,water_use_mean,48.46
05451700,water_use_mean,0.7616666666666667
05451900,water_use_mean,0.295
05452000,water_use_mean,0.2816666666666667
05452200,water_use_mean,0.23333333333333336
05453000,water_use_mean,0.2683333333333333
05466500,water_use_mean,0.38
05467000,water_use_mean,0.29833333333333334
05469000,water_use_mean,0.31333333333333335
05484800,water_use_mean,1.6033333333333333
05503800,water_use_mean,0.21666666666666667
05515500,water_use_mean,4.633333333333334
05516500,water_use_mean,2.005
05517000,water_use_mean,1.5483333333333331
05517500,water_use_mean,3.0616666666666665
05517530,water_use_mean,3.275
05518000,water_use_mean,12.305
05527800,water_use_mean,6.148333333333333
05528500,water_use_mean,114.73333333333332
05529000,water_use_mean,80.26166666666667
05529500,water_use_mean,75.45666666666666
05530990,water_use_mean,74.99333333333334
05531500,water_use_mean,39.29333333333334
05532000,water_use_mean,37.836666666666666
05532500,water_use_mean,69.46166666666667
05533000,water_use_mean,36.153333333333336
05534500,water_use_mean,138.65
05535000,water_use_mean,145.15666666666667
05535070,water_use_mean,146.6
05535500,water_use_mean,128.18166666666667
05536000,water_use_mean,109.22
05536195,water_use_mean,148.61166666666665
05536215,water_use_mean,88.58166666666666
05536235,water_use_mean,111.37333333333332
05536255,water_use_mean,73.71666666666667
05536275,water_use_mean,86.60166666666666
05536290,water_use_mean,114.39
05536340,water_use_mean,74.015
05536500,water_use_mean,63.59
05537500,water_use_mean,99.965
05539000,water_use_mean,111.75333333333332
05539900,water_use_mean,28.196666666666665
05540095,water_use_mean,12.041666666666666
05540500,water_use_mean,49.443333333333335
05543830,water_use_mean,2.5616666666666665
05544200,water_use_mean,1.471666666666667
05548280,water_use_mean,2.0866666666666664
05550500,water_use_mean,66.62
05551200,water_use_mean,4.046666666666667
05551700,water_use_mean,3.48
05568800,water_use_mean,0.2833333333333333
05569500,water_use_mean,2.993333333333333
05577500,water_use_mean,14.538333333333332
05579500,water_use_mean,12.286666666666669
05580000,water_use_mean,16.815
05580950,water_use_mean,0.485
05587900,water_use_mean,9.015
05588000,water_use_mean,19.323333333333338
05590800,water_use_mean,0.705
05591200,water_use_mean,0.75
05591550,water_use_mean,0.4033333333333333
05591700,water_use_mean,0.42
05592050,water_use_mean,0.2066666666666667
05593900,water_use_mean,24.281666666666663
06062500,water_use_mean,0.14833333333333334
06204050,water_use_mean,0.63
06295113,water_use_mean,0.7666666666666667
06332515,water_use_mean,0.16999999999999998
06409000,water_use_mean,0.05666666666666667
06410500,water_use_mean,0.07333333333333333
06421500,water_use_mean,0.6900000000000001
06436190,water_use_mean,1.2433333333333334
06453600,water_use_mean,0.32
06470800,water_use_mean,0.21
06470878,water_use_mean,0.13833333333333334
06471000,water_use_mean,0.14166666666666666
06614800,water_use_mean,0.03333333333333333
06622700,water_use_mean,0.31
06632400,water_use_mean,0.665
06712000,water_use_mean,1.23
06746095,water_use_mean,0.03333333333333333
06803000,water_use_mean,1.03
06803510,water_use_mean,0.995
06803520,water_use_mean,1.07
06803530,water_use_mean,4.076666666666667
06804000,water_use_mean,5.5633333333333335
06823500,water_use_mean,3.7466666666666666
06879650,water_use_mean,0.00333333333333333
06893080,water_use_mean,1.7966666666666666
06893300,water_use_mean,1.935
06893500,water_use_mean,6.828333333333333
07083000,water_use_mean,0.05333333333333333
07105900,water_use_mean,2.32
07106300,water_use_mean,5.23
07195500,water_use_mean,6.723333333333334
07195800,water_use_mean,16.348333333333333
07195855,water_use_mean,15.855
07196000,water_use_mean,11.076666666666666
07196500,water_use_mean,5.861666666666666
07196900,water_use_mean,0.7366666666666667
07197000,water_use_mean,0.6866666666666666
07340300,water_use_mean,0.01
07352000,water_use_mean,0.4716666666666667
08010000,water_use_mean,14.443333333333332
08012000,water_use_mean,6.721666666666667
08017200,water_use_mean,3.8566666666666665
08017300,water_use_mean,6.998333333333333
08023080,water_use_mean,5.655
08025500,water_use_mean,0.08
08029500,water_use_mean,0.4016666666666666
08049700,water_use_mean,5.758333333333334
08061540,water_use_mean,21.291666666666668
08066300,water_use_mean,2.19
08068500,water_use_mean,4.371666666666667
08068720,water_use_mean,6.5183333333333335
08068740,water_use_mean,7.265
08069000,water_use_mean,10.071666666666667
08070000,water_use_mean,0.32333333333333336
08070500,water_use_mean,1.4666666666666668
08072730,water_use_mean,12.318333333333332
08074500,water_use_mean,13.31
08075000,water_use_mean,15.658333333333331
08075730,water_use_mean,13.313333333333333
08075770,water_use_mean,13.365
08076000,water_use_mean,13.116666666666667
08078000,water_use_mean,10.133333333333333
08082700,water_use_mean,3.31
08083100,water_use_mean,1.0933333333333333
08084000,water_use_mean,1.755
08084800,water_use_mean,5.281666666666667
08085500,water_use_mean,2.0816666666666666
08103900,water_use_mean,0.035
08104900,water_use_mean,0.4633333333333333
08110325,water_use_mean,0.8366666666666667
08110430,water_use_mean,28.913333333333338
08115000,water_use_mean,25.744999999999997
08154700,water_use_mean,25.181666666666665
08155300,water_use_mean,6.35
08158600,water_use_mean,28.428333333333335
08158700,water_use_mean,0.27
08158810,water_use_mean,1.038333333333333
08160800,water_use_mean,3.5616666666666665
08164450,water_use_mean,6.638333333333334
08164503,water_use_mean,10.48
08164600,water_use_mean,3.9483333333333337
08164800,water_use_mean,7.1450000000000005
08165300,water_use_mean,0.01166666666666666
08167000,water_use_mean,0.39166666666666666
08167500,water_use_mean,0.33166666666666667
08169000,water_use_mean,1.67
08171000,water_use_mean,0.29833333333333334
08171300,water_use_mean,0.335
08172000,water_use_mean,0.6566666666666667
08181400,water_use_mean,7.066666666666666
08185000,water_use_mean,2.211666666666667
08186000,water_use_mean,5.6433333333333335
08189200,water_use_mean,2.7016666666666667
08189700,water_use_mean,0.34833333333333333
08200000,water_use_mean,0.04
08201500,water_use_mean,0.02833333333333333
08202700,water_use_mean,0.31166666666666665
08211520,water_use_mean,5.6433333333333335
08265000,water_use_mean,1.6666666666666663
08267500,water_use_mean,3.2666666666666666
08275500,water_use_mean,0.12833333333333333
08276300,water_use_mean,4.458333333333333
08291000,water_use_mean,0.03166666666666667
08294210,water_use_mean,0.02
08316000,water_use_mean,0.08166666666666667
08377900,water_use_mean,0
09024000,water_use_mean,3.5533333333333332
09025000,water_use_mean,1.0783333333333334
09026500,water_use_mean,0.03
09032000,water_use_mean,0.02666666666666666
09034900,water_use_mean,0
09035700,water_use_mean,0.02666666666666666
09035900,water_use_mean,0.00833333333333333
09036000,water_use_mean,0.02333333333333333
09046600,water_use_mean,2.911666666666666
09047700,water_use_mean,0
09050100,water_use_mean,1.8016666666666667
09063900,water_use_mean,1.015
09066200,water_use_mean,1.518333333333333
09066300,water_use_mean,1.0216666666666667
09067000,water_use_mean,7.616666666666666
09073300,water_use_mean,1.08
09073400,water_use_mean,1.1083333333333334
09081600,water_use_mean,0.8966666666666667
09085000,water_use_mean,4.56
09126000,water_use_mean,0.8266666666666667
09146200,water_use_mean,8.736666666666666
09147500,water_use_mean,6.535
09149500,water_use_mean,19.494999999999997
09261700,water_use_mean,0.7466666666666667
09266500,water_use_mean,0.135
09306242,water_use_mean,0.37333333333333335
09310700,water_use_mean,0.08833333333333333
09312600,water_use_mean,0.115
09337000,water_use_mean,0.4216666666666667
09352900,water_use_mean,0.245
09354500,water_use_mean,7.696666666666667
09378630,water_use_mean,0.00333333333333333
09403600,water_use_mean,0.04166666666666667
09404450,water_use_mean,0.06166666666666667
09408000,water_use_mean,0.065
09408400,water_use_mean,0.02166666666666666
09423350,water_use_mean,0
09430600,water_use_mean,0
09480000,water_use_mean,0.10333333333333332
09492400,water_use_mean,0
09497800,water_use_mean,0.31
09497980,water_use_mean,0.005
09508300,water_use_mean,0
09512280,water_use_mean,0.04166666666666666
09513780,water_use_mean,0.02333333333333333
09513860,water_use_mean,11.69
10134500,water_use_mean,6.918333333333333
10136500,water_use_mean,3.8433333333333337
10141000,water_use_mean,4.5633333333333335
10146400,water_use_mean,5.253333333333333
10172700,water_use_mean,0
10172800,water_use_mean,0
10172952,water_use_mean,0
10173450,water_use_mean,0.07166666666666667
10183500,water_use_mean,1.4766666666666666
10215900,water_use_mean,0.08833333333333333
10244950,water_use_mean,0.02666666666666666
10249280,water_use_mean,0.07
10249300,water_use_mean,0
10258000,water_use_mean,0.34833333333333333
10259000,water_use_mean,0.11833333333333332
10259200,water_use_mean,0.24833333333333335
10311100,water_use_mean,0.66
10311200,water_use_mean,5.485
10336645,water_use_mean,0.14333333333333334
10336660,water_use_mean,0.4816666666666667
10336676,water_use_mean,0.8383333333333334
10336698,water_use_mean,5.588333333333333
10336780,water_use_mean,0.4066666666666667
10343500,water_use_mean,0.015
10348460,water_use_mean,0.2783333333333333
10349300,water_use_mean,3.01
10349980,water_use_mean,4.7316666666666665
11023340,water_use_mean,17.656666666666666
11055500,water_use_mean,2.5483333333333333
11055800,water_use_mean,1.1333333333333333
11058500,water_use_mean,1.5366666666666666
11063680,water_use_mean,2.065
11065000,water_use_mean,2.5083333333333333
11073360,water_use_mean,17.166666666666668
11075800,water_use_mean,0.975
11097000,water_use_mean,4.3933333333333335
11098000,water_use_mean,1.45
11101250,water_use_mean,26.696666666666665
11102300,water_use_mean,30.328333333333333
11119500,water_use_mean,0.7433333333333334
11119750,water_use_mean,13.243333333333332
11119940,water_use_mean,7.791666666666667
11120000,water_use_mean,15.731666666666666
11120500,water_use_mean,3.615
11141280,water_use_mean,0.01
11159200,water_use_mean,5.476666666666667
11160000,water_use_mean,7.395
11160500,water_use_mean,6.2283333333333335
11162500,water_use_mean,1.2383333333333333
11162630,water_use_mean,1.665
11169500,water_use_mean,3.6
11180825,water_use_mean,6.093333333333334
11180960,water_use_mean,2.181666666666666
11181008,water_use_mean,23.846666666666668
11182500,water_use_mean,3.963333333333334
11200800,water_use_mean,0.14333333333333334
11208000,water_use_mean,0.7316666666666667
11230215,water_use_mean,1.585
11230500,water_use_mean,0.925
11234760,water_use_mean,0.8066666666666666
11237500,water_use_mean,0.13
11284400,water_use_mean,1.34
11315000,water_use_mean,0.01333333333333333
11316800,water_use_mean,0
11317000,water_use_mean,0.045
11376025,water_use_mean,0.2066666666666667
11376550,water_use_mean,1.26
11381500,water_use_mean,0.31333333333333335
11409400,water_use_mean,0.16333333333333333
11421790,water_use_mean,1.7933333333333334
11427700,water_use_mean,0.01833333333333333
11427750,water_use_mean,0.01666666666666666
11435100,water_use_mean,0.8433333333333333
11436000,water_use_mean,0.65
11439500,water_use_mean,0.5683333333333334
11449500,water_use_mean,1.1283333333333334
11459500,water_use_mean,2.2666666666666666
11463170,water_use_mean,0.00666666666666666
11475560,water_use_mean,0.00833333333333333
11476600,water_use_mean,0.02
12010000,water_use_mean,0.01
12025700,water_use_mean,0.03666666666666667
12026150,water_use_mean,0.13833333333333334
12026400,water_use_mean,0.405
12027500,water_use_mean,0.75
12031000,water_use_mean,1.0433333333333334
12035400,water_use_mean,0.6083333333333333
12036000,water_use_mean,0.41
12037400,water_use_mean,0.6683333333333333
12054000,water_use_mean,0.01333333333333333
12056500,water_use_mean,0.01333333333333333
12091100,water_use_mean,13.538333333333334
12091200,water_use_mean,13.538333333333334
12099600,water_use_mean,3.9583333333333335
12108500,water_use_mean,9.958333333333332
12113000,water_use_mean,3.9133333333333336
12115000,water_use_mean,0.065
12115500,water_use_mean,0.05333333333333334
12119000,water_use_mean,3.401666666666667
12121600,water_use_mean,6.2716666666666665
12143400,water_use_mean,0.4733333333333334
12143700,water_use_mean,0.28833333333333333
12143900,water_use_mean,1.78
12147600,water_use_mean,0.06666666666666667
12149000,water_use_mean,1.295
12178100,water_use_mean,0.01
12330000,water_use_mean,0.12666666666666668
12332000,water_use_mean,0.23
12447390,water_use_mean,0.00833333333333333
13018300,water_use_mean,0
13083000,water_use_mean,0.03666666666666667
13239000,water_use_mean,2.745
13240000,water_use_mean,0.09666666666666666
13297330,water_use_mean,0.25166666666666665
13346800,water_use_mean,0.74
14015000,water_use_mean,0.975
14018500,water_use_mean,4.208333333333333
14138800,water_use_mean,0.03666666666666667
14138850,water_use_mean,0.31333333333333335
14138870,water_use_mean,0.01666666666666666
14138900,water_use_mean,0.04833333333333333
14139800,water_use_mean,0.01166666666666666
14140000,water_use_mean,0.32666666666666666
14158790,water_use_mean,0
14158850,water_use_mean,0.11666666666666668
14182500,water_use_mean,0.01166666666666666
14211500,water_use_mean,16.393333333333334
14219800,water_use_mean,0.15666666666666668
14309500,water_use_mean,0.01166666666666666
14310000,water_use_mean,0.21166666666666667
14314500,water_use_mean,0.07333333333333333
14316500,water_use_mean,0.1683333333333333
01054200,tile_pct,0
01055000,tile_pct,0
01055500,tile_pct,0.00160956214212169
01073000,tile_pct,2.2461814914645105e-4
01094400,tile_pct,3.807480895562408e-4
01097300,tile_pct,2.576803046353824e-4
01100600,tile_pct,0.00147336433537455
01101000,tile_pct,4.7744091668656006e-5
01102500,tile_pct,4.4460252534234394e-5
01105000,tile_pct,3.140374751386999e-5
01105600,tile_pct,0
01105730,tile_pct,6.685236768802228e-4
01105870,tile_pct,0.00363455074701275
01109000,tile_pct,2.518653779554828e-4
01109070,tile_pct,0
01110000,tile_pct,0
01111300,tile_pct,6.47109577221743e-5
01114000,tile_pct,0
01114500,tile_pct,0
01117000,tile_pct,0
01117468,tile_pct,0
01118300,tile_pct,0
01121000,tile_pct,3.788835564536499e-5
01123000,tile_pct,2.0511651757734603e-4
01127500,tile_pct,0.00354172069564813
01134500,tile_pct,0
01137500,tile_pct,0
01139000,tile_pct,3.882325621897768e-4
01139800,tile_pct,0
01142500,tile_pct,0.00229987307304266
01162500,tile_pct,0
01163200,tile_pct,2.615010158308692e-4
01169900,tile_pct,1.851482610305637e-4
01170100,tile_pct,0
01174500,tile_pct,4.800994829092454e-4
01175670,tile_pct,4.765221216231077e-4
01181000,tile_pct,0
01184100,tile_pct,0.00235176738882554
01187300,tile_pct,0
01188000,tile_pct,0
01192883,tile_pct,5.830303861718911e-4
01197000,tile_pct,0
01199050,tile_pct,0
01208873,tile_pct,0
01208950,tile_pct,0
01208990,tile_pct,1.6415239908731266e-5
01303500,tile_pct,4.628986714808128e-5
01304500,tile_pct,9.519740691551114e-4
01305000,tile_pct,8.434389818754335e-5
01305500,tile_pct,0
01306460,tile_pct,0
01306500,tile_pct,0
01308000,tile_pct,0
01308500,tile_pct,9.416639201468996e-6
01311500,tile_pct,0
01331500,tile_pct,0
01333000,tile_pct,0
01334000,tile_pct,0.00155018847185467
01350000,tile_pct,0
01350120,tile_pct,0
01350140,tile_pct,2.024988356316951e-5
01350180,tile_pct,6.376706856022655e-5
01362200,tile_pct,0
01362500,tile_pct,0
01365000,tile_pct,0
01377500,tile_pct,0
01379530,tile_pct,0
01381500,tile_pct,0
01383500,tile_pct,0
01390500,tile_pct,0
01391500,tile_pct,0
01393450,tile_pct,0
01394500,tile_pct,0
01395000,tile_pct,0
01396500,tile_pct,0
01396582,tile_pct,0
01396660,tile_pct,0.00154016040915959
01398000,tile_pct,0.00503581623310173
01398500,tile_pct,0
01399500,tile_pct,0
01401000,tile_pct,0.00799870291304112
01401650,tile_pct,0.00634878645592222
01403150,tile_pct,0
01403400,tile_pct,0
01403540,tile_pct,0
01405400,tile_pct,0.0145804386443182
01407705,tile_pct,0.00201292509799766
01407760,tile_pct,0
01408000,tile_pct,0.01465041272617941
01410000,tile_pct,9.540053771212164e-4
01410150,tile_pct,5.022223338271853e-5
01411000,tile_pct,6.391229266913712e-4
01411300,tile_pct,0
01413500,tile_pct,0
01414500,tile_pct,0
01415000,tile_pct,5.203563400216469e-5
01435000,tile_pct,0
01440000,tile_pct,0
01440400,tile_pct,0
01447680,tile_pct,0
01449360,tile_pct,0.00223394353087185
01450500,tile_pct,1.0810421246081224e-4
01451500,tile_pct,0.00829070085686014
01451800,tile_pct,0.00716916342284957
01452000,tile_pct,0.0067379761586281
01452500,tile_pct,0.00480952683795471
01464000,tile_pct,0.01621441485612723
01464500,tile_pct,0.02477929552196387
01465798,tile_pct,1.6278426201754816e-5
01466500,tile_pct,0
01467048,tile_pct,6.880844417226882e-6
01467081,tile_pct,3.794058504382138e-5
01467150,tile_pct,0
01472157,tile_pct,0.00219564033654775
01472198,tile_pct,0.00357938566054275
01472199,tile_pct,0.00824243836374492
01474000,tile_pct,5.07427880462947e-4
01475850,tile_pct,1.513840830449827e-4
01477120,tile_pct,0.01692143337597763
01477800,tile_pct,0
01478000,tile_pct,3.1175138647327144e-4
01480300,tile_pct,0.06488357808922889
01480617,tile_pct,0.02336863682951828
01480675,tile_pct,0.01215298463004885
01483200,tile_pct,0.01652959200129011
01483700,tile_pct,0.01180206810914165
01484100,tile_pct,0.02658745617452279
01485000,tile_pct,0.01767428630533719
01485500,tile_pct,0.00507476611947449
01486000,tile_pct,0.02577881619937695
01493000,tile_pct,0.00950044370204103
01493500,tile_pct,0.0016373641121997
01495000,tile_pct,0.01031971122856774
01516500,tile_pct,0.00539538020569887
01521500,tile_pct,0.0066130633092081
01523500,tile_pct,1.5885530047185907e-4
01534300,tile_pct,1.625076739734932e-4
01538000,tile_pct,0
01542810,tile_pct,0
01545600,tile_pct,0
01547700,tile_pct,5.095002194770176e-4
01549500,tile_pct,6.379469045904837e-5
01552500,tile_pct,0
01557500,tile_pct,1.3924882992302634e-4
01567500,tile_pct,0.0292888939618765
01580000,tile_pct,0.00243116867923562
01581700,tile_pct,5.932546941277673e-4
01584050,tile_pct,0.00212820606905661
01585100,tile_pct,0
01585500,tile_pct,0.00600476239776374
01586000,tile_pct,0.0062724401955271
01591000,tile_pct,0.00608476710029374
01591400,tile_pct,0.00499879547097085
01591700,tile_pct,0.00426479707412141
01593500,tile_pct,0.00102683398911374
01596500,tile_pct,2.7877055039313793e-4
01613050,tile_pct,0.00133456197769374
01615000,tile_pct,6.683853719087177e-4
01617800,tile_pct,0.00151900587470946
01620500,tile_pct,0
01632900,tile_pct,4.995351041913547e-4
01635500,tile_pct,7.558849622654271e-5
01648000,tile_pct,1.1065907241659888e-4
01651000,tile_pct,4.1816217723106946e-5
01653600,tile_pct,0.0072561651426988
01654000,tile_pct,0
01658500,tile_pct,0
01660400,tile_pct,0
01661050,tile_pct,0
01661500,tile_pct,0
01662800,tile_pct,6.396162302618429e-4
01665500,tile_pct,0.00232643048317939
01669000,tile_pct,9.888018193953476e-5
01673550,tile_pct,1.2153950033760973e-4
02011400,tile_pct,0
02011460,tile_pct,0
02011500,tile_pct,0
02015700,tile_pct,4.8555550682597066e-4
02020500,tile_pct,3.103510632578553e-4
02036500,tile_pct,3.050687167284431e-5
02038850,tile_pct,0
02053500,tile_pct,0.02343406387109924
02056650,tile_pct,1.0464693969258424e-4
02077200,tile_pct,4.389976220962136e-5
02093800,tile_pct,0
02099000,tile_pct,0
02102908,tile_pct,0
02111000,tile_pct,0
02142000,tile_pct,3.442467757601092e-4
02142900,tile_pct,0
02143040,tile_pct,0
02143500,tile_pct,6.059292392878607e-4
02144000,tile_pct,0.00149918522542096
02146300,tile_pct,0
02146507,tile_pct,0
02146600,tile_pct,0
02146700,tile_pct,0
02146750,tile_pct,0
02162093,tile_pct,0
02234324,tile_pct,0
02234990,tile_pct,0
02235000,tile_pct,1.993699908289804e-6
02237293,tile_pct,2.3900959591228993e-4
02247510,tile_pct,0
02248000,tile_pct,1.5235483440933936e-4
02263800,tile_pct,0
02263869,tile_pct,0
02264100,tile_pct,1.5730566850976474e-5
02266200,tile_pct,0.00155164271739863
02266300,tile_pct,5.823889734354363e-4
02266480,tile_pct,2.0267120650169232e-5
02271500,tile_pct,2.0000463778870235e-4
02301900,tile_pct,0
02303400,tile_pct,0.00556458764410286
02303420,tile_pct,0.00250780631172032
02303800,tile_pct,0.00179755182210374
02306500,tile_pct,0
02307000,tile_pct,2.0643112346169115e-4
02307359,tile_pct,3.4521158129175946e-4
02310000,tile_pct,6.030484097110896e-5
02312200,tile_pct,2.5748045636788113e-4
02312700,tile_pct,1.2073746825888016e-4
02324400,tile_pct,0
02325000,tile_pct,0
02326000,tile_pct,0
02327100,tile_pct,3.293677456754015e-6
02330450,tile_pct,0
02337500,tile_pct,0
02349900,tile_pct,0.01690982394059808
02381600,tile_pct,0
02430085,tile_pct,0
02430880,tile_pct,0
02465493,tile_pct,0
02479155,tile_pct,0
03011800,tile_pct,8.540241439742369e-4
03014500,tile_pct,0.00292431737539377
03021350,tile_pct,0.00851836959597313
03026500,tile_pct,0
03049800,tile_pct,0
03052500,tile_pct,0
03076600,tile_pct,0.00260943173152935
03078000,tile_pct,0.00210555402044763
03118000,tile_pct,0.15062755098133812
03140000,tile_pct,0.00612892219428051
03157000,tile_pct,0.1998329619207818
03165000,tile_pct,0.00333214120602576
03206600,tile_pct,0
03210000,tile_pct,0
03237280,tile_pct,0
03274650,tile_pct,0.3321787893781956
03291780,tile_pct,0.0392269255211773
03293000,tile_pct,0.00249077323055106
03302000,tile_pct,5.459917780061664e-4
03302220,tile_pct,0.01058078264034305
03302680,tile_pct,0.00364197420118767
03326500,tile_pct,0.5097371210386262
03337000,tile_pct,2.3915816326530612e-4
03340800,tile_pct,0.556210326385765
03350700,tile_pct,0.4942479332182696
03351310,tile_pct,0.00178198470942152
03351500,tile_pct,0.3670021155537499
03352500,tile_pct,0.3439551684026308
03353120,tile_pct,0
03353600,tile_pct,1.395829262164652e-5
03353620,tile_pct,0.02112835875090777
03353800,tile_pct,0.3096480535057756
03357350,tile_pct,0.30613387060667113
03358000,tile_pct,0.3404028447747981
03361650,tile_pct,0.6042447581117488
03361850,tile_pct,0.340574169786838
03362000,tile_pct,0.4104233410395901
03363500,tile_pct,0.4626347911366976
03364500,tile_pct,0.5445437812253484
03368000,tile_pct,0.12785699463433434
03369500,tile_pct,0.13055662879350766
03378550,tile_pct,0.27393491849897583
03431700,tile_pct,0
03478400,tile_pct,0.00475611827577646
03611260,tile_pct,0
04025500,tile_pct,0
04037500,tile_pct,0
04043050,tile_pct,0
04057510,tile_pct,0
04057800,tile_pct,0
04087030,tile_pct,0.03491838900399212
04087088,tile_pct,0.00257658715874429
04087204,tile_pct,0.00811765956316097
04087220,tile_pct,0.00514886481446691
04087257,tile_pct,0.19196618870114912
04094000,tile_pct,0.0332848026764141
04096515,tile_pct,0.09113461931509842
04099510,tile_pct,0.31713776021028806
04105700,tile_pct,0.00101396005721631
04106400,tile_pct,0
04112000,tile_pct,0.3970962636757724
04121300,tile_pct,0.00868842767898512
04122100,tile_pct,0.00458291197796759
04127800,tile_pct,4.3725404459991256e-4
04128990,tile_pct,0
04135700,tile_pct,8.860393862227964e-7
04146000,tile_pct,0.03017050826016282
04148140,tile_pct,0.02299684603626091
04163400,tile_pct,7.566156581610456e-5
04164100,tile_pct,0.00516232464929859
04164300,tile_pct,0.30853326870775777
04166300,tile_pct,0
04285500,tile_pct,0
04287000,tile_pct,2.7005374069439815e-5
04288000,tile_pct,0.00170443226172996
04296000,tile_pct,0.00792669215201259
05287890,tile_pct,0.14921658578556524
05426250,tile_pct,0.01773377592879818
05427948,tile_pct,0.01432923389371544
05430150,tile_pct,0.03597536521348957
05448000,tile_pct,0.2150529977267125
05451900,tile_pct,0.4857116760541939
05467000,tile_pct,0.43324240908737693
05484800,tile_pct,0.3636947499435263
05503800,tile_pct,0.00836871034520405
05516500,tile_pct,0.439100305516862
05528500,tile_pct,0.00373168568195026
05529500,tile_pct,8.424261874197689e-4
05530990,tile_pct,0.00290348418101722
05532000,tile_pct,1.3187641296156746e-4
05533000,tile_pct,2.697487186935862e-4
05534500,tile_pct,0.01445219854283618
05535000,tile_pct,0.00700975524271277
05535070,tile_pct,0.0042169600327796
05535500,tile_pct,0.00453034448268761
05536000,tile_pct,0.00483887934359549
05536215,tile_pct,0.04180627162452306
05536235,tile_pct,0.14759641883537666
05536255,tile_pct,0.04077130123990646
05536275,tile_pct,0.06830014599318698
05536340,tile_pct,0.00721838957994832
05536500,tile_pct,0.00163028711167466
05537500,tile_pct,0.03551814902674422
05539000,tile_pct,0.0811531976567474
05539900,tile_pct,2.837439395995509e-4
05540095,tile_pct,0.00482460435231287
05544200,tile_pct,0.0200976639091707
05550500,tile_pct,0.00361259408779641
05551200,tile_pct,0.19709790418962664
05551700,tile_pct,0.32667012468437434
05568800,tile_pct,0.6108250091280156
05577500,tile_pct,0.31002506513964156
05580950,tile_pct,0.09145756066011136
05588000,tile_pct,0.07959609583610532
05590800,tile_pct,0.8045214597199908
05591550,tile_pct,0.382403988183161
05593900,tile_pct,0.17680390583363453
06062500,tile_pct,0
06204050,tile_pct,0
06295113,tile_pct,0
06332515,tile_pct,0
06409000,tile_pct,0
06436190,tile_pct,0
06453600,tile_pct,4.368237284014342e-4
06470800,tile_pct,0.00614003560652284
06614800,tile_pct,0
06622700,tile_pct,0
06632400,tile_pct,0
06712000,tile_pct,0.00154978610898999
06746095,tile_pct,0
06803510,tile_pct,0.0706337535289353
06803520,tile_pct,0.091770660362993
06823500,tile_pct,0
06879650,tile_pct,0
06893300,tile_pct,0
07083000,tile_pct,0
07105900,tile_pct,0.00139909242394072
07195800,tile_pct,0
07195855,tile_pct,0
07196000,tile_pct,0
07340300,tile_pct,0
07352000,tile_pct,0
08010000,tile_pct,0.04319948783362352
08017200,tile_pct,0.00152913642020668
08017300,tile_pct,0.00971781555204991
08023080,tile_pct,0
08029500,tile_pct,0
08049700,tile_pct,0
08061540,tile_pct,0.00152386768565115
08066300,tile_pct,0
08068720,tile_pct,0.03057284187011329
08068740,tile_pct,0.02664425208856991
08069000,tile_pct,0.02101550281550059
08070500,tile_pct,0
08072730,tile_pct,2.967579197269827e-5
08074500,tile_pct,0
08075000,tile_pct,1.5372632614577355e-4
08075730,tile_pct,2.9349181891554773e-4
08075770,tile_pct,0
08076000,tile_pct,0
08078000,tile_pct,0
08082700,tile_pct,0
08083100,tile_pct,7.694584968432639e-4
08084800,tile_pct,2.2867085247339628e-4
08103900,tile_pct,7.258399004562422e-5
08104900,tile_pct,3.207426626856331e-4
08110325,tile_pct,1.254352386513549e-4
08110430,tile_pct,1.1352429065056512e-4
08115000,tile_pct,0
08154700,tile_pct,0
08155300,tile_pct,0
08158600,tile_pct,1.9880979204495753e-5
08158700,tile_pct,0
08158810,tile_pct,0
08160800,tile_pct,0
08164503,tile_pct,0.01375978289451234
08164600,tile_pct,1.5465892434718116e-4
08164800,tile_pct,0.00383050531612021
08165300,tile_pct,0
08169000,tile_pct,0.00130903759555974
08171000,tile_pct,8.437967361554293e-5
08171300,tile_pct,7.305288861197832e-5
08181400,tile_pct,0
08185000,tile_pct,2.8167138679626965e-4
08189200,tile_pct,0
08189700,tile_pct,0
08201500,tile_pct,0
08202700,tile_pct,2.4692526601053136e-4
08211520,tile_pct,0
08267500,tile_pct,0
08275500,tile_pct,0
08294210,tile_pct,0
08316000,tile_pct,0
08377900,tile_pct,0
09024000,tile_pct,0
09025000,tile_pct,0
09026500,tile_pct,0
09032000,tile_pct,0
09034900,tile_pct,0
09035700,tile_pct,0
09035900,tile_pct,0
09036000,tile_pct,0
09046600,tile_pct,0
09047700,tile_pct,0
09050100,tile_pct,0
09063900,tile_pct,0
09066200,tile_pct,0
09066300,tile_pct,0
09067000,tile_pct,0
09073300,tile_pct,0
09073400,tile_pct,0
09081600,tile_pct,0
09126000,tile_pct,0
09146200,tile_pct,0
09261700,tile_pct,0
09266500,tile_pct,0
09306242,tile_pct,0
09310700,tile_pct,0
09312600,tile_pct,0
09337000,tile_pct,0
09352900,tile_pct,0
09378630,tile_pct,0
09403600,tile_pct,2.6694903942837313e-5
09404450,tile_pct,0
09408000,tile_pct,0
09408400,tile_pct,0
09423350,tile_pct,0
09430600,tile_pct,0
09480000,tile_pct,0
09492400,tile_pct,0
09497980,tile_pct,0
09508300,tile_pct,0
09513780,tile_pct,0
09513860,tile_pct,0
10134500,tile_pct,0.00136939813398592
10146400,tile_pct,0
10172700,tile_pct,0
10172800,tile_pct,0
10172952,tile_pct,0
10173450,tile_pct,0
10215900,tile_pct,0
10244950,tile_pct,0
10249280,tile_pct,0
10249300,tile_pct,0
10258000,tile_pct,0
10259000,tile_pct,0
10259200,tile_pct,0
10311100,tile_pct,0
10311200,tile_pct,0
10336645,tile_pct,0
10336660,tile_pct,0
10336676,tile_pct,0
10336698,tile_pct,0
10336780,tile_pct,0
10343500,tile_pct,0
10348460,tile_pct,0
10349300,tile_pct,2.044979320146625e-5
11023340,tile_pct,0
11055500,tile_pct,0
11055800,tile_pct,0
11058500,tile_pct,0
11063680,tile_pct,0
11073360,tile_pct,0
11075800,tile_pct,0
11098000,tile_pct,0
11101250,tile_pct,5.583409727959679e-4
11102300,tile_pct,4.086591864665242e-4
11119500,tile_pct,0
11119750,tile_pct,0
11119940,tile_pct,0
11120000,tile_pct,0
11120500,tile_pct,0
11141280,tile_pct,0
11159200,tile_pct,0
11160000,tile_pct,0
11162500,tile_pct,0
11162630,tile_pct,0
11169500,tile_pct,0
11180825,tile_pct,0
11180960,tile_pct,0
11181008,tile_pct,0
11182500,tile_pct,0
11200800,tile_pct,0
11208000,tile_pct,0
11230500,tile_pct,0
11237500,tile_pct,0
11284400,tile_pct,0
11315000,tile_pct,0
11316800,tile_pct,0
11376025,tile_pct,0
11381500,tile_pct,0
11409400,tile_pct,0
11421790,tile_pct,0
11427700,tile_pct,0
11427750,tile_pct,0
11435100,tile_pct,0
11436000,tile_pct,0
11449500,tile_pct,0
11459500,tile_pct,0
11463170,tile_pct,0
11475560,tile_pct,0
11476600,tile_pct,0
12010000,tile_pct,0
12025700,tile_pct,0
12026150,tile_pct,0
12026400,tile_pct,0
12035400,tile_pct,0
12054000,tile_pct,0
12056500,tile_pct,0
12091100,tile_pct,0
12091200,tile_pct,0
12099600,tile_pct,0
12108500,tile_pct,5.493956647687544e-4
12115000,tile_pct,0
12115500,tile_pct,0
12121600,tile_pct,0
12143400,tile_pct,0
12143700,tile_pct,0
12143900,tile_pct,0
12147600,tile_pct,0
12178100,tile_pct,0
12330000,tile_pct,0
12447390,tile_pct,0
13018300,tile_pct,0
13083000,tile_pct,0
13240000,tile_pct,0
13297330,tile_pct,0
13346800,tile_pct,0.04642843330626136
14015000,tile_pct,0
14138800,tile_pct,0
14138850,tile_pct,0
14138870,tile_pct,0
14138900,tile_pct,0
14139800,tile_pct,0
14158790,tile_pct,0
14182500,tile_pct,0
14211500,tile_pct,2.0716264857446203e-4
14219800,tile_pct,0
14309500,tile_pct,0
14314500,tile_pct,0
01059000,tile_pct,4.830747730586007e-4
01094500,tile_pct,4.823156260680416e-4
01109060,tile_pct,1.780763704797944e-4
01111500,tile_pct,1.1285620238878962e-5
01112500,tile_pct,6.912771602197371e-4
01117500,tile_pct,0
01122500,tile_pct,9.237306401453336e-5
01135500,tile_pct,0.00155949244304262
01166500,tile_pct,1.6979456713055532e-4
01176000,tile_pct,5.427051194413139e-4
01183500,tile_pct,3.605240077789988e-4
01197500,tile_pct,1.221338244741528e-6
01199000,tile_pct,7.143656253155024e-4
01200500,tile_pct,0.00108442696212526
01332500,tile_pct,2.1787560392393964e-5
01334500,tile_pct,0.00351284487610229
01350355,tile_pct,1.9527162594358595e-4
01351500,tile_pct,0.00676266796974215
01357500,tile_pct,0.01538799253216879
01381900,tile_pct,9.871034928657096e-7
01400000,tile_pct,0.00113142424717836
01402000,tile_pct,0.00605683324071303
01427510,tile_pct,7.616435907359037e-4
01428500,tile_pct,7.695094642808789e-4
01437500,tile_pct,6.198084003195957e-5
01442500,tile_pct,2.6711768120694874e-4
01447720,tile_pct,0
01447800,tile_pct,0
01451000,tile_pct,7.242249738083687e-4
01473000,tile_pct,0.00687805059801035
01480700,tile_pct,0.00596288863716081
01480870,tile_pct,0.0046875
01481500,tile_pct,0.00672519452502838
01524500,tile_pct,0.03632528811565448
01534500,tile_pct,2.722940776038121e-4
01536000,tile_pct,1.7421909918355536e-4
01558000,tile_pct,0.00101078377989322
01559000,tile_pct,0.00392228877686398
01568000,tile_pct,0.01246173185432913
01591610,tile_pct,0.00427811675820588
01592500,tile_pct,0.00347749246283397
01594440,tile_pct,0.00215194342445798
01597500,tile_pct,1.358845111069411e-4
01603000,tile_pct,4.0177382152613094e-4
01616500,tile_pct,0.00377074385222746
01633000,tile_pct,0.00132035427125423
01634000,tile_pct,0.00125699750355077
01667500,tile_pct,0.00508513918686718
01668000,tile_pct,0.00403563682831445
02016000,tile_pct,2.4316857661573887e-4
02016500,tile_pct,1.3448697759820387e-4
02019500,tile_pct,1.9354039316586997e-4
02021500,tile_pct,1.3784424231965553e-4
02024000,tile_pct,8.517212268213979e-5
02077303,tile_pct,2.1249793876999392e-4
02094500,tile_pct,0
02236000,tile_pct,0.00877226867443224
02304500,tile_pct,0.00125831426244568
02312500,tile_pct,1.2482204885826546e-4
02312720,tile_pct,1.4628754225207982e-4
02313000,tile_pct,1.725173596776747e-4
02313230,tile_pct,3.558292628483252e-4
02331600,tile_pct,2.5045250972007287e-4
02382200,tile_pct,3.5206796643233944e-4
03015000,tile_pct,0.01165256017975157
03016000,tile_pct,0.00490815713572469
03024000,tile_pct,0.0328225758510432
03053500,tile_pct,1.244425742421832e-4
03079000,tile_pct,0.02820130222463375
03081000,tile_pct,0.01670700699933743
03118500,tile_pct,0.0986277957699086
03157500,tile_pct,0.11255164959712376
03159500,tile_pct,0.05553051956504601
03302800,tile_pct,0.01562440623946553
03327500,tile_pct,0.5127787544663353
03335500,tile_pct,0.4895477596226749
03341300,tile_pct,0.3184637091228282
03360000,tile_pct,0.24620908501054625
03360500,tile_pct,0.2405748453799378
03362500,tile_pct,0.4776221494789242
03363900,tile_pct,0.475584324046442
03364000,tile_pct,0.43574566138359994
03365500,tile_pct,0.4207603314512494
04087120,tile_pct,0.02168787388686451
04087240,tile_pct,0.2609546201482393
04099750,tile_pct,0.17983905954259433
04121500,tile_pct,0.01036652044394726
04136500,tile_pct,8.487452859866601e-4
04146063,tile_pct,0.04094736069117229
04147500,tile_pct,0.08564797253421971
04148500,tile_pct,0.06262641846404543
04164500,tile_pct,0.11754008320029095
04166500,tile_pct,3.761342799379379e-5
04286000,tile_pct,9.938066739288752e-4
04290500,tile_pct,0.00167089862952798
05517000,tile_pct,0.3430452128293409
05517500,tile_pct,0.207606025556076
05517530,tile_pct,0.20889590762352217
05518000,tile_pct,0.2190851959161958
05529000,tile_pct,0.11050501194949026
05531500,tile_pct,9.328873477153466e-4
05536290,tile_pct,0.06676498877845463
05540500,tile_pct,0.04735345710237797
05569500,tile_pct,0.5101683759380434
05591200,tile_pct,0.6684954083000519
06410500,tile_pct,0
06421500,tile_pct,0
06470878,tile_pct,0.00345855104206968
06471000,tile_pct,0.0034847705612337
06893500,tile_pct,6.1993368588148e-5
07106300,tile_pct,0.00104696233635843
07196500,tile_pct,2.56100965244538e-6
08084000,tile_pct,0.00149338750246271
08085500,tile_pct,0.0010658024354103
08167000,tile_pct,6.111033346835414e-5
08167500,tile_pct,3.232083048945533e-4
08172000,tile_pct,0.0016966957170924
08186000,tile_pct,0.00311495374975405
08276300,tile_pct,1.875954324119812e-4
09085000,tile_pct,0
09147500,tile_pct,1.9817938175774273e-4
09149500,tile_pct,0.00273947994790497
09354500,tile_pct,2.0148175822856171e-4
10136500,tile_pct,5.440637300148713e-4
10141000,tile_pct,0.0010894394129171
10183500,tile_pct,5.376265558928066e-5
10349980,tile_pct,1.007295086386194e-4
11234760,tile_pct,0
11317000,tile_pct,0
11376550,tile_pct,0
11439500,tile_pct,0
12027500,tile_pct,9.233970205879334e-4
12031000,tile_pct,8.610074267903183e-4
12036000,tile_pct,0
12037400,tile_pct,0
12113000,tile_pct,1.612630931773113e-4
12119000,tile_pct,0
12149000,tile_pct,3.4766378555867e-4
14018500,tile_pct,2.328929849410517e-4
14140000,tile_pct,0
14158850,tile_pct,0
14310000,tile_pct,0
14316500,tile_pct,0
01073500,tile_pct,4.42711599043895e-4
01097000,tile_pct,6.71409303047303e-4
01101500,tile_pct,3.085086690936015e-5
01102000,tile_pct,4.0603869774366553e-4
01103500,tile_pct,9.06912943914992e-5
01104200,tile_pct,7.823144773813326e-5
01104500,tile_pct,1.3810724027207125e-4
01105500,tile_pct,0
01116000,tile_pct,0
01117800,tile_pct,1.0775756507087508e-4
01118000,tile_pct,5.080854876927838e-5
01119500,tile_pct,1.418262684941454e-5
01162000,tile_pct,1.007379051552623e-4
01169000,tile_pct,7.365854225868105e-5
01173500,tile_pct,6.77916222167335e-4
01185500,tile_pct,7.520663021651989e-6
01186500,tile_pct,4.025683863046235e-6
01193500,tile_pct,3.9534937353597185e-5
01209700,tile_pct,1.1506950197919545e-5
01378500,tile_pct,0
01381000,tile_pct,0
01387400,tile_pct,0
01387420,tile_pct,0
01388000,tile_pct,0
01407500,tile_pct,0.01003994990519768
01408120,tile_pct,0.00533731853116994
01408500,tile_pct,1.6823876445451386e-5
01409400,tile_pct,7.643214736118011e-4
01420500,tile_pct,7.433902598720797e-5
01439500,tile_pct,0
01447500,tile_pct,0
01465500,tile_pct,0.00381031762569582
01467000,tile_pct,0.00416597602077462
01470779,tile_pct,0.01609240153137369
01472000,tile_pct,0.00712084505366156
01477000,tile_pct,6.816206667386156e-5
01480000,tile_pct,6.107580670961362e-4
01516350,tile_pct,0.00234548866988605
01539000,tile_pct,0.00153326652155318
01544500,tile_pct,7.438131138034064e-4
01545000,tile_pct,4.371821167320711e-4
01546500,tile_pct,0.00168412650902923
01547100,tile_pct,0.00163672720975963
01547200,tile_pct,0.00118683490481455
01574000,tile_pct,0.04638262964298008
01576500,tile_pct,0.00888976921717996
01582000,tile_pct,9.165374113907012e-4
01582500,tile_pct,0.00205522275369561
01583500,tile_pct,6.701491511444086e-4
01634500,tile_pct,0
01649500,tile_pct,9.3603595898547e-4
01656000,tile_pct,0.0131069076144539
01671100,tile_pct,4.98212862248965e-4
02039000,tile_pct,6.935774726036899e-5
02056000,tile_pct,2.127809521744316e-4
02056900,tile_pct,0.00394910837708737
02077670,tile_pct,2.5966775510734015e-5
02111180,tile_pct,0
02111500,tile_pct,0
02147500,tile_pct,0
02231600,tile_pct,0
02232000,tile_pct,0.01510437746558542
02232400,tile_pct,0.01174805232377921
02232500,tile_pct,0.00972297321298185
02234000,tile_pct,0.00745181444730785
02262900,tile_pct,0
02270500,tile_pct,0.00118264576839123
02302500,tile_pct,7.902261884634328e-4
02303000,tile_pct,7.034109642374866e-4
02303330,tile_pct,0.00102086587987811
02310947,tile_pct,1.7784738488517814e-4
02312000,tile_pct,1.013228846559892e-4
02324000,tile_pct,0
02338660,tile_pct,0
02479130,tile_pct,0.00106474319269323
02479300,tile_pct,3.845729086792074e-4
03028000,tile_pct,0.00370372423887912
03080000,tile_pct,0.02697729354068418
03117000,tile_pct,0.1348407749682596
03117500,tile_pct,0.05688568389925034
03139000,tile_pct,0.18408242351976747
03170000,tile_pct,8.179428455385449e-4
03275600,tile_pct,0.2505615792037538
03294000,tile_pct,0.01237384641281039
03298000,tile_pct,0.00317409538281589
03298500,tile_pct,0.00738337268525691
03303000,tile_pct,0.01100364360024416
03347000,tile_pct,0.39464270419961744
03349000,tile_pct,0.443452548817834
03351000,tile_pct,0.4383563733665544
03353200,tile_pct,0.4457283347590719
03361500,tile_pct,0.43860707986929626
03366500,tile_pct,0.03129425646760234
03612000,tile_pct,0.00457050050169214
04024430,tile_pct,3.187871627367385e-4
04093000,tile_pct,0.0562821020461656
04096405,tile_pct,0.09526620115643944
04097540,tile_pct,0.09550119981448246
04099000,tile_pct,0.07022440091472722
04100222,tile_pct,0.24403392615503575
04100500,tile_pct,0.34503460160867233
04108600,tile_pct,0.1025167172000556
04127997,tile_pct,1.7078917453735415e-4
04166100,tile_pct,1.5926927257741482e-5
05431486,tile_pct,0.0892905618988797
05451700,tile_pct,0.531329851113394
05452000,tile_pct,0.6003896135408037
05452200,tile_pct,0.4456732975907968
05453000,tile_pct,0.4394395763191059
05466500,tile_pct,0.4157791181950616
05469000,tile_pct,0.4327401743941461
05515500,tile_pct,0.13539826192757923
05527800,tile_pct,0.24465717268411827
05532500,tile_pct,0.06501215429119718
05536195,tile_pct,0.0744340197733977
05543830,tile_pct,0.01402588222500136
05548280,tile_pct,0.16563822221583685
05579500,tile_pct,0.43823023651194715
05580000,tile_pct,0.49652287272942
05587900,tile_pct,0.12055551730581976
05591700,tile_pct,0.7153088063825107
05592050,tile_pct,0.24484923076923076
06803000,tile_pct,0.11586827893144432
06803530,tile_pct,0.06430583036062448
06804000,tile_pct,0.04004201987863489
06893080,tile_pct,2.3486093959528155e-4
07195500,tile_pct,3.853490298838173e-6
07196900,tile_pct,0
07197000,tile_pct,0
08012000,tile_pct,0.01201592978383947
08025500,tile_pct,0
08068500,tile_pct,0.00143284400682143
08070000,tile_pct,0
08164450,tile_pct,0.00137297465737136
08200000,tile_pct,0
08265000,tile_pct,0
08291000,tile_pct,0
09497800,tile_pct,0
09512280,tile_pct,0
11065000,tile_pct,0
11097000,tile_pct,8.81630881495246e-5
11160500,tile_pct,0
11230215,tile_pct,0
12332000,tile_pct,0
13239000,tile_pct,0
